date,product_id,warehouse_id,units_sold,demand_zscore,anomaly_type
2025-12-28,P0005,W004,22,3.007034350037743,SPIKE
2025-12-28,P0055,W006,72,3.3951088717969498,SPIKE
2025-12-28,P0045,W006,86,3.2263880021671922,SPIKE
2025-12-28,P0036,W001,21,3.196860357062571,SPIKE
2025-12-28,P0006,W004,12,3.4441021854343004,SPIKE
2025-12-28,P0009,W002,22,3.106744269526628,SPIKE
2025-12-28,P0030,W006,40,4.002138148022455,SPIKE
2025-12-28,P0008,W001,29,3.020293438129484,SPIKE
2025-12-28,P0023,W003,44,3.066164593153089,SPIKE
2025-12-27,P0059,W003,28,3.0680119758417974,SPIKE
2025-12-27,P0058,W004,84,3.2122813551856297,SPIKE
2025-12-27,P0027,W004,25,3.3089407143681835,SPIKE
2025-12-27,P0015,W005,15,3.2334379602569117,SPIKE
2025-12-27,P0052,W003,55,3.069883995677851,SPIKE
2025-12-27,P0033,W006,92,3.1322657973533663,SPIKE
2025-12-27,P0037,W003,44,3.509300983153741,SPIKE
2025-12-27,P0025,W005,77,3.3517269090458255,SPIKE
2025-12-27,P0060,W006,86,3.2249512490897656,SPIKE
2025-12-25,P0024,W004,114,3.218005558694766,SPIKE
2025-12-25,P0048,W003,65,4.660050881814439,SPIKE
2025-12-25,P0016,W004,27,4.519186011071466,SPIKE
2025-12-25,P0051,W002,31,3.694669674975987,SPIKE
2025-12-25,P0040,W005,89,4.129411137299383,SPIKE
2025-12-25,P0051,W001,66,5.447379380074543,SPIKE
2025-12-25,P0016,W005,26,4.3954110089752705,SPIKE
2025-12-25,P0032,W004,53,3.465298885999846,SPIKE
2025-12-25,P0050,W005,59,3.3773511561242207,SPIKE
2025-12-25,P0016,W006,25,3.4430698119163274,SPIKE
2025-12-25,P0032,W005,56,3.9409085139378597,SPIKE
2025-12-25,P0050,W003,78,4.702840622174238,SPIKE
2025-12-25,P0017,W001,21,4.355740989089298,SPIKE
2025-12-25,P0022,W001,19,3.192703475383778,SPIKE
2025-12-25,P0003,W003,16,5.588326137385837,SPIKE
2025-12-25,P0032,W006,32,4.217774699672982,SPIKE
2025-12-25,P0049,W005,44,3.579386182647394,SPIKE
2025-12-25,P0049,W004,50,3.7665672857798205,SPIKE
2025-12-25,P0003,W004,31,3.772457535064531,SPIKE
2025-12-25,P0021,W005,66,4.394354292765789,SPIKE
2025-12-25,P0017,W002,58,4.334392289784038,SPIKE
2025-12-25,P0049,W003,56,3.4694443974085565,SPIKE
2025-12-25,P0049,W002,41,4.316789520633922,SPIKE
2025-12-25,P0033,W003,75,3.1059919008299994,SPIKE
2025-12-25,P0007,W001,17,3.157408869505289,SPIKE
2025-12-25,P0017,W003,56,6.661890016265097,SPIKE
2025-12-25,P0048,W005,86,3.149167406410672,SPIKE
2025-12-25,P0051,W003,76,3.151497736711217,SPIKE
2025-12-25,P0032,W002,62,4.60366502345203,SPIKE
2025-12-25,P0032,W001,37,3.9749182467771,SPIKE
2025-12-25,P0053,W002,24,3.2727777494233363,SPIKE
2025-12-25,P0002,W004,52,3.9764125785971176,SPIKE
2025-12-25,P0053,W005,20,3.330039861814079,SPIKE
2025-12-25,P0011,W004,23,4.839143794257263,SPIKE
2025-12-25,P0030,W005,24,4.255852523496863,SPIKE
2025-12-25,P0053,W004,22,3.486625505482667,SPIKE
2025-12-25,P0001,W001,23,4.680191631700076,SPIKE
2025-12-25,P0009,W004,41,3.3726644493762046,SPIKE
2025-12-25,P0015,W004,40,4.021052368353294,SPIKE
2025-12-25,P0022,W006,16,3.8555557417211506,SPIKE
2025-12-25,P0009,W001,17,3.028784580658736,SPIKE
2025-12-25,P0031,W001,107,3.1112779018570897,SPIKE
2025-12-25,P0016,W001,27,4.057851097713654,SPIKE
2025-12-25,P0052,W001,67,3.729792486740436,SPIKE
2025-12-25,P0053,W001,38,5.799975544091347,SPIKE
2025-12-25,P0011,W003,46,3.642104075048945,SPIKE
2025-12-25,P0052,W006,104,4.6497437269381665,SPIKE
2025-12-25,P0031,W003,75,3.279366716694091,SPIKE
2025-12-25,P0016,W002,18,3.087713518147651,SPIKE
2025-12-25,P0022,W004,13,3.5993062673630347,SPIKE
2025-12-25,P0031,W004,96,3.7270482870071233,SPIKE
2025-12-25,P0052,W005,40,4.992396589805541,SPIKE
2025-12-25,P0007,W004,42,3.0343941297205395,SPIKE
2025-12-25,P0052,W004,80,3.1822400169782425,SPIKE
2025-12-25,P0031,W006,56,3.0763241188581776,SPIKE
2025-12-25,P0024,W005,67,4.0845077304278625,SPIKE
2025-12-25,P0003,W006,28,3.691594893895565,SPIKE
2025-12-25,P0014,W004,67,5.311022709249047,SPIKE
2025-12-25,P0048,W002,149,4.983801561611844,SPIKE
2025-12-25,P0037,W001,72,5.050822706289205,SPIKE
2025-12-25,P0044,W005,19,3.7196328599383435,SPIKE
2025-12-25,P0010,W001,122,3.9685372953366973,SPIKE
2025-12-25,P0004,W006,73,3.246969818049107,SPIKE
2025-12-25,P0037,W005,33,3.19577024339844,SPIKE
2025-12-25,P0006,W002,29,5.212135533813728,SPIKE
2025-12-25,P0043,W006,46,4.762233592242434,SPIKE
2025-12-25,P0043,W004,53,4.133608909505416,SPIKE
2025-12-25,P0020,W004,71,3.464063699628478,SPIKE
2025-12-25,P0043,W003,61,4.352236723248142,SPIKE
2025-12-25,P0043,W001,64,5.283921057629101,SPIKE
2025-12-25,P0042,W006,78,3.4019538967281915,SPIKE
2025-12-25,P0005,W002,16,3.307100633568771,SPIKE
2025-12-25,P0010,W004,85,3.0417593385081334,SPIKE
2025-12-25,P0005,W006,15,3.6026604769895743,SPIKE
2025-12-25,P0041,W006,63,3.534762019728528,SPIKE
2025-12-25,P0039,W004,73,3.4266085672802062,SPIKE
2025-12-25,P0005,W003,24,3.1242421824513786,SPIKE
2025-12-25,P0039,W005,124,5.104787085066435,SPIKE
2025-12-25,P0039,W006,73,3.0090958710900404,SPIKE
2025-12-25,P0041,W003,43,3.085671903738582,SPIKE
2025-12-25,P0040,W001,107,3.9110245934232144,SPIKE
2025-12-25,P0005,W005,15,4.0708019567928595,SPIKE
2025-12-25,P0010,W003,138,4.0426702813992765,SPIKE
2025-12-25,P0005,W004,23,3.9017733185642474,SPIKE
2025-12-25,P0006,W003,27,3.0391462691186177,SPIKE
2025-12-25,P0036,W005,25,3.288287636948848,SPIKE
2025-12-25,P0020,W006,102,3.562143588066008,SPIKE
2025-12-25,P0046,W006,51,5.395342465401449,SPIKE
2025-12-25,P0034,W002,10,5.094722597660003,SPIKE
2025-12-25,P0048,W001,58,3.889829952763841,SPIKE
2025-12-25,P0034,W003,8,4.358454316728299,SPIKE
2025-12-25,P0034,W004,15,3.2290813387300847,SPIKE
2025-12-25,P0010,W006,120,5.422434257257848,SPIKE
2025-12-25,P0004,W001,54,3.7118584911427064,SPIKE
2025-12-25,P0035,W001,15,3.6265803643611907,SPIKE
2025-12-25,P0035,W002,13,4.501946585273212,SPIKE
2025-12-25,P0004,W002,107,3.2741483813109893,SPIKE
2025-12-25,P0017,W004,25,3.0531134036250407,SPIKE
2025-12-25,P0006,W005,26,3.344030544950292,SPIKE
2025-12-25,P0046,W005,68,5.515223205013497,SPIKE
2025-12-25,P0045,W005,119,4.2344143255742415,SPIKE
2025-12-25,P0035,W005,10,3.0295250416561856,SPIKE
2025-12-25,P0021,W001,63,3.2810247671014197,SPIKE
2025-12-25,P0046,W004,31,3.080007727659837,SPIKE
2025-12-25,P0025,W002,44,3.8604325375693933,SPIKE
2025-12-25,P0046,W003,50,4.173289365695651,SPIKE
2025-12-25,P0006,W004,11,3.109126351029525,SPIKE
2025-12-25,P0046,W002,65,3.3601155779449132,SPIKE
2025-12-25,P0017,W006,38,5.080860324236437,SPIKE
2025-12-25,P0004,W004,90,3.2442347482349145,SPIKE
2025-12-25,P0060,W005,63,4.115268990162488,SPIKE
2025-12-25,P0046,W001,33,3.7959494826457525,SPIKE
2025-12-25,P0030,W003,43,4.8669584225686195,SPIKE
2025-12-25,P0022,W002,17,3.7522471184526283,SPIKE
2025-12-25,P0060,W003,62,4.355895912565297,SPIKE
2025-12-25,P0026,W001,7,3.4912864634929774,SPIKE
2025-12-25,P0055,W002,59,3.07788957023662,SPIKE
2025-12-25,P0002,W002,35,3.6661535123538878,SPIKE
2025-12-25,P0013,W005,58,3.2810350711920826,SPIKE
2025-12-25,P0056,W006,38,4.253828575423084,SPIKE
2025-12-25,P0011,W005,20,3.3835095623791553,SPIKE
2025-12-25,P0024,W003,76,3.4510978350484676,SPIKE
2025-12-25,P0026,W002,10,3.1306005919003046,SPIKE
2025-12-25,P0028,W001,22,4.812487894628717,SPIKE
2025-12-25,P0029,W002,73,3.638042325041694,SPIKE
2025-12-25,P0060,W002,65,4.422852391166651,SPIKE
2025-12-25,P0058,W006,85,3.1089955148163657,SPIKE
2025-12-25,P0023,W003,41,3.1363802857018195,SPIKE
2025-12-25,P0059,W003,30,3.3908819672849058,SPIKE
2025-12-25,P0029,W001,71,4.609734135424555,SPIKE
2025-12-25,P0001,W006,26,3.840712429360213,SPIKE
2025-12-25,P0008,W006,80,3.298169702592176,SPIKE
2025-12-25,P0028,W006,16,3.4154027783671452,SPIKE
2025-12-25,P0028,W002,12,4.715696283952259,SPIKE
2025-12-25,P0008,W003,46,4.26035077511169,SPIKE
2025-12-25,P0056,W004,32,3.4086729787238563,SPIKE
2025-12-25,P0059,W001,57,4.301488675220958,SPIKE
2025-12-25,P0059,W002,39,4.671636681782127,SPIKE
2025-12-25,P0028,W003,25,5.803685448558519,SPIKE
2025-12-25,P0008,W002,69,3.2485841748559228,SPIKE
2025-12-25,P0056,W002,50,4.632003822851993,SPIKE
2025-12-25,P0058,W003,56,4.507567900964928,SPIKE
2025-12-25,P0013,W006,42,4.0439436742730805,SPIKE
2025-12-25,P0012,W001,39,4.099502649382764,SPIKE
2025-12-25,P0028,W005,21,3.1284056402710303,SPIKE
2025-12-25,P0009,W003,40,5.071893350789819,SPIKE
2025-12-25,P0028,W004,25,4.690286012795139,SPIKE
2025-12-25,P0023,W001,78,3.300254631669512,SPIKE
2025-12-25,P0029,W003,81,3.93424381732942,SPIKE
2025-12-25,P0054,W002,133,3.932764312195941,SPIKE
2025-12-25,P0057,W004,99,3.0128230281557657,SPIKE
2025-12-25,P0013,W004,127,8.220117113233421,SPIKE
2025-12-25,P0027,W001,20,3.4974678487636015,SPIKE
2025-12-25,P0014,W003,54,5.205659774185928,SPIKE
2025-12-25,P0025,W004,84,3.984915878741223,SPIKE
2025-12-25,P0030,W001,21,4.056841355468484,SPIKE
2025-12-25,P0058,W001,94,3.0019242241088007,SPIKE
2025-12-25,P0057,W003,58,3.1522083899812388,SPIKE
2025-12-25,P0011,W006,41,3.5888180714551012,SPIKE
2025-12-25,P0024,W002,58,5.794567292557189,SPIKE
2025-12-25,P0026,W006,14,3.444630634018793,SPIKE
2025-12-25,P0030,W002,49,4.898397783962117,SPIKE
2025-12-25,P0054,W001,70,3.24213355112009,SPIKE
2025-12-25,P0059,W006,26,4.220035029732986,SPIKE
2025-12-25,P0023,W002,134,4.585717948896331,SPIKE
2025-12-25,P0001,W005,19,3.2561869369682888,SPIKE
2025-12-25,P0012,W005,36,4.110238211373557,SPIKE
2025-12-25,P0029,W004,57,3.525792802896074,SPIKE
2025-12-25,P0025,W003,78,3.2187306279071772,SPIKE
2025-12-25,P0001,W002,49,3.281024767101441,SPIKE
2025-12-25,P0012,W004,28,3.0414719917138404,SPIKE
2025-12-25,P0059,W005,53,3.31922708560897,SPIKE
2025-12-25,P0027,W004,24,3.029487365260792,SPIKE
2025-12-25,P0058,W004,94,4.0058731467325135,SPIKE
2025-12-25,P0054,W005,78,3.4112019440483725,SPIKE
2025-12-25,P0013,W001,45,3.6230539198415226,SPIKE
2025-12-21,P0048,W006,63,3.7038944908611575,SPIKE
2025-12-21,P0031,W003,70,3.159937720949754,SPIKE
2025-12-21,P0015,W002,28,3.7477754455314325,SPIKE
2025-12-21,P0008,W006,73,3.0162365693428037,SPIKE
2025-12-21,P0056,W005,56,3.5752506650885136,SPIKE
2025-12-21,P0010,W006,87,3.200917077774355,SPIKE
2025-12-21,P0017,W001,17,3.1906946547448043,SPIKE
2025-12-20,P0024,W002,42,3.3229193508909662,SPIKE
2025-12-20,P0050,W002,60,3.055233059242994,SPIKE
2025-12-20,P0022,W004,11,3.1279565453395293,SPIKE
2025-12-14,P0048,W003,52,3.897260092558862,SPIKE
2025-12-14,P0021,W005,50,3.312348259059681,SPIKE
2025-12-14,P0044,W002,10,3.0327260181560516,SPIKE
2025-12-14,P0037,W006,23,3.3018981882501355,SPIKE
2025-12-14,P0049,W003,49,3.044239035349926,SPIKE
2025-12-13,P0039,W001,67,3.090210259604519,SPIKE
2025-12-13,P0048,W006,54,3.200761463046128,SPIKE
2025-12-13,P0016,W004,22,3.1706991868251895,SPIKE
2025-12-13,P0050,W002,56,3.004357844898929,SPIKE
2025-12-13,P0038,W004,46,3.099127419810817,SPIKE
2025-12-13,P0047,W005,69,3.9814016287755916,SPIKE
2025-12-07,P0047,W005,61,4.281899904364737,SPIKE
2025-12-07,P0018,W005,35,4.0243221891550744,SPIKE
2025-12-07,P0054,W004,111,3.633291078065366,SPIKE
2025-12-07,P0038,W006,51,3.066576816377969,SPIKE
2025-12-07,P0038,W003,46,3.017655501500921,SPIKE
2025-12-06,P0047,W004,45,3.2580725595611253,SPIKE
2025-12-06,P0018,W004,14,4.109208015576232,SPIKE
2025-12-06,P0038,W002,40,3.202130658799151,SPIKE
2025-12-06,P0018,W002,15,3.005870941275923,SPIKE
2025-12-04,P0018,W001,26,3.2224242096716145,SPIKE
2025-12-04,P0018,W004,12,3.9046336947994913,SPIKE
2025-12-03,P0018,W006,15,3.445024777654621,SPIKE
2025-12-03,P0018,W003,19,3.9147922149361887,SPIKE
2025-11-30,P0051,W002,25,3.150930173399908,SPIKE
2025-11-29,P0017,W001,15,3.136376007447652,SPIKE
2025-11-29,P0056,W005,50,3.6092694672933083,SPIKE
2025-11-29,P0003,W003,12,3.4830581374808793,SPIKE
2025-11-29,P0050,W005,48,3.684984210969789,SPIKE
2025-11-29,P0032,W004,43,3.046198880532536,SPIKE
2025-11-25,P0040,W001,90,3.96436433984574,SPIKE
2025-11-25,P0005,W005,14,4.681653054004129,SPIKE
2025-11-25,P0009,W002,27,5.083221767094513,SPIKE
2025-11-25,P0036,W006,51,4.5790872438088615,SPIKE
2025-11-25,P0024,W004,124,7.363191105256689,SPIKE
2025-11-25,P0025,W005,86,5.762337970309701,SPIKE
2025-11-25,P0006,W003,31,6.178475655919762,SPIKE
2025-11-25,P0026,W004,12,7.208934736276728,SPIKE
2025-11-25,P0020,W003,74,4.26424333873279,SPIKE
2025-11-25,P0036,W005,27,6.218252702059429,SPIKE
2025-11-25,P0010,W002,60,7.068291748133646,SPIKE
2025-11-25,P0008,W005,45,6.7985844520660486,SPIKE
2025-11-25,P0040,W005,82,5.613035973473309,SPIKE
2025-11-25,P0040,W004,72,6.8710611077715145,SPIKE
2025-11-25,P0040,W003,48,4.9020193298600505,SPIKE
2025-11-25,P0019,W004,203,7.4261351262935476,SPIKE
2025-11-25,P0040,W002,48,5.322676929791538,SPIKE
2025-11-25,P0021,W001,71,10.948379195948212,SPIKE
2025-11-25,P0019,W005,109,7.912609753391799,SPIKE
2025-11-25,P0025,W002,43,5.384826926554602,SPIKE
2025-11-25,P0036,W003,37,5.173826313176662,SPIKE
2025-11-25,P0024,W003,72,5.589971370479543,SPIKE
2025-11-25,P0037,W002,74,8.073294261732823,SPIKE
2025-11-25,P0026,W005,12,6.812075605666476,SPIKE
2025-11-25,P0036,W004,62,6.160511070236242,SPIKE
2025-11-25,P0020,W006,98,4.448571008920238,SPIKE
2025-11-25,P0010,W001,106,4.737685052752816,SPIKE
2025-11-25,P0037,W005,36,8.52837012134865,SPIKE
2025-11-25,P0039,W006,84,9.710860752582642,SPIKE
2025-11-25,P0039,W005,115,8.008208470757515,SPIKE
2025-11-25,P0006,W001,19,6.419665935750793,SPIKE
2025-11-25,P0038,W003,48,5.412255688093635,SPIKE
2025-11-25,P0038,W004,46,7.298565272458914,SPIKE
2025-11-25,P0025,W006,47,8.917707531322764,SPIKE
2025-11-25,P0038,W002,44,5.457198938564073,SPIKE
2025-11-25,P0020,W004,69,5.887961288151964,SPIKE
2025-11-25,P0020,W002,62,4.735352247753828,SPIKE
2025-11-25,P0038,W001,34,5.007516251603556,SPIKE
2025-11-25,P0026,W001,7,5.134112048758909,SPIKE
2025-11-25,P0038,W005,56,8.329751834539275,SPIKE
2025-11-25,P0008,W006,75,3.7665246773115277,SPIKE
2025-11-25,P0038,W006,57,5.6038652011174825,SPIKE
2025-11-25,P0037,W006,23,5.4022276481138425,SPIKE
2025-11-25,P0020,W005,101,7.844681351975124,SPIKE
2025-11-25,P0026,W002,10,4.738930418807,SPIKE
2025-11-25,P0006,W002,21,3.7584576927683035,SPIKE
2025-11-25,P0039,W001,75,7.669205752062303,SPIKE
2025-11-25,P0005,W006,15,3.3502999573055616,SPIKE
2025-11-25,P0020,W001,62,6.598045094830756,SPIKE
2025-11-25,P0039,W002,56,6.173524151978206,SPIKE
2025-11-25,P0019,W006,183,7.423340086941845,SPIKE
2025-11-25,P0026,W003,13,3.6584990617212183,SPIKE
2025-11-25,P0039,W003,59,5.474414950612546,SPIKE
2025-11-25,P0037,W004,61,6.724510594711155,SPIKE
2025-11-25,P0024,W006,117,9.028532743470114,SPIKE
2025-11-25,P0037,W003,60,7.466743960533931,SPIKE
2025-11-25,P0039,W004,79,8.9564744408299,SPIKE
2025-11-25,P0036,W002,36,7.444773306916991,SPIKE
2025-11-25,P0030,W003,39,6.279133683781463,SPIKE
2025-11-25,P0036,W001,23,4.930678532429821,SPIKE
2025-11-25,P0028,W006,16,4.452215041149594,SPIKE
2025-11-25,P0007,W004,41,3.8608057805923535,SPIKE
2025-11-25,P0025,W003,85,12.148281110716317,SPIKE
2025-11-25,P0031,W005,107,3.6886874304135335,SPIKE
2025-11-25,P0031,W006,55,4.998430258207194,SPIKE
2025-11-25,P0029,W002,67,4.537233900595746,SPIKE
2025-11-25,P0032,W001,37,7.300267151381718,SPIKE
2025-11-25,P0022,W003,17,5.128744495537017,SPIKE
2025-11-25,P0032,W002,46,4.455157800154281,SPIKE
2025-11-25,P0029,W001,63,7.043780651423592,SPIKE
2025-11-25,P0007,W003,18,3.715963340150197,SPIKE
2025-11-25,P0026,W006,12,3.3628647376985934,SPIKE
2025-11-25,P0009,W005,52,6.026595970315408,SPIKE
2025-11-25,P0008,W002,70,6.382429675312742,SPIKE
2025-11-25,P0032,W003,36,5.897336098275185,SPIKE
2025-11-25,P0032,W004,49,6.315035975120444,SPIKE
2025-11-25,P0009,W001,17,5.620673240170681,SPIKE
2025-11-25,P0025,W004,68,3.345828325811519,SPIKE
2025-11-25,P0028,W005,21,3.362864737698579,SPIKE
2025-11-25,P0023,W004,89,5.298960361158356,SPIKE
2025-11-25,P0022,W002,16,4.868250126447403,SPIKE
2025-11-25,P0023,W003,36,3.144562888373245,SPIKE
2025-11-25,P0022,W004,11,3.811056141034189,SPIKE
2025-11-25,P0031,W004,106,8.904879280484279,SPIKE
2025-11-25,P0029,W003,72,3.8904184083664632,SPIKE
2025-11-25,P0023,W001,70,3.69219719288422,SPIKE
2025-11-25,P0007,W006,21,5.8780230618391,SPIKE
2025-11-25,P0009,W004,40,6.582756107802684,SPIKE
2025-11-25,P0030,W004,17,4.474660595180115,SPIKE
2025-11-25,P0030,W005,20,4.736372884166651,SPIKE
2025-11-25,P0030,W002,39,5.80400486083191,SPIKE
2025-11-25,P0030,W006,40,5.855359703583251,SPIKE
2025-11-25,P0030,W001,17,4.209001459450524,SPIKE
2025-11-25,P0029,W006,86,7.671913305872959,SPIKE
2025-11-25,P0029,W005,105,4.790399247098512,SPIKE
2025-11-25,P0031,W001,125,8.314641337278546,SPIKE
2025-11-25,P0007,W005,36,7.628947803897444,SPIKE
2025-11-25,P0023,W002,109,5.347553775493638,SPIKE
2025-11-25,P0031,W002,106,5.711643506854186,SPIKE
2025-11-25,P0008,W001,41,10.30335117903892,SPIKE
2025-11-25,P0022,W006,14,4.5895767626834125,SPIKE
2025-11-25,P0022,W005,19,7.713949148776952,SPIKE
2025-11-25,P0031,W003,76,5.245659807017692,SPIKE
2025-11-25,P0029,W004,48,4.550606259728626,SPIKE
2025-11-25,P0028,W004,20,4.445812437221131,SPIKE
2025-11-25,P0032,W006,29,5.9033772730383545,SPIKE
2025-11-25,P0007,W002,47,7.465492905317343,SPIKE
2025-11-25,P0006,W006,22,5.773961508697482,SPIKE
2025-11-25,P0034,W005,16,7.524542238013289,SPIKE
2025-11-25,P0034,W006,16,7.399488797000211,SPIKE
2025-11-25,P0027,W004,24,5.112806629022376,SPIKE
2025-11-25,P0035,W001,15,6.741316015060406,SPIKE
2025-11-25,P0027,W003,32,5.000570464604574,SPIKE
2025-11-25,P0021,W004,37,3.719691193876291,SPIKE
2025-11-25,P0035,W002,11,5.770064087683053,SPIKE
2025-11-25,P0021,W003,47,6.88501769766222,SPIKE
2025-11-25,P0008,W004,35,5.02052185093173,SPIKE
2025-11-25,P0024,W001,62,7.3010482731026585,SPIKE
2025-11-25,P0006,W005,27,6.635989738919722,SPIKE
2025-11-25,P0035,W003,18,6.128953301206371,SPIKE
2025-11-25,P0027,W002,30,7.515538793147345,SPIKE
2025-11-25,P0035,W004,18,6.9662214782218514,SPIKE
2025-11-25,P0035,W005,11,7.593666315814783,SPIKE
2025-11-25,P0021,W002,79,7.3264444167711,SPIKE
2025-11-25,P0035,W006,22,7.070306759127543,SPIKE
2025-11-25,P0027,W001,21,5.71182982939784,SPIKE
2025-11-25,P0006,W004,10,3.494356352146754,SPIKE
2025-11-25,P0034,W004,18,10.680979980008123,SPIKE
2025-11-25,P0027,W005,33,6.499748969669511,SPIKE
2025-11-25,P0009,W003,32,4.95044972295135,SPIKE
2025-11-25,P0034,W003,6,5.24802895472225,SPIKE
2025-11-25,P0022,W001,22,8.27546070384492,SPIKE
2025-11-25,P0033,W001,48,8.173778511043452,SPIKE
2025-11-25,P0021,W006,73,9.259175016045457,SPIKE
2025-11-25,P0028,W003,21,3.7649494384489612,SPIKE
2025-11-25,P0033,W002,102,7.100675388986213,SPIKE
2025-11-25,P0023,W005,81,7.454133613779808,SPIKE
2025-11-25,P0008,W003,40,4.9148517335601065,SPIKE
2025-11-25,P0033,W003,80,6.244191298575441,SPIKE
2025-11-25,P0007,W001,16,4.77795657657313,SPIKE
2025-11-25,P0033,W004,80,5.483988406791802,SPIKE
2025-11-25,P0021,W005,47,5.061068193718515,SPIKE
2025-11-25,P0033,W005,111,9.296187984798554,SPIKE
2025-11-25,P0023,W006,102,7.158188079547511,SPIKE
2025-11-25,P0033,W006,82,4.17252832047494,SPIKE
2025-11-25,P0009,W006,25,7.412961191076452,SPIKE
2025-11-25,P0034,W001,23,7.123903424387421,SPIKE
2025-11-25,P0028,W001,18,3.57980232826898,SPIKE
2025-11-25,P0034,W002,8,6.6699617325070735,SPIKE
2025-11-25,P0027,W006,46,6.737861635903903,SPIKE
2025-11-25,P0032,W005,44,3.521077473896285,SPIKE
2025-11-25,P0042,W005,77,3.78849967403423,SPIKE
2025-11-25,P0011,W002,23,8.13241716782284,SPIKE
2025-11-25,P0049,W003,52,5.075718694822895,SPIKE
2025-11-25,P0017,W002,47,5.421428952950846,SPIKE
2025-11-25,P0049,W004,50,5.56946997447965,SPIKE
2025-11-25,P0003,W004,32,6.732965711777666,SPIKE
2025-11-25,P0049,W005,41,4.738217663436477,SPIKE
2025-11-25,P0049,W006,41,7.462080701911171,SPIKE
2025-11-25,P0011,W001,25,8.634041590278693,SPIKE
2025-11-25,P0050,W001,113,4.689743860702019,SPIKE
2025-11-25,P0057,W001,112,6.310708490800922,SPIKE
2025-11-25,P0050,W003,66,5.609750505032755,SPIKE
2025-11-25,P0050,W004,104,5.857455990920269,SPIKE
2025-11-25,P0050,W005,47,4.2543797198642395,SPIKE
2025-11-25,P0016,W006,24,6.134017060273637,SPIKE
2025-11-25,P0050,W006,107,6.781021290484551,SPIKE
2025-11-25,P0051,W001,55,5.213356631028823,SPIKE
2025-11-25,P0016,W005,22,5.064011666885619,SPIKE
2025-11-25,P0056,W006,35,5.093779897233886,SPIKE
2025-11-25,P0003,W002,29,6.943183146639823,SPIKE
2025-11-25,P0001,W006,26,8.145676804957924,SPIKE
2025-11-25,P0051,W004,61,4.735518916148932,SPIKE
2025-11-25,P0051,W005,58,12.279931321480937,SPIKE
2025-11-25,P0051,W006,61,8.347854219069108,SPIKE
2025-11-25,P0013,W005,65,10.696298279486967,SPIKE
2025-11-25,P0049,W002,40,6.362035564597313,SPIKE
2025-11-25,P0047,W002,28,4.364166122634002,SPIKE
2025-11-25,P0049,W001,56,4.093082032878193,SPIKE
2025-11-25,P0010,W006,75,3.068014563015083,SPIKE
2025-11-25,P0047,W004,45,5.246078413841252,SPIKE
2025-11-25,P0055,W004,98,7.227525776344528,SPIKE
2025-11-25,P0011,W006,44,6.704534461538576,SPIKE
2025-11-25,P0047,W005,53,5.225286706958598,SPIKE
2025-11-25,P0057,W006,73,5.676742461858757,SPIKE
2025-11-25,P0047,W006,24,5.02621991141842,SPIKE
2025-11-25,P0048,W001,54,3.7260440810459556,SPIKE
2025-11-25,P0057,W005,48,8.008291143044557,SPIKE
2025-11-25,P0048,W002,109,5.067653189339945,SPIKE
2025-11-25,P0048,W003,49,5.416567835495636,SPIKE
2025-11-25,P0003,W006,24,4.291260837851863,SPIKE
2025-11-25,P0048,W004,84,9.574121117467422,SPIKE
2025-11-25,P0048,W005,90,6.640257402845353,SPIKE
2025-11-25,P0017,W004,26,6.386257193103037,SPIKE
2025-11-25,P0057,W004,95,3.9397625700325865,SPIKE
2025-11-25,P0003,W005,32,5.811570815527382,SPIKE
2025-11-25,P0001,W005,15,3.2302042147677783,SPIKE
2025-11-25,P0057,W003,67,8.966707992020567,SPIKE
2025-11-25,P0017,W003,38,4.722564622087177,SPIKE
2025-11-25,P0057,W002,69,6.899742409140694,SPIKE
2025-11-25,P0003,W001,35,6.333283977014194,SPIKE
2025-11-25,P0052,W001,66,5.747423320763723,SPIKE
2025-11-25,P0052,W002,70,4.6952113474184465,SPIKE
2025-11-25,P0056,W005,46,3.1015680140602937,SPIKE
2025-11-25,P0002,W001,52,6.558044619533375,SPIKE
2025-11-25,P0053,W005,22,3.519233276422756,SPIKE
2025-11-25,P0002,W004,50,8.515268869598877,SPIKE
2025-11-25,P0014,W005,60,6.592132725853368,SPIKE
2025-11-25,P0053,W006,46,5.14332672514054,SPIKE
2025-11-25,P0054,W001,78,9.616088094052278,SPIKE
2025-11-25,P0014,W004,48,4.476374973170989,SPIKE
2025-11-25,P0054,W002,130,5.8133876070039845,SPIKE
2025-11-25,P0054,W003,49,7.144037710734232,SPIKE
2025-11-25,P0054,W004,103,4.047134917869054,SPIKE
2025-11-25,P0002,W003,41,5.827927062027017,SPIKE
2025-11-25,P0055,W006,81,5.8996141094067545,SPIKE
2025-11-25,P0011,W005,18,4.6166773874102836,SPIKE
2025-11-25,P0055,W005,108,5.14230875939954,SPIKE
2025-11-25,P0054,W005,71,3.8760265838519143,SPIKE
2025-11-25,P0054,W006,152,7.626678436145929,SPIKE
2025-11-25,P0055,W001,114,6.43807293496808,SPIKE
2025-11-25,P0055,W002,63,6.724464966588561,SPIKE
2025-11-25,P0002,W002,33,6.877248070942301,SPIKE
2025-11-25,P0014,W003,38,3.82274652865964,SPIKE
2025-11-25,P0014,W002,27,5.3102487532922655,SPIKE
2025-11-25,P0014,W006,27,7.02667214303827,SPIKE
2025-11-25,P0014,W001,40,5.968689021594883,SPIKE
2025-11-25,P0015,W001,16,9.367752906676506,SPIKE
2025-11-25,P0013,W006,37,4.362901412123448,SPIKE
2025-11-25,P0052,W003,57,5.3878371246294146,SPIKE
2025-11-25,P0052,W004,74,5.413833702390499,SPIKE
2025-11-25,P0016,W004,22,3.8833311840292204,SPIKE
2025-11-25,P0052,W005,31,3.6375481689185616,SPIKE
2025-11-25,P0056,W004,33,5.948705944766718,SPIKE
2025-11-25,P0002,W006,44,6.767086114737918,SPIKE
2025-11-25,P0016,W003,18,5.711060083446839,SPIKE
2025-11-25,P0016,W002,21,7.121801667910168,SPIKE
2025-11-25,P0052,W006,92,5.965376563678077,SPIKE
2025-11-25,P0011,W003,41,4.851337324328545,SPIKE
2025-11-25,P0011,W004,17,4.807747567004564,SPIKE
2025-11-25,P0016,W001,23,5.082551770450067,SPIKE
2025-11-25,P0056,W003,28,8.330693442591908,SPIKE
2025-11-25,P0002,W005,43,5.960387745923717,SPIKE
2025-11-25,P0056,W002,45,5.512922130664589,SPIKE
2025-11-25,P0015,W006,19,6.946020063278925,SPIKE
2025-11-25,P0015,W005,18,5.696983475784535,SPIKE
2025-11-25,P0015,W004,32,4.133072027231646,SPIKE
2025-11-25,P0015,W003,33,5.407939517902876,SPIKE
2025-11-25,P0056,W001,65,9.841287295696615,SPIKE
2025-11-25,P0047,W003,24,4.684759224704216,SPIKE
2025-11-25,P0004,W001,46,3.6365317248914217,SPIKE
2025-11-25,P0058,W001,97,4.066243089733041,SPIKE
2025-11-25,P0018,W006,14,3.807886552931912,SPIKE
2025-11-25,P0012,W005,35,6.812075605666483,SPIKE
2025-11-25,P0001,W002,44,5.009995808949449,SPIKE
2025-11-25,P0010,W004,96,9.228181687364403,SPIKE
2025-11-25,P0019,W001,96,4.947040636732592,SPIKE
2025-11-25,P0042,W003,55,3.1135827603826423,SPIKE
2025-11-25,P0005,W002,17,5.277433198426593,SPIKE
2025-11-25,P0059,W005,55,6.701779835882529,SPIKE
2025-11-25,P0059,W004,39,7.67579806405054,SPIKE
2025-11-25,P0059,W003,31,5.813193163508223,SPIKE
2025-11-25,P0018,W005,30,6.366369718716699,SPIKE
2025-11-25,P0044,W001,15,3.813553301933019,SPIKE
2025-11-25,P0025,W001,35,5.714803966453894,SPIKE
2025-11-25,P0012,W006,26,5.112881932003256,SPIKE
2025-11-25,P0042,W006,76,3.315583933936272,SPIKE
2025-11-25,P0043,W001,50,5.893400015499643,SPIKE
2025-11-25,P0043,W002,79,7.105215530837703,SPIKE
2025-11-25,P0043,W004,45,3.5374740626067416,SPIKE
2025-11-25,P0043,W005,57,7.160520886131738,SPIKE
2025-11-25,P0043,W006,42,7.504635370731032,SPIKE
2025-11-25,P0010,W005,127,8.797729157925163,SPIKE
2025-11-25,P0019,W002,86,5.85593466518536,SPIKE
2025-11-25,P0059,W006,24,4.861229023513164,SPIKE
2025-11-25,P0060,W001,57,8.531193774474765,SPIKE
2025-11-25,P0012,W001,37,6.062177826491052,SPIKE
2025-11-25,P0040,W006,115,12.079380578220102,SPIKE
2025-11-25,P0005,W004,21,3.1424439469121674,SPIKE
2025-11-25,P0060,W006,93,6.241727558350357,SPIKE
2025-11-25,P0012,W002,41,6.767583114104917,SPIKE
2025-11-25,P0060,W005,57,4.335302883809466,SPIKE
2025-11-25,P0010,W003,121,6.90751998745532,SPIKE
2025-11-25,P0012,W003,26,6.115123616256764,SPIKE
2025-11-25,P0012,W004,29,3.9759822923872723,SPIKE
2025-11-25,P0041,W001,73,6.207974556216683,SPIKE
2025-11-25,P0019,W003,78,6.385696685030433,SPIKE
2025-11-25,P0041,W002,61,6.106086534604386,SPIKE
2025-11-25,P0001,W001,20,5.936482210840816,SPIKE
2025-11-25,P0041,W003,49,8.042118705438035,SPIKE
2025-11-25,P0060,W004,76,4.381010259959319,SPIKE
2025-11-25,P0060,W003,58,6.6528617928193015,SPIKE
2025-11-25,P0041,W004,32,4.065802033524744,SPIKE
2025-11-25,P0060,W002,51,4.523782573722001,SPIKE
2025-11-25,P0041,W005,52,8.116559253799807,SPIKE
2025-11-25,P0005,W003,24,3.3627088725611727,SPIKE
2025-11-25,P0018,W004,12,6.377439254807783,SPIKE
2025-11-25,P0055,W003,55,4.449632933078072,SPIKE
2025-11-25,P0004,W006,75,6.300143977881911,SPIKE
2025-11-25,P0017,W006,34,6.627386368968004,SPIKE
2025-11-25,P0045,W005,115,7.246191745211923,SPIKE
2025-11-25,P0045,W006,112,8.988431437863099,SPIKE
2025-11-25,P0046,W001,33,8.040185795668652,SPIKE
2025-11-25,P0044,W002,10,4.672025776765032,SPIKE
2025-11-25,P0058,W004,95,6.749791966457944,SPIKE
2025-11-25,P0046,W002,68,5.4768328822548815,SPIKE
2025-11-25,P0004,W004,98,6.343369789586308,SPIKE
2025-11-25,P0046,W004,33,6.254055470398647,SPIKE
2025-11-25,P0013,W002,97,7.129069670530461,SPIKE
2025-11-25,P0013,W003,93,9.067682201902418,SPIKE
2025-11-25,P0045,W003,64,9.544186351263996,SPIKE
2025-11-25,P0004,W003,103,6.575406692065444,SPIKE
2025-11-25,P0017,W005,32,13.148400416367537,SPIKE
2025-11-25,P0001,W004,46,6.203482554093832,SPIKE
2025-11-25,P0058,W003,44,3.4986896340951605,SPIKE
2025-11-25,P0046,W005,49,4.861437172415129,SPIKE
2025-11-25,P0058,W002,138,16.81960579510609,SPIKE
2025-11-25,P0046,W006,41,6.406770347861916,SPIKE
2025-11-25,P0047,W001,44,7.382262563539718,SPIKE
2025-11-25,P0004,W002,119,6.75615649081321,SPIKE
2025-11-25,P0045,W004,67,4.666379507795487,SPIKE
2025-11-25,P0018,W001,26,5.083995004750743,SPIKE
2025-11-25,P0058,W005,80,6.027032906451207,SPIKE
2025-11-25,P0044,W004,15,12.404753690035495,SPIKE
2025-11-25,P0001,W003,25,7.69956172764653,SPIKE
2025-11-25,P0059,W001,51,6.833429492380962,SPIKE
2025-11-25,P0058,W006,92,6.724077593345929,SPIKE
2025-11-25,P0044,W005,20,7.722275850019886,SPIKE
2025-11-25,P0045,W001,123,6.720727455900715,SPIKE
2025-11-25,P0044,W006,12,6.823570261315686,SPIKE
2025-11-25,P0018,W002,16,6.726855166508228,SPIKE
2025-11-25,P0018,W003,20,7.343159898909379,SPIKE
2025-11-25,P0045,W002,55,6.774288050098057,SPIKE
2025-11-25,P0044,W003,19,8.25183590986649,SPIKE
2025-11-25,P0013,W001,40,4.202146578804016,SPIKE
2025-11-25,P0004,W005,127,8.756618957644827,SPIKE
2025-11-23,P0040,W004,49,3.6149765636245843,SPIKE
2025-11-23,P0047,W005,42,3.7494435024952217,SPIKE
2025-11-23,P0011,W005,15,3.8537663592278513,SPIKE
2025-11-23,P0019,W004,112,3.5030515346559197,SPIKE
2025-11-23,P0035,W003,12,3.0410576278760875,SPIKE
2025-11-23,P0043,W004,40,3.0369393347150813,SPIKE
2025-11-23,P0035,W002,8,3.082176146090528,SPIKE
2025-11-23,P0034,W006,11,4.749767796182158,SPIKE
2025-11-23,P0038,W001,28,4.621092394710495,SPIKE
2025-11-23,P0019,W003,47,3.5259982351900074,SPIKE
2025-11-23,P0019,W001,70,3.5335170977110972,SPIKE
2025-11-23,P0013,W006,31,3.6007788693014846,SPIKE
2025-11-23,P0019,W006,126,7.510562590014044,SPIKE
2025-11-23,P0015,W001,10,4.552800217655295,SPIKE
2025-11-23,P0003,W005,23,3.3175697481854454,SPIKE
2025-11-23,P0027,W005,23,3.512457138038143,SPIKE
2025-11-23,P0012,W005,23,3.4405958138602273,SPIKE
2025-11-23,P0016,W002,13,3.1749494077820053,SPIKE
2025-11-23,P0024,W004,84,4.838888431273016,SPIKE
2025-11-22,P0026,W001,5,3.1981029077742886,SPIKE
2025-11-22,P0026,W005,8,4.000955543359536,SPIKE
2025-11-22,P0058,W002,60,3.8192836720711343,SPIKE
2025-11-22,P0055,W005,78,3.054323048249106,SPIKE
2025-11-22,P0056,W006,27,3.6229013423507417,SPIKE
2025-11-22,P0014,W002,21,3.656025051068625,SPIKE
2025-11-22,P0040,W006,55,3.1318767395078524,SPIKE
2025-11-22,P0025,W001,25,3.0465291084547985,SPIKE
2025-11-22,P0019,W002,58,3.9705935630633014,SPIKE
2025-11-22,P0010,W004,53,3.388426027304807,SPIKE
2025-11-22,P0033,W004,61,3.9714198820249025,SPIKE
2025-11-22,P0003,W005,22,3.5618416718252446,SPIKE
2025-11-22,P0048,W002,84,3.059871756967762,SPIKE
2025-11-22,P0019,W003,46,4.53545493890096,SPIKE
2025-11-22,P0002,W005,31,3.658530407970435,SPIKE
2025-11-22,P0016,W005,17,3.408553797978542,SPIKE
2025-11-22,P0041,W005,30,3.3179470604346832,SPIKE
2025-11-22,P0044,W006,8,3.54403427902687,SPIKE
2025-11-22,P0019,W006,86,4.5970686157074505,SPIKE
2025-11-22,P0010,W002,41,4.449602455286336,SPIKE
2025-11-22,P0020,W006,76,3.1101455464049454,SPIKE
2025-11-22,P0041,W001,51,3.5612334281342566,SPIKE
2025-11-22,P0030,W003,25,3.163116794496551,SPIKE
2025-11-22,P0019,W005,69,4.961273779480616,SPIKE
2025-11-22,P0019,W001,65,3.8372629169676746,SPIKE
2025-11-22,P0035,W005,7,4.1458177574572295,SPIKE
2025-11-22,P0010,W003,81,3.045421493749811,SPIKE
2025-11-22,P0003,W003,11,4.095543296128572,SPIKE
2025-11-22,P0018,W002,11,3.811056141034337,SPIKE
2025-11-22,P0019,W004,99,3.0566961193207307,SPIKE
2025-11-22,P0016,W004,19,3.340713650012767,SPIKE
2025-11-21,P0019,W001,63,5.075809059103662,SPIKE
2025-11-21,P0019,W003,39,4.013010754925541,SPIKE
2025-11-16,P0057,W002,43,3.104603983034138,SPIKE
2025-11-16,P0033,W003,54,3.1706480614959274,SPIKE
2025-11-16,P0008,W006,61,3.149302781768718,SPIKE
2025-11-16,P0020,W003,67,4.2574199893119795,SPIKE
2025-11-16,P0059,W001,35,4.519049036207299,SPIKE
2025-11-16,P0006,W003,21,5.329685662764108,SPIKE
2025-11-16,P0042,W006,71,3.886032103974995,SPIKE
2025-11-16,P0052,W003,42,3.0294582305074975,SPIKE
2025-11-16,P0040,W006,53,3.3967424296343336,SPIKE
2025-11-16,P0022,W003,12,3.0911153299662075,SPIKE
2025-11-16,P0019,W004,89,3.0764541021666814,SPIKE
2025-11-16,P0028,W006,14,4.299201382829326,SPIKE
2025-11-16,P0054,W005,59,3.331776600628708,SPIKE
2025-11-16,P0055,W006,57,4.050019738602978,SPIKE
2025-11-16,P0028,W005,19,3.118130500640605,SPIKE
2025-11-16,P0041,W004,26,3.752583529274008,SPIKE
2025-11-16,P0060,W002,41,3.564023350574376,SPIKE
2025-11-16,P0056,W003,17,3.2138671479243466,SPIKE
2025-11-16,P0031,W002,77,4.081366555303604,SPIKE
2025-11-16,P0028,W003,19,3.932553295609628,SPIKE
2025-11-16,P0041,W006,52,4.002742784101797,SPIKE
2025-11-16,P0042,W001,40,3.6706217501770655,SPIKE
2025-11-16,P0036,W001,19,3.6319983392004382,SPIKE
2025-11-15,P0008,W006,62,4.311555986801463,SPIKE
2025-11-15,P0026,W002,8,4.40150150007245,SPIKE
2025-11-15,P0046,W002,45,3.223481676122414,SPIKE
2025-11-15,P0036,W005,16,3.007279921828976,SPIKE
2025-11-15,P0055,W004,62,4.410797833688256,SPIKE
2025-11-15,P0046,W003,36,3.1279876963601225,SPIKE
2025-11-15,P0017,W006,22,3.3610384521544274,SPIKE
2025-11-15,P0014,W003,32,3.1506547115338024,SPIKE
2025-11-15,P0054,W006,86,3.1529868604314446,SPIKE
2025-11-15,P0028,W006,12,3.863813564144677,SPIKE
2025-11-15,P0002,W003,30,3.0830203617805667,SPIKE
2025-11-15,P0007,W006,14,3.9064923302910257,SPIKE
2025-11-15,P0028,W005,18,3.3332535674754284,SPIKE
2025-11-15,P0030,W004,13,3.314339826398273,SPIKE
2025-11-15,P0056,W001,35,3.6352702613998584,SPIKE
2025-11-15,P0011,W004,13,3.079575260288885,SPIKE
2025-11-15,P0023,W005,48,3.34928552289097,SPIKE
2025-11-15,P0052,W005,27,3.707106883652236,SPIKE
2025-11-15,P0028,W003,19,5.678821206284803,SPIKE
2025-11-15,P0028,W002,11,4.9074772881119575,SPIKE
2025-11-15,P0006,W006,15,3.7195193391124484,SPIKE
2025-11-15,P0004,W002,74,3.6169551330694865,SPIKE
2025-11-15,P0028,W001,17,4.749165994455555,SPIKE
2025-11-15,P0046,W005,39,3.443907637278523,SPIKE
2025-11-15,P0024,W003,51,3.402611304594354,SPIKE
2025-11-15,P0049,W001,49,3.662558170719214,SPIKE
2025-11-15,P0009,W006,16,3.7560761584536992,SPIKE
2025-11-15,P0029,W001,39,3.156486715269348,SPIKE
2025-11-15,P0035,W004,11,3.273599601729245,SPIKE
2025-11-15,P0046,W006,28,3.7503827235632796,SPIKE
2025-11-15,P0004,W001,37,3.2147387848073556,SPIKE
2025-11-13,P0028,W002,9,4.494210676707017,SPIKE
2025-11-12,P0042,W002,49,3.3426219208786074,SPIKE
2025-11-10,P0013,W006,9,-3.038663430864915,DROP
2025-11-10,P0011,W001,5,-3.094124816883344,DROP
2025-11-09,P0010,W005,70,3.6084235900460326,SPIKE
2025-11-09,P0016,W002,13,4.00567032303467,SPIKE
2025-11-09,P0014,W001,29,3.368075265970553,SPIKE
2025-11-09,P0036,W003,27,3.8315010780748633,SPIKE
2025-11-09,P0056,W001,32,3.000599902834673,SPIKE
2025-11-09,P0027,W003,23,3.179003083682222,SPIKE
2025-11-09,P0039,W005,66,3.219439490788412,SPIKE
2025-11-09,P0005,W005,10,3.116950005401484,SPIKE
2025-11-09,P0036,W004,38,3.1090862950335083,SPIKE
2025-11-09,P0042,W001,33,4.784092201852765,SPIKE
2025-11-09,P0042,W002,50,5.736900317743037,SPIKE
2025-11-09,P0042,W003,51,6.259824255742345,SPIKE
2025-11-09,P0033,W005,54,3.6977073284838298,SPIKE
2025-11-09,P0042,W004,63,5.808430022413985,SPIKE
2025-11-09,P0042,W005,58,6.183629065426387,SPIKE
2025-11-09,P0042,W006,62,4.737929630682407,SPIKE
2025-11-09,P0044,W001,11,3.1061918281001106,SPIKE
2025-11-09,P0045,W001,73,3.3103593031540903,SPIKE
2025-11-09,P0049,W004,36,3.9444135050217364,SPIKE
2025-11-09,P0028,W002,8,4.242036279297327,SPIKE
2025-11-09,P0031,W003,55,3.722577860491753,SPIKE
2025-11-09,P0026,W006,11,3.8039625505703873,SPIKE
2025-11-09,P0025,W004,65,3.2384230006504304,SPIKE
2025-11-08,P0053,W004,24,4.203877533923308,SPIKE
2025-11-08,P0035,W003,12,3.969996166902236,SPIKE
2025-11-08,P0005,W001,7,3.7371338154031313,SPIKE
2025-11-08,P0007,W003,15,3.411286497447369,SPIKE
2025-11-08,P0032,W003,25,3.515928040947931,SPIKE
2025-11-08,P0017,W002,37,3.2552090698765426,SPIKE
2025-11-08,P0032,W006,18,3.4396373934558073,SPIKE
2025-11-08,P0051,W003,61,5.065773644281832,SPIKE
2025-11-08,P0007,W001,12,3.248597152409964,SPIKE
2025-11-08,P0005,W002,12,3.062728442107261,SPIKE
2025-11-08,P0019,W002,46,3.6396219591330428,SPIKE
2025-11-08,P0054,W004,97,6.878800523532999,SPIKE
2025-11-08,P0044,W005,12,3.042425827537575,SPIKE
2025-11-08,P0060,W006,64,3.861901826080408,SPIKE
2025-11-08,P0054,W005,58,4.327196259124209,SPIKE
2025-11-08,P0009,W002,20,4.539302056252368,SPIKE
2025-11-08,P0005,W003,23,5.076162949086145,SPIKE
2025-11-08,P0041,W004,24,4.083064745004291,SPIKE
2025-11-08,P0005,W004,19,3.2571869678133174,SPIKE
2025-11-08,P0014,W002,20,3.3338343650337556,SPIKE
2025-11-08,P0053,W001,30,3.1286461022309533,SPIKE
2025-11-08,P0020,W001,42,3.267948730294256,SPIKE
2025-11-08,P0031,W005,87,3.0920624133098515,SPIKE
2025-11-08,P0056,W002,29,3.1952898811734576,SPIKE
2025-11-08,P0005,W006,14,4.681601361110112,SPIKE
2025-11-08,P0058,W005,51,3.194189490579554,SPIKE
2025-11-08,P0008,W003,30,3.564862794349316,SPIKE
2025-11-08,P0028,W004,14,3.6825926564227043,SPIKE
2025-11-08,P0059,W006,17,3.0190643782463518,SPIKE
2025-11-08,P0049,W004,31,3.31945101347494,SPIKE
2025-11-08,P0053,W005,21,3.709704134011864,SPIKE
2025-11-08,P0010,W006,70,3.488419994403594,SPIKE
2025-11-08,P0022,W006,12,4.008597318141915,SPIKE
2025-11-08,P0031,W001,71,3.458159574998979,SPIKE
2025-11-05,P0042,W002,12,-3.1876202388603967,DROP
2025-11-02,P0019,W003,33,3.312533004136655,SPIKE
2025-11-02,P0046,W002,42,3.0816409599786763,SPIKE
2025-11-02,P0027,W001,13,3.01298796542417,SPIKE
2025-11-02,P0053,W002,20,3.119218119038819,SPIKE
2025-11-02,P0040,W002,34,3.640190399058015,SPIKE
2025-11-02,P0053,W001,26,3.12652367664176,SPIKE
2025-11-02,P0055,W005,71,3.588350059716654,SPIKE
2025-11-02,P0012,W001,23,3.455249113847843,SPIKE
2025-11-02,P0005,W004,17,3.0007866195790034,SPIKE
2025-11-02,P0057,W002,42,3.724639979570867,SPIKE
2025-11-02,P0015,W002,22,3.9589283084773395,SPIKE
2025-11-02,P0051,W002,22,3.0414853133611293,SPIKE
2025-11-02,P0053,W005,17,3.2391311468495787,SPIKE
2025-11-02,P0021,W004,27,3.213550656465677,SPIKE
2025-11-02,P0005,W002,12,5.0829483212367865,SPIKE
2025-11-02,P0053,W003,14,3.221270622265043,SPIKE
2025-11-02,P0046,W005,35,3.2817866889104104,SPIKE
2025-11-02,P0023,W003,31,4.102767718734367,SPIKE
2025-11-01,P0005,W005,9,3.5052427873817784,SPIKE
2025-11-01,P0053,W006,35,5.489227502083447,SPIKE
2025-11-01,P0053,W004,18,3.6105760973474754,SPIKE
2025-11-01,P0045,W004,56,3.499177365335214,SPIKE
2025-11-01,P0004,W001,35,3.1105422389547264,SPIKE
2025-11-01,P0052,W006,55,3.2557791824331015,SPIKE
2025-11-01,P0053,W001,24,3.0734258952682354,SPIKE
2025-11-01,P0045,W001,67,3.281452074479554,SPIKE
2025-11-01,P0015,W005,11,3.853766359227588,SPIKE
2025-11-01,P0053,W003,14,4.146980182461919,SPIKE
2025-11-01,P0053,W005,16,3.377622437948509,SPIKE
2025-11-01,P0042,W005,42,3.1844091770616214,SPIKE
2025-11-01,P0053,W002,22,5.699517183413673,SPIKE
2025-11-01,P0059,W006,16,3.047568828606575,SPIKE
2025-11-01,P0033,W003,50,3.3921821673154975,SPIKE
2025-11-01,P0006,W001,11,3.3337048625214756,SPIKE
2025-11-01,P0060,W005,46,4.294500350260893,SPIKE
2025-11-01,P0006,W002,16,4.696120629493444,SPIKE
2025-11-01,P0031,W005,79,3.171265001767492,SPIKE
2025-11-01,P0013,W006,27,3.1466299256993073,SPIKE
2025-11-01,P0032,W006,17,3.3735659193802223,SPIKE
2025-11-01,P0020,W006,76,4.68055565758279,SPIKE
2025-11-01,P0026,W003,10,3.038164782675602,SPIKE
2025-10-31,P0053,W005,15,3.56727002689313,SPIKE
2025-10-26,P0021,W004,26,3.7727048769036498,SPIKE
2025-10-26,P0021,W003,28,3.4130745335311095,SPIKE
2025-10-26,P0002,W001,37,3.2384199320768143,SPIKE
2025-10-26,P0028,W004,13,3.062573392313794,SPIKE
2025-10-26,P0024,W002,37,3.078477494360035,SPIKE
2025-10-26,P0022,W002,12,3.1274563165152283,SPIKE
2025-10-26,P0045,W003,34,3.351995590608909,SPIKE
2025-10-26,P0033,W002,52,3.1076998190204885,SPIKE
2025-10-26,P0015,W006,11,3.691501654614309,SPIKE
2025-10-26,P0012,W004,22,4.753235502405175,SPIKE
2025-10-26,P0044,W001,12,4.555917213961485,SPIKE
2025-10-26,P0052,W006,57,4.7465637179777795,SPIKE
2025-10-26,P0053,W001,21,3.012413152372677,SPIKE
2025-10-26,P0025,W002,31,3.049352558903138,SPIKE
2025-10-26,P0019,W004,87,3.426197251431021,SPIKE
2025-10-25,P0032,W002,30,3.1491802512996157,SPIKE
2025-10-25,P0031,W003,52,3.2935967815528855,SPIKE
2025-10-25,P0038,W004,30,3.285267636231628,SPIKE
2025-10-25,P0013,W003,53,3.668251732755496,SPIKE
2025-10-25,P0029,W003,52,3.088671681361328,SPIKE
2025-10-25,P0049,W001,43,3.387001850377599,SPIKE
2025-10-25,P0001,W002,32,3.5215714108142766,SPIKE
2025-10-25,P0050,W005,39,3.4391622601157708,SPIKE
2025-10-25,P0003,W002,19,3.2493161145375296,SPIKE
2025-10-25,P0052,W005,24,4.07633639273208,SPIKE
2025-10-25,P0016,W003,12,4.059220704430427,SPIKE
2025-10-25,P0060,W002,39,4.530506759234865,SPIKE
2025-10-25,P0012,W002,23,3.2810290329639358,SPIKE
2025-10-25,P0037,W002,42,3.1268519043553584,SPIKE
2025-10-25,P0021,W002,47,4.659610742833859,SPIKE
2025-10-25,P0002,W002,21,3.928681357232299,SPIKE
2025-10-25,P0033,W001,29,3.024633723030039,SPIKE
2025-10-25,P0021,W005,36,3.3778448847707883,SPIKE
2025-10-25,P0058,W001,66,3.028867659811349,SPIKE
2025-10-25,P0005,W004,16,3.4840141237099074,SPIKE
2025-10-25,P0001,W006,16,3.5254179083583552,SPIKE
2025-10-25,P0055,W003,40,3.7043883424435924,SPIKE
2025-10-22,P0032,W003,7,-3.0669244469005785,DROP
2025-10-19,P0010,W001,81,3.6933330716544313,SPIKE
2025-10-19,P0048,W006,43,3.531458116709689,SPIKE
2025-10-19,P0045,W002,32,3.9731676813639454,SPIKE
2025-10-19,P0028,W006,10,3.3280183615315244,SPIKE
2025-10-19,P0005,W004,15,3.442758599067182,SPIKE
2025-10-19,P0010,W003,91,3.4508211969308014,SPIKE
2025-10-19,P0002,W005,33,5.2229256334293295,SPIKE
2025-10-19,P0025,W006,27,3.170797044204367,SPIKE
2025-10-19,P0004,W003,59,3.5345188216860866,SPIKE
2025-10-19,P0046,W005,32,3.2697593713029303,SPIKE
2025-10-19,P0001,W004,30,3.5563526229910973,SPIKE
2025-10-19,P0034,W001,13,3.5138137916037113,SPIKE
2025-10-18,P0024,W005,44,3.032025058463686,SPIKE
2025-10-18,P0015,W003,21,3.187209663290745,SPIKE
2025-10-18,P0038,W002,28,3.06019996475184,SPIKE
2025-10-18,P0025,W003,59,4.370732262513717,SPIKE
2025-10-18,P0016,W006,15,3.544509966103822,SPIKE
2025-10-18,P0026,W006,10,4.275081752146746,SPIKE
2025-10-18,P0056,W005,41,3.113105601073144,SPIKE
2025-10-18,P0057,W006,52,3.0601771391088692,SPIKE
2025-10-18,P0002,W006,32,3.6251221262770197,SPIKE
2025-10-18,P0005,W004,14,3.397914786026187,SPIKE
2025-10-18,P0016,W001,16,4.119340682887413,SPIKE
2025-10-18,P0023,W001,60,3.8448962503842514,SPIKE
2025-10-18,P0036,W001,16,3.3401024165446693,SPIKE
2025-10-18,P0030,W004,12,3.201965218729258,SPIKE
2025-10-18,P0035,W006,14,3.4165707917214294,SPIKE
2025-10-18,P0047,W005,37,3.1206247213740075,SPIKE
2025-10-12,P0002,W002,20,3.2189219209749536,SPIKE
2025-10-12,P0020,W005,56,3.0009686002223908,SPIKE
2025-10-12,P0042,W006,49,3.41877302553211,SPIKE
2025-10-12,P0024,W004,68,3.1768063453175848,SPIKE
2025-10-12,P0050,W003,48,3.233776128412501,SPIKE
2025-10-12,P0060,W005,42,3.525063463592957,SPIKE
2025-10-12,P0049,W005,31,3.878763289378008,SPIKE
2025-10-12,P0037,W001,44,3.9628472932007472,SPIKE
2025-10-12,P0047,W002,23,3.803364120750916,SPIKE
2025-10-12,P0042,W003,35,3.6594613362763866,SPIKE
2025-10-12,P0031,W004,55,3.9659568277177355,SPIKE
2025-10-12,P0025,W001,28,4.620024205121748,SPIKE
2025-10-12,P0041,W002,39,3.326542320063154,SPIKE
2025-10-11,P0054,W002,84,3.8452579242646965,SPIKE
2025-10-11,P0059,W003,20,5.385939536590663,SPIKE
2025-10-11,P0058,W006,56,3.297504950050069,SPIKE
2025-10-11,P0001,W004,30,4.7306892335295805,SPIKE
2025-10-11,P0025,W002,29,3.1536388119571015,SPIKE
2025-10-11,P0023,W001,55,4.523722802082152,SPIKE
2025-10-11,P0036,W005,16,3.7860101659057324,SPIKE
2025-10-11,P0025,W004,62,3.876675758564789,SPIKE
2025-10-11,P0025,W005,66,4.6868040755161235,SPIKE
2025-10-11,P0027,W001,13,3.7967462806457855,SPIKE
2025-10-11,P0029,W004,36,3.7509476853883905,SPIKE
2025-10-11,P0050,W006,58,3.010093281414065,SPIKE
2025-10-11,P0050,W003,48,4.228161405514781,SPIKE
2025-10-11,P0003,W005,20,3.4195830721153393,SPIKE
2025-10-11,P0017,W002,34,3.131803318046817,SPIKE
2025-10-10,P0010,W002,9,-3.898251113815001,DROP
2025-10-06,P0011,W005,4,-3.218530146168307,DROP
2025-10-05,P0030,W003,20,3.015112175721075,SPIKE
2025-10-05,P0039,W003,41,3.464831852699586,SPIKE
2025-10-04,P0035,W002,7,3.0487492181008724,SPIKE
2025-10-04,P0033,W006,64,3.1073341792868625,SPIKE
2025-10-04,P0042,W002,37,3.5262435907079226,SPIKE
2025-10-04,P0038,W001,23,3.037186284336505,SPIKE
2025-10-04,P0042,W001,25,4.157686500830396,SPIKE
2025-10-04,P0052,W006,52,3.2687889069773766,SPIKE
2025-10-04,P0042,W005,39,3.1737518246400023,SPIKE
2025-09-28,P0051,W001,42,3.5331681378564146,SPIKE
2025-09-28,P0025,W004,58,3.2222002516947446,SPIKE
2025-09-28,P0029,W002,49,3.0952453598943364,SPIKE
2025-09-28,P0010,W004,51,3.0844395602887653,SPIKE
2025-09-28,P0004,W004,57,3.3791152828290216,SPIKE
2025-09-27,P0051,W002,25,3.8929716211495564,SPIKE
2025-09-27,P0028,W005,15,3.9703334079350747,SPIKE
2025-09-27,P0053,W006,24,3.0029797525319744,SPIKE
2025-09-27,P0005,W005,9,3.213084533740314,SPIKE
2025-09-27,P0051,W003,57,3.1783582300300646,SPIKE
2025-09-27,P0002,W001,33,3.5778085601709573,SPIKE
2025-09-27,P0060,W004,62,3.206827641984774,SPIKE
2025-09-27,P0050,W001,84,3.0661189835602034,SPIKE
2025-09-27,P0013,W006,26,3.0926631869205816,SPIKE
2025-09-27,P0057,W002,42,3.095535827052801,SPIKE
2025-09-27,P0012,W002,23,3.0745895295460723,SPIKE
2025-09-26,P0037,W005,6,-3.177152793946823,DROP
2025-09-24,P0012,W004,8,-3.019793181357988,DROP
2025-09-21,P0058,W002,74,3.0717270787581064,SPIKE
2025-09-21,P0054,W005,50,3.1558985616071813,SPIKE
2025-09-20,P0040,W005,58,4.126266828940413,SPIKE
2025-09-20,P0024,W002,33,3.2618231782030134,SPIKE
2025-09-20,P0016,W005,20,4.589708758591511,SPIKE
2025-09-20,P0028,W004,13,3.468909530865928,SPIKE
2025-09-20,P0053,W005,13,3.0553291960687567,SPIKE
2025-09-20,P0031,W001,70,3.00340279368127,SPIKE
2025-09-20,P0040,W003,39,4.444701083238811,SPIKE
2025-09-20,P0040,W001,80,3.3605747592779562,SPIKE
2025-09-20,P0038,W005,32,3.6744219251174264,SPIKE
2025-09-16,P0008,W001,7,-3.019892309269874,DROP
2025-09-16,P0009,W004,7,-3.3492404640335867,DROP
2025-09-14,P0053,W003,14,3.4579054151275948,SPIKE
2025-09-13,P0060,W005,42,3.1638281805116777,SPIKE
2025-09-11,P0053,W005,5,-3.165344492583934,DROP
2025-09-09,P0053,W003,4,-3.191736124302885,DROP
2025-09-07,P0007,W006,11,3.1048290077858587,SPIKE
2025-09-07,P0056,W004,22,3.0920431099205774,SPIKE
2025-09-07,P0050,W003,53,3.7555448352736605,SPIKE
2025-09-06,P0010,W006,71,3.2060273808417294,SPIKE
2025-09-01,P0019,W005,20,-3.2671361165026926,DROP
2025-08-30,P0047,W004,34,3.1898413132992944,SPIKE
2025-08-30,P0042,W005,48,3.5685320852548497,SPIKE
2025-08-27,P0031,W002,22,-3.0130151347294842,DROP
2025-08-26,P0003,W003,3,-3.807886552932163,DROP
2025-08-24,P0017,W003,35,3.297198146857127,SPIKE
2025-08-24,P0003,W001,23,3.0263115169607446,SPIKE
2025-08-24,P0055,W003,47,3.536117409990501,SPIKE
2025-08-23,P0047,W002,28,3.7289954994909453,SPIKE
2025-08-23,P0055,W005,82,3.09860474267865,SPIKE
2025-08-23,P0055,W004,66,3.060094438915128,SPIKE
2025-08-23,P0003,W006,22,3.005162009440327,SPIKE
2025-08-21,P0032,W005,15,-3.542687468832125,DROP
2025-08-21,P0035,W004,12,3.0526318775154397,SPIKE
2025-08-20,P0011,W004,6,-3.0203195355933743,DROP
2025-08-19,P0013,W006,10,-3.0585203250685837,DROP
2025-08-17,P0054,W003,39,3.013422721677068,SPIKE
2025-08-16,P0052,W001,70,4.247322191213223,SPIKE
2025-08-16,P0054,W005,72,3.8721990410234595,SPIKE
2025-08-16,P0038,W001,28,3.7065284889910326,SPIKE
2025-08-16,P0054,W002,118,4.139238627678414,SPIKE
2025-08-16,P0052,W004,82,3.201116414641628,SPIKE
2025-08-16,P0054,W006,115,3.8444054466071407,SPIKE
2025-08-16,P0035,W006,19,3.4660192204199,SPIKE
2025-08-16,P0016,W002,18,4.666438874461666,SPIKE
2025-08-13,P0007,W001,5,-3.1306005919002713,DROP
2025-08-10,P0016,W001,20,3.154488221440735,SPIKE
2025-08-10,P0052,W003,54,3.7690341552712723,SPIKE
2025-08-10,P0052,W002,69,3.291785923075109,SPIKE
2025-08-10,P0052,W004,84,4.622396603005412,SPIKE
2025-08-10,P0016,W003,17,3.6325994785559175,SPIKE
2025-08-10,P0052,W005,37,3.8078865529319312,SPIKE
2025-08-10,P0016,W004,22,3.2814496361778134,SPIKE
2025-08-09,P0004,W005,88,3.0937755846103485,SPIKE
2025-08-09,P0049,W004,41,3.59899409651838,SPIKE
2025-08-09,P0052,W002,70,4.579302798485768,SPIKE
2025-08-09,P0052,W004,68,3.4391840408599417,SPIKE
2025-08-09,P0016,W006,28,4.755376435190149,SPIKE
2025-08-09,P0052,W006,83,4.149440829500705,SPIKE
2025-08-09,P0016,W001,20,3.946765447098078,SPIKE
2025-08-08,P0032,W004,11,-3.2262427362490107,DROP
2025-08-07,P0036,W005,5,-3.0884067839920415,DROP
2025-08-06,P0046,W004,6,-3.1145483731715746,DROP
2025-08-03,P0001,W005,21,3.2519888771234813,SPIKE
2025-08-03,P0001,W002,55,3.7497931213994953,SPIKE
2025-08-02,P0001,W005,20,3.3776224379485447,SPIKE
2025-08-02,P0053,W006,36,3.6613263035002896,SPIKE
2025-07-28,P0030,W002,11,-3.299424160975247,DROP
2025-07-27,P0048,W002,100,3.2432330813413435,SPIKE
2025-07-27,P0001,W001,20,3.4165336160881727,SPIKE
2025-07-27,P0001,W006,22,3.2783848184043762,SPIKE
2025-07-26,P0014,W004,60,3.370815673175165,SPIKE
2025-07-26,P0016,W006,23,3.278415689082699,SPIKE
2025-07-26,P0014,W001,36,3.201022587603028,SPIKE
2025-07-26,P0019,W001,65,3.300278690228363,SPIKE
2025-07-26,P0017,W002,52,3.2572164132371397,SPIKE
2025-07-25,P0031,W006,18,-3.1707546199127177,DROP
2025-07-24,P0024,W003,20,-3.3711610046804554,DROP
2025-07-24,P0032,W006,6,-3.309775843190507,DROP
2025-07-21,P0004,W002,36,-3.034965314284506,DROP
2025-07-20,P0014,W004,51,3.14214414357261,SPIKE
2025-07-20,P0014,W006,28,3.9515367846438343,SPIKE
2025-07-17,P0051,W003,24,-3.609503554457604,DROP
2025-07-13,P0028,W002,11,3.0553291960688322,SPIKE
2025-07-12,P0020,W006,102,3.542542419315802,SPIKE
2025-07-08,P0009,W006,8,-3.5024541407381298,DROP
2025-07-05,P0050,W006,95,3.345355060004848,SPIKE
2025-07-05,P0008,W006,76,3.1811406277303917,SPIKE
2025-07-04,P0011,W006,52,3.081439809599643,SPIKE
2025-07-04,P0060,W001,51,3.0874929144128145,SPIKE
2025-07-03,P0001,W006,6,-3.0329166321077263,DROP
2025-07-03,P0008,W004,11,-3.4014896050425176,DROP
2025-07-02,P0034,W005,4,-3.316730886700352,DROP
2025-07-01,P0002,W006,16,-3.1168518367367444,DROP
2025-07-01,P0004,W004,33,-3.2266998460554634,DROP
2025-06-29,P0050,W006,89,3.015621897068709,SPIKE
2025-06-29,P0011,W006,47,3.010535789576142,SPIKE
2025-06-29,P0028,W002,11,3.106191828100167,SPIKE
2025-06-28,P0043,W001,52,3.4779995689658953,SPIKE
2025-06-28,P0011,W006,46,3.5123166478406986,SPIKE
2025-06-28,P0008,W003,47,3.251144164795176,SPIKE
2025-06-28,P0026,W005,11,3.323795879355275,SPIKE
2025-06-28,P0011,W001,28,3.744157407116546,SPIKE
2025-06-28,P0011,W005,27,3.9823863871830216,SPIKE
2025-06-28,P0024,W001,52,3.1475118434949185,SPIKE
2025-06-28,P0011,W004,23,3.0722768921999215,SPIKE
2025-06-25,P0008,W002,19,-3.089063389764763,DROP
2025-06-24,P0011,W004,21,3.196300966630185,SPIKE
2025-06-20,P0012,W006,11,-3.044250815252633,DROP
2025-06-20,P0028,W006,5,-3.6523440899163186,DROP
2025-06-19,P0005,W001,3,-3.5443303619609687,DROP
2025-06-18,P0032,W002,22,-3.2607038003926876,DROP
2025-06-16,P0041,W005,12,-3.7906658158936235,DROP
2025-06-15,P0016,W001,24,3.317814494546365,SPIKE
2025-06-15,P0048,W004,72,3.0474588264795135,SPIKE
2025-06-15,P0059,W003,30,3.3515384529277736,SPIKE
2025-06-15,P0033,W002,86,3.0447334553554795,SPIKE
2025-06-14,P0046,W003,62,3.1522477651290166,SPIKE
2025-06-14,P0046,W005,65,5.082589386303291,SPIKE
2025-06-14,P0046,W004,40,5.046060546620895,SPIKE
2025-06-13,P0053,W003,7,-3.2334586373643956,DROP
2025-06-12,P0050,W004,28,-3.0953144456589854,DROP
2025-06-12,P0046,W005,52,3.4674638764429657,SPIKE
2025-06-11,P0055,W001,34,-3.169523628952303,DROP
2025-06-08,P0024,W002,57,3.1202106156018243,SPIKE
2025-06-08,P0058,W005,87,3.9867955353707196,SPIKE
2025-06-08,P0053,W003,18,3.3122670972277946,SPIKE
2025-06-08,P0023,W004,126,3.4970867771063467,SPIKE
2025-06-07,P0009,W003,39,3.62990558760122,SPIKE
2025-06-07,P0023,W005,92,3.0402335405978786,SPIKE
2025-06-07,P0035,W006,24,3.4470728303657743,SPIKE
2025-06-07,P0045,W003,53,3.1580443951461885,SPIKE
2025-06-07,P0020,W005,93,3.339761577295855,SPIKE
2025-06-05,P0041,W004,15,-3.0103828757412017,DROP
2025-06-01,P0023,W003,61,3.8547934003564888,SPIKE
2025-06-01,P0044,W003,17,3.0151121757211823,SPIKE
2025-06-01,P0027,W001,22,3.011409684632292,SPIKE
2025-06-01,P0023,W002,150,3.3004986806570105,SPIKE
2025-06-01,P0023,W006,111,3.008998208545494,SPIKE
2025-05-31,P0010,W003,130,3.541153004765431,SPIKE
2025-05-31,P0023,W005,87,3.1423594099407666,SPIKE
2025-05-31,P0015,W006,16,3.2246556945802465,SPIKE
2025-05-27,P0032,W001,13,-3.534702438088443,DROP
2025-05-25,P0058,W006,103,3.921482101485876,SPIKE
2025-05-25,P0033,W006,115,3.2926272456722883,SPIKE
2025-05-25,P0019,W001,103,3.105454025361947,SPIKE
2025-05-24,P0041,W003,48,3.186137721008926,SPIKE
2025-05-24,P0026,W002,13,3.3167308867003618,SPIKE
2025-05-24,P0019,W002,117,3.733475855427091,SPIKE
2025-05-24,P0025,W006,45,3.4041048317531186,SPIKE
2025-05-23,P0018,W004,5,-3.1126574439916532,DROP
2025-05-21,P0001,W004,18,-3.0468483281764915,DROP
2025-05-20,P0007,W005,13,-3.0704017931319014,DROP
2025-05-18,P0019,W006,173,3.161809879917506,SPIKE
2025-05-18,P0019,W003,84,4.585379212167728,SPIKE
2025-05-18,P0034,W001,21,3.761003546837686,SPIKE
2025-05-18,P0019,W002,91,3.0106395054933413,SPIKE
2025-05-18,P0041,W001,87,3.6244864699860635,SPIKE
2025-05-17,P0055,W002,72,4.254072918732132,SPIKE
2025-05-17,P0060,W005,72,4.317619974650406,SPIKE
2025-05-17,P0029,W006,87,3.413658851881872,SPIKE
2025-05-17,P0040,W006,97,3.0814584682839254,SPIKE
2025-05-17,P0019,W002,100,5.2429781313815855,SPIKE
2025-05-17,P0014,W003,74,3.085844636185153,SPIKE
2025-05-17,P0019,W006,173,4.060525785239924,SPIKE
2025-05-17,P0019,W005,99,4.019729679498404,SPIKE
2025-05-17,P0026,W004,12,3.1026758744732144,SPIKE
2025-05-17,P0026,W001,2,-3.359017110914584,DROP
2025-05-17,P0019,W003,73,4.786449537663336,SPIKE
2025-05-17,P0019,W001,100,5.09160320780353,SPIKE
2025-05-16,P0019,W003,63,4.679159024275237,SPIKE
2025-05-16,P0019,W005,87,3.487037483847241,SPIKE
2025-05-16,P0019,W004,156,4.463058688004887,SPIKE
2025-05-13,P0014,W004,74,3.4683881789091635,SPIKE
2025-05-11,P0050,W004,124,3.462930177816454,SPIKE
2025-05-11,P0014,W005,85,4.091433298651714,SPIKE
2025-05-11,P0026,W003,16,3.089365320286949,SPIKE
2025-05-11,P0014,W003,79,5.360910212835487,SPIKE
2025-05-11,P0006,W002,29,3.7673552336930185,SPIKE
2025-05-11,P0019,W003,52,3.8022660531113597,SPIKE
2025-05-11,P0043,W001,54,3.1143000010585546,SPIKE
2025-05-11,P0014,W002,45,5.043601421899377,SPIKE
2025-05-10,P0031,W001,135,3.1210997502522146,SPIKE
2025-05-10,P0028,W001,23,4.142261861994379,SPIKE
2025-05-10,P0014,W006,35,4.142730485474907,SPIKE
2025-05-10,P0060,W006,106,3.2084789026477987,SPIKE
2025-05-10,P0034,W004,15,3.7089635016282356,SPIKE
2025-05-10,P0014,W002,36,3.709726472465976,SPIKE
2025-05-10,P0011,W002,23,3.6114049882705235,SPIKE
2025-05-10,P0014,W003,60,3.8217723383755065,SPIKE
2025-05-10,P0056,W004,41,4.867731812129177,SPIKE
2025-05-10,P0044,W005,23,3.3822627862535275,SPIKE
2025-05-10,P0016,W005,30,3.5151185970788887,SPIKE
2025-05-10,P0030,W006,41,3.0078388921654864,SPIKE
2025-05-10,P0014,W005,74,3.6137966571725486,SPIKE
2025-05-10,P0014,W004,64,3.0750311777574164,SPIKE
2025-05-10,P0056,W001,57,3.0682547912586013,SPIKE
2025-05-10,P0014,W001,59,7.0339776182496125,SPIKE
2025-05-04,P0044,W006,13,3.5603875263883427,SPIKE
2025-05-04,P0005,W003,28,3.107279527967379,SPIKE
2025-05-04,P0024,W004,139,3.7154275175515528,SPIKE
2025-05-04,P0051,W006,65,3.0927580312920258,SPIKE
2025-05-04,P0041,W006,76,3.1434107963376428,SPIKE
2025-05-04,P0015,W001,16,3.2843261506791315,SPIKE
2025-05-04,P0002,W006,54,3.129109329171295,SPIKE
2025-05-04,P0057,W003,74,4.566798346338197,SPIKE
2025-05-04,P0005,W001,12,3.0643883876682834,SPIKE
2025-05-03,P0005,W004,37,5.0084016942760154,SPIKE
2025-05-03,P0010,W005,117,3.2209939551718803,SPIKE
2025-05-03,P0005,W002,24,5.022655171220166,SPIKE
2025-05-03,P0010,W001,148,3.5887644461822594,SPIKE
2025-04-27,P0024,W002,63,3.0008126943052904,SPIKE
2025-04-27,P0028,W003,27,3.5489322298635013,SPIKE
2025-04-27,P0008,W005,50,3.1097926569890886,SPIKE
2025-04-27,P0057,W004,136,3.385958602612901,SPIKE
2025-04-27,P0053,W006,47,3.9060530823982282,SPIKE
2025-04-26,P0012,W006,36,3.2441324740983295,SPIKE
2025-04-26,P0009,W003,43,3.060542793755831,SPIKE
2025-04-26,P0018,W001,33,3.0762562399436604,SPIKE
2025-04-26,P0056,W003,32,3.797382018290766,SPIKE
2025-04-26,P0059,W003,33,3.4523061778599695,SPIKE
2025-04-21,P0049,W001,30,-3.1582192850200737,DROP
2025-04-20,P0052,W005,51,4.151567864337312,SPIKE
2025-04-20,P0023,W006,174,3.8331474092697837,SPIKE
2025-04-20,P0052,W001,92,3.1841507708857124,SPIKE
2025-04-20,P0013,W002,113,4.056281228378446,SPIKE
2025-04-20,P0019,W006,138,3.5499869811927427,SPIKE
2025-04-20,P0033,W004,98,3.1683504010375065,SPIKE
2025-04-20,P0007,W002,52,3.6713319416674324,SPIKE
2025-04-19,P0046,W006,52,3.3271442538148257,SPIKE
2025-04-19,P0007,W005,36,3.040462780468479,SPIKE
2025-04-19,P0011,W003,57,4.314453320999078,SPIKE
2025-04-19,P0047,W005,83,3.44098389989119,SPIKE
2025-04-19,P0023,W004,168,3.317401995440154,SPIKE
2025-04-19,P0052,W005,43,3.0594782342831843,SPIKE
2025-04-19,P0053,W004,26,3.201965218729003,SPIKE
2025-04-19,P0051,W005,56,3.330833246977294,SPIKE
2025-04-19,P0013,W003,102,3.102215048608609,SPIKE
2025-04-19,P0043,W005,61,3.5469370606682094,SPIKE
2025-04-19,P0023,W005,126,3.01783100982389,SPIKE
2025-04-19,P0005,W005,17,3.2008001413898706,SPIKE
2025-04-19,P0023,W001,152,4.3455916076169965,SPIKE
2025-04-16,P0023,W006,135,3.023550187726203,SPIKE
2025-04-14,P0047,W004,67,3.171734147371338,SPIKE
2025-04-13,P0011,W006,51,3.5130663781880265,SPIKE
2025-04-13,P0023,W001,112,3.0047557011685475,SPIKE
2025-04-13,P0045,W003,56,3.278261876853526,SPIKE
2025-04-13,P0022,W001,22,3.0752063355969304,SPIKE
2025-04-13,P0023,W004,168,5.751787457898562,SPIKE
2025-04-13,P0010,W006,131,3.1582376428943597,SPIKE
2025-04-13,P0021,W003,58,3.3695532664493473,SPIKE
2025-04-13,P0023,W003,75,3.7349317758185263,SPIKE
2025-04-13,P0036,W001,28,3.2631600645683205,SPIKE
2025-04-13,P0011,W001,26,3.7562167696347313,SPIKE
2025-04-13,P0047,W002,57,3.8595776471614465,SPIKE
2025-04-13,P0023,W002,189,4.019666770873903,SPIKE
2025-04-13,P0006,W005,37,3.8379888913542786,SPIKE
2025-04-13,P0013,W003,100,3.737076250216636,SPIKE
2025-04-13,P0047,W006,34,4.093048023378742,SPIKE
2025-04-13,P0023,W005,114,3.817951572670589,SPIKE
2025-04-13,P0030,W001,25,3.108422849187586,SPIKE
2025-04-12,P0047,W004,63,3.778044461580901,SPIKE
2025-04-12,P0047,W002,57,5.824791477294327,SPIKE
2025-04-12,P0047,W006,28,3.034323971435313,SPIKE
2025-04-12,P0030,W002,58,3.1361086481541505,SPIKE
2025-04-12,P0023,W003,74,5.159831388602844,SPIKE
2025-04-12,P0046,W005,66,3.6068882719233715,SPIKE
2025-04-12,P0003,W002,34,3.444040210035232,SPIKE
2025-04-12,P0038,W002,50,3.0267941847589723,SPIKE
2025-04-12,P0044,W003,21,3.448711561854425,SPIKE
2025-04-12,P0047,W005,75,3.5806712878538813,SPIKE
2025-04-12,P0023,W002,189,6.377012816484706,SPIKE
2025-04-12,P0023,W006,141,5.003280097535522,SPIKE
2025-04-12,P0023,W004,123,3.818942417221493,SPIKE
2025-04-12,P0045,W004,100,3.835386304786637,SPIKE
2025-04-12,P0006,W003,31,3.0327693234034117,SPIKE
2025-04-12,P0047,W003,39,4.49780417433411,SPIKE
2025-04-12,P0026,W001,8,3.1953742608130447,SPIKE
2025-04-12,P0021,W001,76,3.09594955389405,SPIKE
2025-04-12,P0025,W001,46,4.219543104433116,SPIKE
2025-04-12,P0023,W005,118,6.590902434139708,SPIKE
2025-04-12,P0003,W004,37,3.2448396104933175,SPIKE
2025-04-12,P0048,W001,76,3.0481474935620394,SPIKE
2025-04-12,P0022,W005,21,3.2524428871635416,SPIKE
2025-04-12,P0052,W004,100,3.123912808606856,SPIKE
2025-04-12,P0047,W001,53,3.6289907017288794,SPIKE
2025-04-11,P0052,W003,76,3.1223904438267853,SPIKE
2025-04-06,P0013,W004,126,3.0618426554677893,SPIKE
2025-04-06,P0036,W004,68,3.0545081275399504,SPIKE
2025-04-06,P0021,W003,52,3.0388285047024457,SPIKE
2025-04-06,P0002,W002,42,3.275691083010736,SPIKE
2025-04-06,P0054,W003,54,3.841197207276785,SPIKE
2025-04-06,P0021,W002,87,3.164031608909855,SPIKE
2025-04-06,P0047,W005,67,3.0862022859434752,SPIKE
2025-04-06,P0038,W005,62,3.5683171935208966,SPIKE
2025-04-06,P0037,W001,88,4.6647676563359415,SPIKE
2025-04-06,P0021,W005,78,4.161509579451166,SPIKE
2025-04-06,P0052,W006,99,3.489880071572279,SPIKE
2025-04-05,P0050,W005,71,3.3376783776914483,SPIKE
2025-04-05,P0007,W006,21,3.1647462653700433,SPIKE
2025-04-05,P0020,W002,81,3.0844555077447637,SPIKE
2025-04-05,P0036,W002,39,3.5008895085567633,SPIKE
2025-04-05,P0059,W004,45,3.6626238165394023,SPIKE
2025-04-05,P0025,W005,114,3.597807360158927,SPIKE
2025-04-05,P0018,W002,17,3.073740878296854,SPIKE
2025-04-05,P0021,W006,77,3.905370614699834,SPIKE
2025-04-05,P0058,W002,133,3.5430186048136902,SPIKE
2025-04-05,P0057,W006,95,5.05556460015112,SPIKE
2025-04-05,P0054,W001,84,3.0887392911441447,SPIKE
2025-04-05,P0021,W004,51,3.8780703610613885,SPIKE
2025-04-05,P0023,W003,54,3.4902622162211587,SPIKE
2025-04-05,P0021,W005,67,3.487056647044011,SPIKE
2025-04-05,P0038,W003,63,3.15976007627226,SPIKE
2025-04-05,P0060,W004,105,3.9634358173718933,SPIKE
2025-04-04,P0017,W006,11,-3.354708499897881,DROP
2025-03-30,P0035,W003,18,3.1661849143122023,SPIKE
2025-03-30,P0017,W006,35,4.546671554249772,SPIKE
2025-03-30,P0036,W002,36,3.311292125634951,SPIKE
2025-03-30,P0054,W003,46,3.0026575338422172,SPIKE
2025-03-30,P0052,W005,42,3.111794250767097,SPIKE
2025-03-30,P0047,W002,45,4.191990076269322,SPIKE
2025-03-30,P0045,W005,120,3.2365377278389897,SPIKE
2025-03-30,P0036,W006,76,4.353670899473562,SPIKE
2025-03-30,P0015,W002,41,4.017384072919794,SPIKE
2025-03-30,P0008,W003,56,3.468215573091014,SPIKE
2025-03-29,P0048,W002,132,3.3350046622997813,SPIKE
2025-03-29,P0002,W006,51,3.372558429012347,SPIKE
2025-03-29,P0035,W004,21,3.3479466401076894,SPIKE
2025-03-29,P0026,W005,13,3.012987965424256,SPIKE
2025-03-29,P0018,W005,33,3.3156434165714512,SPIKE
2025-03-29,P0038,W006,79,3.7050074214330033,SPIKE
2025-03-29,P0040,W003,60,4.157821298967068,SPIKE
2025-03-29,P0056,W006,44,4.2329680746196265,SPIKE
2025-03-29,P0013,W005,61,3.4111363954621527,SPIKE
2025-03-29,P0039,W003,70,3.2176015343497766,SPIKE
2025-03-29,P0057,W006,77,3.1421921094537653,SPIKE
2025-03-29,P0056,W001,65,3.539337028048427,SPIKE
2025-03-29,P0032,W006,39,4.50128268865079,SPIKE
2025-03-29,P0042,W001,40,3.5595139115328576,SPIKE
2025-03-29,P0032,W004,57,3.500729504866814,SPIKE
2025-03-29,P0058,W003,71,3.3939500512006324,SPIKE
2025-03-29,P0057,W001,139,3.314529700067055,SPIKE
2025-03-24,P0037,W006,30,3.3479074274750973,SPIKE
2025-03-23,P0011,W005,24,3.2631600645683054,SPIKE
2025-03-23,P0055,W006,92,3.0602887401004364,SPIKE
2025-03-23,P0047,W001,47,3.290342877223576,SPIKE
2025-03-23,P0009,W003,40,3.348202920094637,SPIKE
2025-03-23,P0002,W005,53,3.065434658634365,SPIKE
2025-03-23,P0024,W003,97,3.9447398097265505,SPIKE
2025-03-23,P0039,W001,92,3.414283059194404,SPIKE
2025-03-23,P0055,W002,71,3.157780484296323,SPIKE
2025-03-22,P0044,W005,24,3.8762994222783647,SPIKE
2025-03-22,P0022,W006,19,3.2524428871635354,SPIKE
2025-03-22,P0030,W006,43,3.0590376093803844,SPIKE
2025-03-22,P0005,W001,10,3.022856933762304,SPIKE
2025-03-22,P0048,W001,77,3.083467300946724,SPIKE
2025-03-22,P0023,W001,93,3.363538933804568,SPIKE
2025-03-22,P0046,W003,59,3.343492229345692,SPIKE
2025-03-22,P0058,W004,101,3.89117169905224,SPIKE
2025-03-22,P0039,W001,89,3.9222829689437706,SPIKE
2025-03-22,P0058,W005,80,3.018824549838606,SPIKE
2025-03-22,P0059,W002,43,3.8124224527567065,SPIKE
2025-03-22,P0028,W003,26,3.4193287811286197,SPIKE
2025-03-22,P0060,W001,62,3.9581176629172687,SPIKE
2025-03-22,P0032,W006,32,3.6283760883667333,SPIKE
2025-03-22,P0055,W002,68,3.3639928832543893,SPIKE
2025-03-22,P0008,W004,48,3.2909450049781217,SPIKE
2025-03-22,P0008,W006,94,3.2600584361889475,SPIKE
2025-03-17,P0007,W004,22,-3.200346577784992,DROP
2025-03-16,P0039,W002,67,3.4228110769427484,SPIKE
2025-03-16,P0011,W006,45,3.044868962827469,SPIKE
2025-03-16,P0029,W003,91,3.0616131528868107,SPIKE
2025-03-16,P0039,W006,80,3.6942789671399074,SPIKE
2025-03-16,P0050,W004,115,3.247461247491956,SPIKE
2025-03-16,P0051,W002,41,3.0597623044950764,SPIKE
2025-03-16,P0036,W002,33,3.9147667684432053,SPIKE
2025-03-16,P0001,W004,64,3.184545736993071,SPIKE
2025-03-16,P0025,W002,55,4.470936619546424,SPIKE
2025-03-16,P0012,W002,39,3.04787958317647,SPIKE
2025-03-15,P0005,W006,17,3.1807043905679726,SPIKE
2025-03-15,P0032,W005,62,3.0695841425361934,SPIKE
2025-03-15,P0017,W002,58,3.0206962472819474,SPIKE
2025-03-15,P0001,W001,30,5.134071040218442,SPIKE
2025-03-15,P0001,W006,35,4.309184390247394,SPIKE
2025-03-15,P0007,W006,20,3.1570682220218407,SPIKE
2025-03-15,P0051,W001,68,3.9450610708121587,SPIKE
2025-03-15,P0059,W006,29,3.401301508480151,SPIKE
2025-03-15,P0001,W005,28,3.9699782255481146,SPIKE
2025-03-15,P0040,W003,52,3.529471722063982,SPIKE
2025-03-15,P0024,W001,55,3.0733160237077386,SPIKE
2025-03-15,P0048,W005,107,3.2326588465143264,SPIKE
2025-03-15,P0017,W003,61,4.584528631262378,SPIKE
2025-03-15,P0042,W006,85,3.0928533103019737,SPIKE
2025-03-15,P0034,W004,14,3.6197569343847587,SPIKE
2025-03-15,P0049,W001,120,4.542125812272309,SPIKE
2025-03-15,P0046,W004,35,3.424161267051427,SPIKE
2025-03-15,P0018,W005,31,3.1062657825470166,SPIKE
2025-03-15,P0054,W001,79,3.977501671325719,SPIKE
2025-03-15,P0020,W003,110,3.161515851697544,SPIKE
2025-03-15,P0029,W001,71,3.757451763709951,SPIKE
2025-03-11,P0001,W002,59,3.4809617059904143,SPIKE
2025-03-11,P0001,W003,28,3.103815541833851,SPIKE
2025-03-09,P0029,W002,88,3.7421039119126576,SPIKE
2025-03-09,P0010,W003,134,3.291296286773341,SPIKE
2025-03-09,P0049,W004,72,3.692892588982066,SPIKE
2025-03-09,P0014,W004,59,3.0621366473269243,SPIKE
2025-03-09,P0025,W004,99,3.0404565061311786,SPIKE
2025-03-09,P0034,W003,8,3.0350781326339633,SPIKE
2025-03-09,P0027,W005,47,3.7445916732046522,SPIKE
2025-03-09,P0049,W006,51,3.4434014641696935,SPIKE
2025-03-09,P0035,W005,13,4.3823455473595985,SPIKE
2025-03-09,P0027,W006,51,3.916506279545743,SPIKE
2025-03-09,P0016,W004,32,3.474477552012445,SPIKE
2025-03-09,P0001,W006,26,3.0772374866144383,SPIKE
2025-03-09,P0005,W002,18,4.674446303869449,SPIKE
2025-03-09,P0031,W006,83,4.984342124452936,SPIKE
2025-03-08,P0029,W001,63,3.2564597506869895,SPIKE
2025-03-08,P0045,W003,55,3.081789268810134,SPIKE
2025-03-08,P0010,W001,140,3.761787632068063,SPIKE
2025-03-08,P0022,W006,18,3.3551845077228863,SPIKE
2025-03-08,P0051,W003,97,3.4207746636144223,SPIKE
2025-03-08,P0040,W004,74,3.317882403800158,SPIKE
2025-03-08,P0034,W006,18,4.502065310250599,SPIKE
2025-03-08,P0056,W001,61,3.6449527002287265,SPIKE
2025-03-08,P0015,W003,39,4.218835023046729,SPIKE
2025-03-08,P0053,W002,28,3.514723337880798,SPIKE
2025-03-08,P0060,W003,66,3.0568949294388887,SPIKE
2025-03-08,P0052,W002,88,3.277449401036844,SPIKE
2025-03-08,P0045,W001,119,3.351726776370138,SPIKE
2025-03-02,P0052,W001,73,3.192000150827588,SPIKE
2025-03-02,P0019,W006,138,3.6542433129410883,SPIKE
2025-03-02,P0031,W006,66,3.3140315236428113,SPIKE
2025-03-02,P0027,W003,41,3.760273160416728,SPIKE
2025-03-02,P0031,W001,116,3.367099888411254,SPIKE
2025-03-02,P0056,W004,38,3.231709851268231,SPIKE
2025-03-02,P0015,W004,48,3.8618647987560686,SPIKE
2025-03-02,P0016,W006,31,3.066938149630143,SPIKE
2025-03-02,P0033,W004,107,4.440394174665973,SPIKE
2025-03-02,P0024,W005,81,3.396510959656794,SPIKE
2025-03-02,P0019,W001,87,3.0977882313029466,SPIKE
2025-03-01,P0020,W001,70,3.365738432724911,SPIKE
2025-03-01,P0042,W004,78,4.187435525686569,SPIKE
2025-03-01,P0020,W006,119,3.6401227093038133,SPIKE
2025-03-01,P0008,W002,80,3.24001139259275,SPIKE
2025-03-01,P0016,W002,21,4.910187669558607,SPIKE
2025-03-01,P0040,W005,96,3.1732458559443355,SPIKE
2025-03-01,P0013,W006,48,4.190709831766306,SPIKE
2025-03-01,P0048,W001,72,3.087233375250261,SPIKE
2025-03-01,P0008,W001,38,3.0410857153116955,SPIKE
2025-03-01,P0047,W002,40,3.6445906568946143,SPIKE
2025-03-01,P0060,W003,62,3.1505295089021064,SPIKE
2025-03-01,P0024,W004,127,3.77851353792504,SPIKE
2025-03-01,P0042,W002,59,3.1013114123001944,SPIKE
2025-03-01,P0047,W003,28,3.1001223695957165,SPIKE
2025-03-01,P0012,W005,35,3.081901742508876,SPIKE
2025-03-01,P0006,W004,15,3.3780737282985798,SPIKE
2025-03-01,P0002,W004,54,3.077947566109932,SPIKE
2025-03-01,P0025,W004,94,3.1777945881195437,SPIKE
2025-03-01,P0052,W006,110,3.8818092222676603,SPIKE
2025-02-23,P0018,W003,20,3.631405515388198,SPIKE
2025-02-23,P0058,W006,106,3.6439519214629583,SPIKE
2025-02-23,P0020,W003,96,3.154265550515385,SPIKE
2025-02-23,P0055,W001,109,3.00518589655616,SPIKE
2025-02-23,P0036,W006,60,3.1868942913615057,SPIKE
2025-02-23,P0013,W004,126,3.2775831553469756,SPIKE
2025-02-23,P0025,W004,91,3.129362937454768,SPIKE
2025-02-23,P0057,W005,49,3.855056559253321,SPIKE
2025-02-23,P0051,W006,59,3.145763891189184,SPIKE
2025-02-23,P0028,W004,20,3.0643883876683002,SPIKE
2025-02-23,P0026,W002,12,3.063920013749444,SPIKE
2025-02-23,P0019,W001,91,5.423169135809645,SPIKE
2025-02-23,P0021,W004,41,3.170596302730085,SPIKE
2025-02-23,P0031,W005,139,4.658388234679882,SPIKE
2025-02-22,P0003,W003,18,3.9048174079012026,SPIKE
2025-02-22,P0033,W005,86,3.372281887812847,SPIKE
2025-02-22,P0049,W002,50,3.0762884307145137,SPIKE
2025-02-22,P0051,W002,39,3.280823628447825,SPIKE
2025-02-22,P0005,W004,26,3.2174013553851695,SPIKE
2025-02-22,P0045,W005,111,3.236381851546421,SPIKE
2025-02-22,P0006,W004,14,3.224655694580179,SPIKE
2025-02-22,P0042,W005,69,3.1370671700026427,SPIKE
2025-02-22,P0006,W001,19,3.0171943826830283,SPIKE
2025-02-22,P0010,W006,114,3.524131024610691,SPIKE
2025-02-22,P0041,W002,68,3.1913482277746814,SPIKE
2025-02-22,P0033,W006,107,3.007993583540416,SPIKE
2025-02-22,P0015,W001,17,3.7340102693330723,SPIKE
2025-02-22,P0048,W002,145,3.201007537247829,SPIKE
2025-02-22,P0013,W005,56,3.6226370834997668,SPIKE
2025-02-22,P0043,W006,53,3.5466299095897345,SPIKE
2025-02-22,P0056,W002,49,3.644093035833981,SPIKE
2025-02-22,P0013,W004,117,3.202534521909566,SPIKE
2025-02-22,P0045,W004,91,3.478569871144007,SPIKE
2025-02-22,P0004,W002,133,3.729570266143842,SPIKE
2025-02-22,P0027,W003,36,3.030879005323353,SPIKE
2025-02-22,P0053,W005,26,6.180365945683962,SPIKE
2025-02-22,P0022,W002,19,3.2852372068321976,SPIKE
2025-02-22,P0022,W003,19,3.528417383807976,SPIKE
2025-02-22,P0053,W001,37,3.894435326139092,SPIKE
2025-02-22,P0002,W005,48,3.0728976174063396,SPIKE
2025-02-22,P0043,W005,79,4.238031603554943,SPIKE
2025-02-22,P0025,W006,43,3.4969252387985463,SPIKE
2025-02-17,P0043,W004,78,4.962519036815912,SPIKE
2025-02-16,P0042,W003,53,3.042588846151801,SPIKE
2025-02-16,P0047,W003,29,3.6610819899197304,SPIKE
2025-02-16,P0008,W001,36,3.166260313396114,SPIKE
2025-02-16,P0057,W006,93,4.758812140433918,SPIKE
2025-02-16,P0053,W006,41,3.076877931668937,SPIKE
2025-02-16,P0037,W004,65,3.3684596103441677,SPIKE
2025-02-16,P0049,W004,57,3.2452217226054585,SPIKE
2025-02-16,P0003,W002,32,3.2753602521417187,SPIKE
2025-02-16,P0035,W002,12,3.0327260181560565,SPIKE
2025-02-16,P0043,W003,96,4.761896046056199,SPIKE
2025-02-16,P0019,W001,72,3.267608879447023,SPIKE
2025-02-16,P0043,W001,75,4.168819953545222,SPIKE
2025-02-16,P0041,W004,40,3.396174078922445,SPIKE
2025-02-16,P0043,W002,94,3.7718401687233145,SPIKE
2025-02-16,P0026,W006,17,3.433882188674324,SPIKE
2025-02-16,P0011,W002,20,3.0092178646391083,SPIKE
2025-02-16,P0049,W001,81,3.291356174490658,SPIKE
2025-02-16,P0055,W004,95,3.1491774175190232,SPIKE
2025-02-16,P0035,W006,23,3.013878297457454,SPIKE
2025-02-15,P0021,W002,75,4.399296060657202,SPIKE
2025-02-15,P0043,W006,44,4.639967788171497,SPIKE
2025-02-15,P0001,W006,25,3.8785508267966247,SPIKE
2025-02-15,P0049,W005,54,4.678942171867746,SPIKE
2025-02-15,P0012,W005,33,3.0093377303686686,SPIKE
2025-02-15,P0050,W002,79,3.3604940464019353,SPIKE
2025-02-15,P0053,W003,21,3.002269877749114,SPIKE
2025-02-15,P0006,W002,27,3.544257288808486,SPIKE
2025-02-15,P0041,W006,75,3.4186804782178157,SPIKE
2025-02-15,P0060,W002,57,3.4767836749047683,SPIKE
2025-02-15,P0034,W004,12,3.540937064410753,SPIKE
2025-02-15,P0060,W003,56,3.1552017850753638,SPIKE
2025-02-15,P0049,W006,44,4.541776968809268,SPIKE
2025-02-15,P0057,W002,62,3.242623863553055,SPIKE
2025-02-15,P0052,W002,81,3.386750702559135,SPIKE
2025-02-15,P0030,W002,51,4.226314214960358,SPIKE
2025-02-15,P0042,W002,55,3.7248181619812413,SPIKE
2025-02-15,P0043,W003,90,7.323942722217072,SPIKE
2025-02-15,P0043,W001,66,4.1070215241195305,SPIKE
2025-02-15,P0049,W003,71,5.666666666666708,SPIKE
2025-02-15,P0013,W002,97,3.2066430152811938,SPIKE
2025-02-15,P0008,W004,43,3.0187958678287474,SPIKE
2025-02-15,P0040,W001,120,3.2035197031039027,SPIKE
2025-02-15,P0049,W002,43,3.439156107255746,SPIKE
2025-02-15,P0034,W005,18,4.20209141299453,SPIKE
2025-02-15,P0043,W002,93,4.926366658007942,SPIKE
2025-02-15,P0043,W004,56,3.1273416946966575,SPIKE
2025-02-15,P0045,W002,52,3.0319448709099173,SPIKE
2025-02-15,P0031,W002,111,4.01439985574026,SPIKE
2025-02-15,P0034,W006,15,4.688521436696355,SPIKE
2025-02-15,P0049,W004,62,5.942255022440975,SPIKE
2025-02-15,P0043,W005,58,3.8709877954355005,SPIKE
2025-02-15,P0004,W005,122,3.1150740594163966,SPIKE
2025-02-15,P0021,W006,61,3.2368107944079796,SPIKE
2025-02-12,P0045,W006,32,-3.0602137719782734,DROP
2025-02-10,P0044,W002,15,3.1319723171017246,SPIKE
2025-02-09,P0047,W005,63,3.6238520276011985,SPIKE
2025-02-09,P0025,W003,76,3.0269574680275855,SPIKE
2025-02-09,P0041,W001,79,4.870997477634905,SPIKE
2025-02-09,P0045,W001,113,3.008498194849177,SPIKE
2025-02-09,P0044,W005,24,3.439306544685216,SPIKE
2025-02-09,P0019,W003,52,3.2365692380048348,SPIKE
2025-02-09,P0044,W004,15,3.283062334698422,SPIKE
2025-02-09,P0036,W002,32,3.6738148592683126,SPIKE
2025-02-09,P0037,W006,29,3.872722530466124,SPIKE
2025-02-09,P0048,W002,142,3.8758447619903182,SPIKE
2025-02-09,P0046,W004,32,3.0278828689757225,SPIKE
2025-02-09,P0041,W006,67,3.310155013708974,SPIKE
2025-02-09,P0044,W001,26,3.6650742628123525,SPIKE
2025-02-09,P0003,W004,30,3.157332735078742,SPIKE
2025-02-09,P0046,W003,57,3.030266036433177,SPIKE
2025-02-09,P0044,W003,29,6.371634542936658,SPIKE
2025-02-09,P0012,W002,37,3.4279737582769902,SPIKE
2025-02-09,P0051,W003,83,3.03172286255003,SPIKE
2025-02-09,P0008,W002,71,3.365359162681987,SPIKE
2025-02-09,P0013,W005,49,3.4210758116619866,SPIKE
2025-02-09,P0060,W002,51,3.0070772446998566,SPIKE
2025-02-09,P0030,W001,21,3.100456890489211,SPIKE
2025-02-09,P0012,W001,36,3.8072879832445548,SPIKE
2025-02-09,P0029,W003,89,3.0513298160173514,SPIKE
2025-02-09,P0058,W002,110,4.441997883611891,SPIKE
2025-02-09,P0035,W005,10,3.0860757664651737,SPIKE
2025-02-09,P0029,W002,82,4.4305426364342635,SPIKE
2025-02-08,P0051,W001,54,3.052648446645943,SPIKE
2025-02-08,P0037,W003,54,3.2204478827777026,SPIKE
2025-02-08,P0036,W006,55,3.173000947318994,SPIKE
2025-02-08,P0048,W004,72,3.6121511224940654,SPIKE
2025-02-08,P0044,W001,26,5.223591738729305,SPIKE
2025-02-08,P0046,W006,40,3.0303564553547817,SPIKE
2025-02-08,P0025,W002,46,3.729703726934591,SPIKE
2025-02-08,P0011,W004,22,3.2002252172997805,SPIKE
2025-02-08,P0055,W002,71,4.083029360700791,SPIKE
2025-02-08,P0044,W002,14,3.5117651150837825,SPIKE
2025-02-08,P0031,W001,109,3.0711048842985753,SPIKE
2025-02-08,P0033,W002,94,3.682239340784559,SPIKE
2025-02-08,P0044,W006,16,4.861102001152291,SPIKE
2025-02-08,P0004,W003,92,3.3642981577309423,SPIKE
2025-02-08,P0009,W005,52,3.443990499349672,SPIKE
2025-02-08,P0044,W003,18,3.0058709412759166,SPIKE
2025-02-08,P0042,W001,37,3.8305596302692346,SPIKE
2025-02-08,P0047,W005,62,4.774493459331195,SPIKE
2025-02-08,P0029,W005,115,3.0703337407059488,SPIKE
2025-02-08,P0037,W001,75,4.274796211992571,SPIKE
2025-02-08,P0057,W006,78,3.06846663088422,SPIKE
2025-02-08,P0050,W003,80,3.363194043775252,SPIKE
2025-02-08,P0002,W004,45,3.003589905688221,SPIKE
2025-02-08,P0044,W004,15,4.242778971719897,SPIKE
2025-02-08,P0044,W005,24,4.674194420532273,SPIKE
2025-02-07,P0044,W005,22,5.649116168424821,SPIKE
2025-02-07,P0044,W001,20,3.9361747905185336,SPIKE
2025-02-02,P0047,W006,24,3.3291467364896112,SPIKE
2025-02-02,P0003,W003,16,3.745326471733924,SPIKE
2025-02-02,P0021,W006,56,3.108471242379422,SPIKE
2025-02-02,P0035,W006,23,4.129039677206951,SPIKE
2025-02-02,P0030,W004,21,4.144216552148207,SPIKE
2025-02-02,P0052,W004,95,4.653952655823032,SPIKE
2025-02-02,P0045,W004,86,3.6012223764529607,SPIKE
2025-02-02,P0030,W006,44,3.752182020546571,SPIKE
2025-02-02,P0046,W005,54,3.385169726521017,SPIKE
2025-02-02,P0059,W003,30,3.2512192495771823,SPIKE
2025-02-02,P0032,W004,53,3.008100514446466,SPIKE
2025-02-02,P0005,W002,15,3.170041115106048,SPIKE
2025-02-02,P0014,W003,51,3.1614466165518373,SPIKE
2025-02-02,P0029,W004,58,3.1667172026827948,SPIKE
2025-02-02,P0055,W005,124,3.0850399171634226,SPIKE
2025-02-02,P0051,W001,51,3.026383451621947,SPIKE
2025-02-02,P0056,W003,26,3.323795879355338,SPIKE
2025-02-02,P0054,W003,69,3.303970967507917,SPIKE
2025-02-02,P0010,W001,126,3.881057080010491,SPIKE
2025-02-02,P0054,W001,103,4.327913344477851,SPIKE
2025-02-02,P0059,W001,57,3.915315110149184,SPIKE
2025-02-02,P0038,W002,72,5.125072294294452,SPIKE
2025-02-02,P0045,W006,88,3.122119849130067,SPIKE
2025-02-02,P0039,W003,56,3.0274317156067574,SPIKE
2025-02-02,P0018,W002,14,3.0045049683301572,SPIKE
2025-02-02,P0044,W001,17,3.022682023340617,SPIKE
2025-02-02,P0026,W004,11,3.040838855083897,SPIKE
2025-02-01,P0036,W003,44,3.874431824291838,SPIKE
2025-02-01,P0012,W004,36,4.305323379032148,SPIKE
2025-02-01,P0024,W006,98,3.1928073694276042,SPIKE
2025-02-01,P0016,W006,25,3.075608548860507,SPIKE
2025-02-01,P0019,W004,142,4.713951172024993,SPIKE
2025-02-01,P0058,W004,85,3.277937124911371,SPIKE
2025-02-01,P0008,W005,46,3.2852372068322135,SPIKE
2025-02-01,P0009,W006,23,3.2755718860621186,SPIKE
2025-02-01,P0019,W005,76,3.0418392337126363,SPIKE
2025-02-01,P0001,W002,54,4.88354966615287,SPIKE
2025-02-01,P0029,W004,55,3.3290122194157092,SPIKE
2025-02-01,P0052,W003,65,3.790657804290603,SPIKE
2025-02-01,P0053,W003,19,3.107674810143203,SPIKE
2025-02-01,P0029,W001,60,3.4629761029577466,SPIKE
2025-02-01,P0008,W006,89,3.558403951294958,SPIKE
2025-02-01,P0054,W003,62,3.18441969700363,SPIKE
2025-02-01,P0045,W001,106,3.723665825296906,SPIKE
2025-02-01,P0008,W003,46,3.1054041354819466,SPIKE
2025-02-01,P0060,W004,101,4.403024454360286,SPIKE
2025-02-01,P0002,W001,50,3.1702584230629243,SPIKE
2025-02-01,P0057,W001,121,4.004996531480363,SPIKE
2025-02-01,P0054,W001,82,3.0310107612932167,SPIKE
2025-02-01,P0033,W001,54,3.2213406898399604,SPIKE
2025-02-01,P0058,W003,51,3.243780446052963,SPIKE
2025-02-01,P0024,W001,48,3.0338691201309564,SPIKE
2025-02-01,P0044,W003,16,3.0549350426343915,SPIKE
2025-02-01,P0046,W004,30,3.256157164833594,SPIKE
2025-02-01,P0004,W005,117,4.303859990630882,SPIKE
2025-02-01,P0011,W006,42,3.0025108925250765,SPIKE
2025-02-01,P0040,W001,108,3.3400963336850875,SPIKE
2025-02-01,P0047,W004,47,3.0650489863140113,SPIKE
2025-01-29,P0054,W004,149,4.232720409439629,SPIKE
2025-01-26,P0056,W002,43,3.0651081838841976,SPIKE
2025-01-26,P0040,W006,90,3.694256305477445,SPIKE
2025-01-26,P0005,W006,15,3.2040586246598495,SPIKE
2025-01-26,P0021,W003,43,3.256096496913877,SPIKE
2025-01-26,P0038,W001,49,6.379572735213735,SPIKE
2025-01-26,P0054,W001,78,3.8143893452608317,SPIKE
2025-01-26,P0029,W003,80,3.0226684393715515,SPIKE
2025-01-26,P0008,W005,48,4.859326810519382,SPIKE
2025-01-26,P0010,W005,106,3.5633797355798142,SPIKE
2025-01-26,P0003,W003,15,3.611404988270527,SPIKE
2025-01-26,P0038,W002,48,3.3819078913529523,SPIKE
2025-01-26,P0018,W002,13,3.1169500054014954,SPIKE
2025-01-26,P0054,W003,57,5.0172153052120825,SPIKE
2025-01-26,P0051,W004,82,3.2150339848649465,SPIKE
2025-01-26,P0036,W003,41,4.188404147940805,SPIKE
2025-01-26,P0045,W002,49,3.084602218572696,SPIKE
2025-01-26,P0038,W003,64,4.327750694876034,SPIKE
2025-01-26,P0017,W006,36,3.324508245209183,SPIKE
2025-01-26,P0022,W004,13,3.055329196068789,SPIKE
2025-01-26,P0059,W004,40,3.4225757176358136,SPIKE
2025-01-26,P0017,W003,57,3.790841728587213,SPIKE
2025-01-26,P0054,W006,146,4.701584825904658,SPIKE
2025-01-26,P0054,W005,91,4.237662266112313,SPIKE
2025-01-26,P0038,W006,82,6.037593262290421,SPIKE
2025-01-26,P0038,W004,48,3.9513573847377286,SPIKE
2025-01-26,P0001,W005,24,3.6636380640605273,SPIKE
2025-01-25,P0009,W003,38,3.575127773645397,SPIKE
2025-01-25,P0047,W002,38,3.954031001377723,SPIKE
2025-01-25,P0038,W005,58,4.455839826768144,SPIKE
2025-01-25,P0026,W006,15,3.7023147763522855,SPIKE
2025-01-25,P0026,W001,7,3.0969924039599395,SPIKE
2025-01-25,P0059,W005,55,3.0995481186285754,SPIKE
2025-01-25,P0038,W004,46,4.823697444028463,SPIKE
2025-01-25,P0059,W004,36,3.0936963483363575,SPIKE
2025-01-25,P0040,W002,49,3.639635281235382,SPIKE
2025-01-25,P0017,W004,34,6.062901279900973,SPIKE
2025-01-25,P0013,W006,43,3.4349568586987203,SPIKE
2025-01-25,P0011,W006,39,3.4506399707135444,SPIKE
2025-01-25,P0017,W006,39,5.741063545824659,SPIKE
2025-01-25,P0004,W006,67,3.0935195561703743,SPIKE
2025-01-25,P0033,W005,82,3.826498069891196,SPIKE
2025-01-25,P0024,W006,92,3.383152631228853,SPIKE
2025-01-25,P0021,W003,40,3.2405028578509314,SPIKE
2025-01-25,P0032,W002,52,3.41815337673794,SPIKE
2025-01-25,P0059,W001,46,3.3443678412430304,SPIKE
2025-01-25,P0017,W005,35,6.349801685004846,SPIKE
2025-01-25,P0015,W004,40,3.093772920314583,SPIKE
2025-01-25,P0041,W004,36,3.2474137356820276,SPIKE
2025-01-25,P0046,W002,63,3.9434941181206202,SPIKE
2025-01-25,P0040,W005,84,3.7130898222586217,SPIKE
2025-01-25,P0017,W002,60,3.694725175631426,SPIKE
2025-01-25,P0038,W006,62,4.187860617820995,SPIKE
2025-01-25,P0017,W001,22,3.934589663367784,SPIKE
2025-01-25,P0010,W005,95,3.0940183246362323,SPIKE
2025-01-25,P0038,W002,43,3.019338159442957,SPIKE
2025-01-19,P0020,W003,101,3.4482060744409675,SPIKE
2025-01-19,P0018,W001,31,3.6733730279009036,SPIKE
2025-01-19,P0020,W006,124,3.5178966113420667,SPIKE
2025-01-19,P0020,W001,84,3.74948035696482,SPIKE
2025-01-19,P0024,W004,100,3.1102920449383937,SPIKE
2025-01-19,P0011,W003,44,3.020014310549099,SPIKE
2025-01-19,P0020,W004,75,3.197731671813229,SPIKE
2025-01-18,P0027,W005,39,3.855596123046452,SPIKE
2025-01-18,P0028,W001,25,3.724384533282588,SPIKE
2025-01-18,P0019,W001,68,3.3355006269065357,SPIKE
2025-01-18,P0023,W004,94,3.6814524715377632,SPIKE
2025-01-18,P0039,W004,68,3.2377849197505917,SPIKE
2025-01-18,P0028,W003,30,3.892318454852996,SPIKE
2025-01-18,P0020,W005,101,3.39893003311671,SPIKE
2025-01-18,P0002,W006,44,3.208844935673125,SPIKE
2025-01-18,P0047,W001,38,3.10973832354825,SPIKE
2025-01-18,P0051,W006,54,3.2504542712095565,SPIKE
2025-01-18,P0033,W003,73,4.068129623824465,SPIKE
2025-01-18,P0020,W002,83,3.4143020904150587,SPIKE
2025-01-12,P0041,W005,45,3.188104874830448,SPIKE
2025-01-12,P0058,W005,72,3.0924662351918175,SPIKE
2025-01-12,P0032,W006,26,3.615607415691352,SPIKE
2025-01-11,P0020,W005,92,3.710719234716379,SPIKE
2025-01-11,P0037,W004,66,3.5024733348655377,SPIKE
2025-01-11,P0028,W002,13,3.2850052481379004,SPIKE
2025-01-11,P0032,W002,51,3.462619236117399,SPIKE
2025-01-11,P0023,W004,83,3.0147958440139186,SPIKE
2025-01-05,P0038,W003,47,3.0452408730748393,SPIKE
2025-01-05,P0015,W003,35,3.8591112025863303,SPIKE
2025-01-04,P0055,W001,95,3.0231216129056016,SPIKE
2025-01-04,P0015,W006,14,3.0640084645140178,SPIKE
2025-01-04,P0024,W002,53,3.483211901609692,SPIKE
2025-01-04,P0015,W001,15,3.5273732523087795,SPIKE
2025-01-04,P0002,W005,46,3.659650318984803,SPIKE
2025-01-04,P0056,W004,32,3.0945795936559484,SPIKE
2025-01-01,P0054,W005,74,3.0945853380265897,SPIKE
2025-01-01,P0035,W002,11,3.420000893218236,SPIKE
2025-01-01,P0051,W003,79,3.199448913884638,SPIKE
2025-01-01,P0031,W001,110,3.031953480330721,SPIKE
2025-01-01,P0048,W004,63,4.103766206323851,SPIKE
2025-01-01,P0036,W006,55,3.037714064040247,SPIKE
2025-01-01,P0056,W005,69,3.5669830310779282,SPIKE
2025-01-01,P0045,W004,76,3.212452439927915,SPIKE
2025-01-01,P0056,W003,24,3.225310926976968,SPIKE
2025-01-01,P0060,W002,49,4.310478212751341,SPIKE
2025-01-01,P0011,W005,19,3.495311311769074,SPIKE
2025-01-01,P0038,W001,35,3.5012058577374727,SPIKE
2025-01-01,P0017,W003,51,3.5981145856446752,SPIKE
2025-01-01,P0017,W004,25,3.2972608909746954,SPIKE
2025-01-01,P0043,W003,54,3.7017413443678593,SPIKE
2025-01-01,P0013,W002,84,3.1929226383264275,SPIKE
2025-01-01,P0031,W004,70,3.5822196079413775,SPIKE
2025-01-01,P0018,W003,19,3.569238861100731,SPIKE
2025-01-01,P0024,W002,48,3.169245798782485,SPIKE
2025-01-01,P0015,W001,14,3.6625152030048627,SPIKE
2025-01-01,P0053,W005,21,3.9511030046394877,SPIKE
2025-01-01,P0007,W005,30,4.176803888095786,SPIKE
2025-01-01,P0040,W003,41,3.1130957071502317,SPIKE
2024-12-29,P0008,W001,35,3.281315320236321,SPIKE
2024-12-29,P0031,W006,64,3.2356696155667377,SPIKE
2024-12-29,P0005,W006,13,3.259404049751403,SPIKE
2024-12-29,P0021,W002,62,3.0633398046731743,SPIKE
2024-12-29,P0011,W001,20,3.4903403949239142,SPIKE
2024-12-29,P0001,W003,21,3.214926666171487,SPIKE
2024-12-29,P0005,W002,15,4.5528002176553635,SPIKE
2024-12-28,P0019,W002,53,3.0389811144924272,SPIKE
2024-12-28,P0049,W001,60,3.0517473027880406,SPIKE
2024-12-28,P0010,W004,70,3.1645533916625412,SPIKE
2024-12-28,P0023,W005,65,3.1136023279262717,SPIKE
2024-12-28,P0042,W003,46,3.050104378555301,SPIKE
2024-12-25,P0057,W001,101,3.3124442491993187,SPIKE
2024-12-25,P0005,W001,10,4.046785216469417,SPIKE
2024-12-25,P0032,W004,50,3.397074276665496,SPIKE
2024-12-25,P0039,W002,61,3.1525946234648354,SPIKE
2024-12-25,P0032,W003,36,4.435148547192024,SPIKE
2024-12-25,P0057,W004,119,4.17808421080632,SPIKE
2024-12-25,P0057,W006,76,3.5039694430895696,SPIKE
2024-12-25,P0039,W001,89,6.320117212993659,SPIKE
2024-12-25,P0018,W005,31,4.409226255420073,SPIKE
2024-12-25,P0043,W006,35,3.244582573505273,SPIKE
2024-12-25,P0007,W003,21,3.853766359227732,SPIKE
2024-12-25,P0043,W005,54,3.67175790751106,SPIKE
2024-12-25,P0022,W006,15,3.258006064501065,SPIKE
2024-12-25,P0011,W006,39,4.660724853464177,SPIKE
2024-12-25,P0023,W002,127,3.412102760975723,SPIKE
2024-12-25,P0057,W003,50,3.517353293820227,SPIKE
2024-12-25,P0013,W006,44,3.404868831846399,SPIKE
2024-12-25,P0029,W005,100,3.0141915065121307,SPIKE
2024-12-25,P0022,W005,18,4.459995171003717,SPIKE
2024-12-25,P0045,W004,78,3.7399740414436358,SPIKE
2024-12-25,P0055,W005,125,3.155615938481727,SPIKE
2024-12-25,P0004,W006,76,4.37151945087744,SPIKE
2024-12-25,P0002,W001,59,4.852601614930129,SPIKE
2024-12-25,P0056,W002,44,3.2161065321943227,SPIKE
2024-12-25,P0058,W003,61,4.28287464942979,SPIKE
2024-12-25,P0045,W003,61,6.8432060956802445,SPIKE
2024-12-25,P0056,W003,23,3.437444848726525,SPIKE
2024-12-25,P0013,W005,66,4.851761040488891,SPIKE
2024-12-25,P0026,W001,7,3.411832030672696,SPIKE
2024-12-25,P0022,W002,18,3.1808323027166407,SPIKE
2024-12-25,P0030,W001,21,3.8563486697825193,SPIKE
2024-12-25,P0009,W001,18,4.064507930746478,SPIKE
2024-12-25,P0043,W002,88,4.996993220939971,SPIKE
2024-12-25,P0058,W001,101,3.921844701295446,SPIKE
2024-12-25,P0031,W006,69,5.0458096773035885,SPIKE
2024-12-25,P0008,W001,35,3.1353822909065574,SPIKE
2024-12-25,P0023,W003,45,3.054050828506954,SPIKE
2024-12-25,P0058,W004,88,5.168041436328174,SPIKE
2024-12-25,P0001,W005,25,4.746206917803495,SPIKE
2024-12-25,P0038,W006,55,3.1009014322764012,SPIKE
2024-12-25,P0022,W003,16,3.4102943460765367,SPIKE
2024-12-25,P0029,W004,61,4.4057016120185395,SPIKE
2024-12-25,P0009,W005,44,3.2198130049317766,SPIKE
2024-12-25,P0009,W006,27,5.286391139889727,SPIKE
2024-12-25,P0015,W002,36,4.443296259158883,SPIKE
2024-12-25,P0042,W006,74,3.5876715017888676,SPIKE
2024-12-25,P0033,W002,94,3.038556737262935,SPIKE
2024-12-25,P0021,W005,70,4.014659386741612,SPIKE
2024-12-25,P0022,W004,14,3.2213441169707586,SPIKE
2024-12-25,P0002,W002,31,3.0732313609203348,SPIKE
2024-12-25,P0046,W001,35,4.148590972762934,SPIKE
2024-12-25,P0055,W003,61,3.7094533565367414,SPIKE
2024-12-25,P0011,W002,25,5.061618487213966,SPIKE
2024-12-25,P0017,W005,23,3.0341466043894436,SPIKE
2024-12-25,P0052,W001,71,4.672134126463844,SPIKE
2024-12-25,P0052,W002,77,6.117136163165439,SPIKE
2024-12-25,P0003,W005,34,4.3324227138557605,SPIKE
2024-12-25,P0052,W003,68,4.426522053330296,SPIKE
2024-12-25,P0006,W004,15,4.132080323047367,SPIKE
2024-12-25,P0049,W001,59,3.3847774305300424,SPIKE
2024-12-25,P0052,W004,84,3.502052429788418,SPIKE
2024-12-25,P0048,W005,121,4.722291378647702,SPIKE
2024-12-25,P0036,W006,60,4.6118162103953395,SPIKE
2024-12-25,P0008,W003,49,3.4671611031959952,SPIKE
2024-12-25,P0001,W002,58,6.3861925266808335,SPIKE
2024-12-25,P0060,W001,58,4.331792675046875,SPIKE
2024-12-25,P0040,W005,69,3.0182128198908935,SPIKE
2024-12-25,P0052,W006,91,3.144211079354897,SPIKE
2024-12-25,P0042,W001,34,3.9358745615598933,SPIKE
2024-12-25,P0017,W001,23,4.280800742613451,SPIKE
2024-12-25,P0048,W003,61,3.1807489869959786,SPIKE
2024-12-25,P0037,W001,69,4.10900089152548,SPIKE
2024-12-25,P0019,W006,124,4.911081861784553,SPIKE
2024-12-25,P0006,W006,19,3.1091020646798517,SPIKE
2024-12-25,P0016,W006,30,3.9169258415920893,SPIKE
2024-12-25,P0010,W002,55,3.43587447712214,SPIKE
2024-12-25,P0009,W003,37,4.265424418886753,SPIKE
2024-12-25,P0059,W006,25,3.0288837409179328,SPIKE
2024-12-25,P0059,W001,47,3.318145004283444,SPIKE
2024-12-25,P0031,W002,96,3.169901954598472,SPIKE
2024-12-25,P0049,W002,45,5.4569698257247214,SPIKE
2024-12-25,P0012,W004,36,3.818377572521642,SPIKE
2024-12-25,P0019,W003,50,4.491209557162336,SPIKE
2024-12-25,P0031,W001,108,4.076694203885392,SPIKE
2024-12-25,P0024,W005,89,5.046564448077813,SPIKE
2024-12-25,P0010,W005,100,3.8210539411407214,SPIKE
2024-12-25,P0003,W003,16,3.952988342822224,SPIKE
2024-12-25,P0050,W004,104,3.549944704394449,SPIKE
2024-12-25,P0035,W006,30,6.480303443817186,SPIKE
2024-12-25,P0018,W006,20,4.601842179429509,SPIKE
2024-12-25,P0030,W005,28,5.657709176697618,SPIKE
2024-12-25,P0035,W005,11,3.8175505337490776,SPIKE
2024-12-25,P0050,W001,118,3.1607167505712166,SPIKE
2024-12-25,P0009,W002,28,4.420341494073161,SPIKE
2024-12-25,P0012,W003,27,3.4210811296203385,SPIKE
2024-12-25,P0041,W001,68,3.7959736084009754,SPIKE
2024-12-25,P0049,W006,45,3.9333536747966056,SPIKE
2024-12-25,P0036,W002,35,4.788819748632033,SPIKE
2024-12-25,P0060,W004,101,3.5852822140961513,SPIKE
2024-12-25,P0050,W006,109,4.385597988013462,SPIKE
2024-12-25,P0041,W004,37,3.215534550779615,SPIKE
2024-12-25,P0049,W005,45,3.5418605448835834,SPIKE
2024-12-25,P0035,W004,19,3.9295041608137393,SPIKE
2024-12-25,P0051,W003,75,3.4904368670775123,SPIKE
2024-12-25,P0049,W004,57,5.3642514667426555,SPIKE
2024-12-25,P0008,W004,42,4.001749576157681,SPIKE
2024-12-25,P0003,W002,30,4.094483310258006,SPIKE
2024-12-25,P0049,W003,65,4.13324138737696,SPIKE
2024-12-25,P0027,W004,30,3.6559899317750912,SPIKE
2024-12-25,P0035,W002,11,3.916502739778382,SPIKE
2024-12-25,P0053,W003,18,3.9227521583862965,SPIKE
2024-12-25,P0053,W001,38,3.3909537322848466,SPIKE
2024-12-25,P0026,W006,17,4.7481161267882745,SPIKE
2024-12-25,P0042,W004,63,4.623691348217421,SPIKE
2024-12-25,P0047,W003,28,4.296334579334553,SPIKE
2024-12-25,P0020,W001,74,4.41158281780032,SPIKE
2024-12-25,P0008,W002,83,4.2255917391611355,SPIKE
2024-12-25,P0039,W003,64,3.7326794983192,SPIKE
2024-12-25,P0059,W004,35,3.7799268897195764,SPIKE
2024-12-25,P0047,W002,33,3.9022667760916803,SPIKE
2024-12-25,P0033,W006,90,3.0943212550816304,SPIKE
2024-12-25,P0037,W005,43,3.9293703380783147,SPIKE
2024-12-25,P0020,W006,99,3.611733784389928,SPIKE
2024-12-25,P0023,W006,87,3.1533069924208537,SPIKE
2024-12-25,P0026,W004,12,3.11097647100949,SPIKE
2024-12-25,P0054,W004,134,3.9678474873258684,SPIKE
2024-12-25,P0046,W006,41,3.0063851257407963,SPIKE
2024-12-25,P0037,W006,29,4.521858000108615,SPIKE
2024-12-25,P0054,W005,83,4.528558851498648,SPIKE
2024-12-25,P0021,W001,69,4.313491068927771,SPIKE
2024-12-25,P0004,W003,92,4.3940725248772114,SPIKE
2024-12-25,P0042,W005,71,4.511702438300122,SPIKE
2024-12-25,P0046,W005,49,4.358929733103302,SPIKE
2024-12-25,P0002,W003,49,3.7608342904700613,SPIKE
2024-12-25,P0007,W001,18,3.1020196548055803,SPIKE
2024-12-25,P0026,W003,15,4.167394315199104,SPIKE
2024-12-25,P0033,W004,105,4.5889148966299915,SPIKE
2024-12-25,P0055,W002,76,4.28052083154879,SPIKE
2024-12-25,P0029,W002,79,3.577973756080219,SPIKE
2024-12-25,P0046,W003,58,4.319021779275003,SPIKE
2024-12-25,P0046,W002,65,4.256415184436249,SPIKE
2024-12-25,P0054,W001,76,4.45087418631872,SPIKE
2024-12-25,P0016,W002,16,3.0499207542745417,SPIKE
2024-12-25,P0002,W004,51,5.345195971469431,SPIKE
2024-12-25,P0020,W004,79,5.094534233013739,SPIKE
2024-12-25,P0016,W005,25,3.5002067380138837,SPIKE
2024-12-25,P0006,W003,29,4.254423680548082,SPIKE
2024-12-25,P0048,W001,70,4.124848965650345,SPIKE
2024-12-25,P0040,W004,70,4.078680973948457,SPIKE
2024-12-25,P0005,W005,16,3.938196575235106,SPIKE
2024-12-25,P0034,W002,10,3.3776224379485313,SPIKE
2024-12-25,P0037,W002,77,4.893711776799304,SPIKE
2024-12-25,P0020,W002,70,3.126763494689668,SPIKE
2024-12-25,P0042,W002,56,4.032551376070687,SPIKE
2024-12-25,P0047,W006,26,4.752227783240509,SPIKE
2024-12-25,P0059,W005,60,3.1961766975185326,SPIKE
2024-12-25,P0004,W001,60,3.8007210945761765,SPIKE
2024-12-25,P0053,W004,23,3.0430441464354354,SPIKE
2024-12-25,P0031,W003,87,4.416962438097489,SPIKE
2024-12-25,P0009,W004,38,3.49185781097714,SPIKE
2024-12-25,P0013,W001,45,3.449143503696415,SPIKE
2024-12-25,P0020,W003,102,4.095679217856649,SPIKE
2024-12-25,P0016,W004,30,4.990437779252817,SPIKE
2024-12-25,P0037,W004,60,3.3243129414665638,SPIKE
2024-12-25,P0047,W004,56,6.315270106154583,SPIKE
2024-12-25,P0047,W005,64,3.2780651907491736,SPIKE
2024-12-25,P0030,W003,39,5.008840337327844,SPIKE
2024-12-25,P0026,W005,12,4.887482476478311,SPIKE
2024-12-25,P0053,W006,42,4.315540669863638,SPIKE
2024-12-22,P0032,W005,51,3.282669220070487,SPIKE
2024-12-22,P0010,W006,91,3.3444103122446323,SPIKE
2024-12-22,P0028,W002,13,3.0763291591862534,SPIKE
2024-12-22,P0028,W006,17,3.2371013479055795,SPIKE
2024-12-21,P0047,W002,28,3.197795383823682,SPIKE
2024-12-21,P0050,W002,75,3.072719563316454,SPIKE
2024-12-21,P0009,W002,22,3.2923281585972184,SPIKE
2024-12-21,P0008,W002,65,3.6571170747048383,SPIKE
2024-12-21,P0024,W006,77,3.416173336397771,SPIKE
2024-12-20,P0042,W001,7,-3.039729174168124,DROP
2024-12-15,P0018,W005,24,3.101630550254363,SPIKE
2024-12-15,P0009,W004,35,3.2202533194357668,SPIKE
2024-12-15,P0010,W002,50,3.5140602230582667,SPIKE
2024-12-15,P0002,W001,46,3.8692538197137707,SPIKE
2024-12-15,P0045,W003,38,3.0350712042504533,SPIKE
2024-12-15,P0044,W003,14,3.3524872120430844,SPIKE
2024-12-14,P0035,W005,9,3.239050857447074,SPIKE
2024-12-14,P0028,W006,15,3.0999683742852517,SPIKE
2024-12-14,P0034,W003,9,3.3324320950713298,SPIKE
2024-12-14,P0021,W004,32,3.2077572792245164,SPIKE
2024-12-14,P0033,W001,39,3.598325950653924,SPIKE
2024-12-14,P0037,W003,41,3.2849694023813467,SPIKE
2024-12-14,P0043,W004,49,3.239088810554225,SPIKE
2024-12-08,P0034,W001,24,3.6597215499486406,SPIKE
2024-12-08,P0057,W004,92,3.5256002859145577,SPIKE
2024-12-08,P0028,W003,26,5.451640655738389,SPIKE
2024-12-08,P0014,W006,30,3.051509987051925,SPIKE
2024-12-08,P0028,W002,11,3.275224842283914,SPIKE
2024-12-08,P0034,W005,18,3.5781565544178466,SPIKE
2024-12-08,P0014,W001,47,3.2282936137763754,SPIKE
2024-12-08,P0030,W004,17,3.52597017207674,SPIKE
2024-12-08,P0057,W001,85,3.1579111656480783,SPIKE
2024-12-07,P0003,W004,27,4.526367003228581,SPIKE
2024-12-07,P0034,W003,8,4.837607185476813,SPIKE
2024-12-07,P0039,W003,56,3.401023924292373,SPIKE
2024-12-07,P0046,W002,51,3.1789477053131403,SPIKE
2024-12-07,P0014,W004,61,3.1225684193345726,SPIKE
2024-12-07,P0014,W006,30,3.8301119239960175,SPIKE
2024-12-07,P0029,W006,58,3.128211578477565,SPIKE
2024-12-07,P0038,W005,40,3.320737522647929,SPIKE
2024-12-06,P0034,W002,8,3.4325853360249874,SPIKE
2024-12-05,P0034,W001,18,3.1653444925839813,SPIKE
2024-12-05,P0034,W006,13,3.3255265724584184,SPIKE
2024-12-03,P0014,W004,53,3.2943854287301995,SPIKE
2024-12-03,P0014,W006,24,3.1913875165770995,SPIKE
2024-12-03,P0014,W003,43,4.1328194135300595,SPIKE
2024-12-01,P0015,W006,13,3.1477505195510243,SPIKE
2024-12-01,P0018,W004,11,3.414420731769824,SPIKE
2024-11-30,P0045,W005,91,3.049294045012666,SPIKE
2024-11-30,P0054,W001,57,3.0540044820021763,SPIKE
2024-11-30,P0050,W006,82,3.1464316611587377,SPIKE
2024-11-30,P0002,W001,38,3.243559592590162,SPIKE
2024-11-25,P0028,W005,17,3.709641837773383,SPIKE
2024-11-25,P0034,W004,14,8.381642916785358,SPIKE
2024-11-25,P0007,W006,20,8.739491968472926,SPIKE
2024-11-25,P0034,W005,17,6.535455770084767,SPIKE
2024-11-25,P0009,W002,21,3.7208931337616664,SPIKE
2024-11-25,P0006,W006,20,5.343095286432385,SPIKE
2024-11-25,P0034,W003,7,7.13360721659743,SPIKE
2024-11-25,P0026,W006,16,5.23848535194376,SPIKE
2024-11-25,P0037,W002,58,5.812945465147564,SPIKE
2024-11-25,P0040,W004,49,3.031098985307059,SPIKE
2024-11-25,P0005,W005,16,4.882773853876889,SPIKE
2024-11-25,P0006,W003,23,4.5638633884463795,SPIKE
2024-11-25,P0037,W003,41,3.893318425935854,SPIKE
2024-11-25,P0031,W003,81,5.448595586114456,SPIKE
2024-11-25,P0028,W001,22,5.789553607534935,SPIKE
2024-11-25,P0034,W002,7,3.608955722021107,SPIKE
2024-11-25,P0028,W006,14,5.186290989196799,SPIKE
2024-11-25,P0037,W001,55,3.747866823632593,SPIKE
2024-11-25,P0030,W005,22,7.0800735414947455,SPIKE
2024-11-25,P0027,W001,20,6.450410949578175,SPIKE
2024-11-25,P0027,W004,32,6.616918050195695,SPIKE
2024-11-25,P0041,W001,60,3.9836633254291645,SPIKE
2024-11-25,P0031,W001,86,5.087912217326405,SPIKE
2024-11-25,P0035,W005,9,4.7201022318764005,SPIKE
2024-11-25,P0027,W006,41,5.404263440964641,SPIKE
2024-11-25,P0006,W005,25,3.3113452112772217,SPIKE
2024-11-25,P0028,W002,12,5.990617664314889,SPIKE
2024-11-25,P0040,W006,104,6.40846479686297,SPIKE
2024-11-25,P0024,W006,72,3.309951337169831,SPIKE
2024-11-25,P0036,W001,26,3.615699556680293,SPIKE
2024-11-25,P0035,W004,15,4.4525115111655715,SPIKE
2024-11-25,P0035,W003,20,8.608862238317478,SPIKE
2024-11-25,P0035,W002,10,3.5138137916038032,SPIKE
2024-11-25,P0025,W001,52,5.551025533267491,SPIKE
2024-11-25,P0035,W001,11,5.088286369112844,SPIKE
2024-11-25,P0007,W005,29,4.2894823350925035,SPIKE
2024-11-25,P0027,W003,44,7.7261801613465595,SPIKE
2024-11-25,P0034,W006,12,3.714184752380669,SPIKE
2024-11-25,P0006,W004,14,5.111162508499862,SPIKE
2024-11-25,P0008,W004,40,4.6828191763451175,SPIKE
2024-11-25,P0028,W004,18,5.887001794076218,SPIKE
2024-11-25,P0027,W002,27,6.054527510118978,SPIKE
2024-11-25,P0036,W005,27,3.4447587042365884,SPIKE
2024-11-25,P0008,W003,43,7.259759173192952,SPIKE
2024-11-25,P0008,W005,46,6.078331952044456,SPIKE
2024-11-25,P0036,W004,67,3.480464605963683,SPIKE
2024-11-25,P0037,W006,22,4.372698171225188,SPIKE
2024-11-25,P0031,W004,86,5.844837766105055,SPIKE
2024-11-25,P0037,W004,60,6.315262178447849,SPIKE
2024-11-25,P0008,W006,95,7.23925798473085,SPIKE
2024-11-25,P0029,W003,87,6.309554313473086,SPIKE
2024-11-25,P0039,W005,96,5.712888189952767,SPIKE
2024-11-25,P0030,W001,20,5.651834338794876,SPIKE
2024-11-25,P0033,W001,39,5.472384628707912,SPIKE
2024-11-25,P0032,W001,34,4.6021203150847745,SPIKE
2024-11-25,P0032,W002,48,3.2657764284297017,SPIKE
2024-11-25,P0025,W003,78,3.5185105506519583,SPIKE
2024-11-25,P0026,W001,7,4.609233915958891,SPIKE
2024-11-25,P0006,W001,17,5.66996124402085,SPIKE
2024-11-25,P0038,W005,40,4.377584420293164,SPIKE
2024-11-25,P0032,W006,26,3.5129010796136932,SPIKE
2024-11-25,P0039,W004,62,5.403262112116733,SPIKE
2024-11-25,P0029,W006,57,3.6998412623727206,SPIKE
2024-11-25,P0029,W004,50,3.8520302980122714,SPIKE
2024-11-25,P0038,W006,57,5.227602596960573,SPIKE
2024-11-25,P0025,W006,81,10.438613663199858,SPIKE
2024-11-25,P0039,W001,62,3.667340351300923,SPIKE
2024-11-25,P0032,W005,49,3.2203403515203477,SPIKE
2024-11-25,P0025,W004,127,6.532568850894409,SPIKE
2024-11-25,P0039,W002,67,5.535541237906943,SPIKE
2024-11-25,P0025,W005,139,5.831190379010575,SPIKE
2024-11-25,P0032,W004,49,4.507811297230241,SPIKE
2024-11-25,P0007,W003,19,5.793046863720115,SPIKE
2024-11-25,P0039,W003,54,3.50074200922604,SPIKE
2024-11-25,P0032,W003,32,4.231346118526071,SPIKE
2024-11-25,P0009,W001,16,4.486946880417977,SPIKE
2024-11-25,P0038,W004,41,4.752832566389159,SPIKE
2024-11-25,P0007,W002,46,6.053065800692108,SPIKE
2024-11-25,P0008,W001,38,6.9146902510126855,SPIKE
2024-11-25,P0031,W006,58,5.1555240068069335,SPIKE
2024-11-25,P0040,W003,40,3.346839950608154,SPIKE
2024-11-25,P0026,W005,10,5.309414143058675,SPIKE
2024-11-25,P0025,W002,68,6.810616980140843,SPIKE
2024-11-25,P0037,W005,40,6.6746768277446975,SPIKE
2024-11-25,P0034,W001,21,6.66532132815199,SPIKE
2024-11-25,P0030,W003,27,4.0146272581287015,SPIKE
2024-11-25,P0031,W005,117,5.6274000756202645,SPIKE
2024-11-25,P0007,W001,20,8.084178358635365,SPIKE
2024-11-25,P0029,W001,74,7.898354240074745,SPIKE
2024-11-25,P0026,W004,13,6.766276465895599,SPIKE
2024-11-25,P0038,W001,37,5.223935209043846,SPIKE
2024-11-25,P0008,W002,60,4.50332120262192,SPIKE
2024-11-25,P0033,W005,74,5.605941014375075,SPIKE
2024-11-25,P0033,W002,103,8.775602269835186,SPIKE
2024-11-25,P0026,W003,11,3.1329514224424306,SPIKE
2024-11-25,P0006,W002,23,5.107601087867101,SPIKE
2024-11-25,P0040,W002,61,7.882885811792475,SPIKE
2024-11-25,P0029,W002,80,5.712414111665025,SPIKE
2024-11-25,P0038,W002,45,5.076434428770605,SPIKE
2024-11-25,P0030,W002,42,5.081304099054676,SPIKE
2024-11-25,P0038,W003,58,7.737275954446691,SPIKE
2024-11-25,P0033,W004,99,6.608457828520199,SPIKE
2024-11-25,P0007,W004,52,6.275430593851702,SPIKE
2024-11-25,P0033,W003,83,6.2794118209162315,SPIKE
2024-11-25,P0026,W002,11,5.6138771627013515,SPIKE
2024-11-25,P0040,W001,106,5.849772457278583,SPIKE
2024-11-25,P0035,W006,23,5.150822258397871,SPIKE
2024-11-25,P0004,W004,93,5.765463211029682,SPIKE
2024-11-25,P0024,W005,74,6.416562047350543,SPIKE
2024-11-25,P0017,W006,37,7.856311775973464,SPIKE
2024-11-25,P0017,W004,29,6.42700778700228,SPIKE
2024-11-25,P0003,W001,36,9.366162501259844,SPIKE
2024-11-25,P0052,W001,60,5.144318185749396,SPIKE
2024-11-25,P0017,W005,22,4.803828737397443,SPIKE
2024-11-25,P0051,W006,66,5.546339339246728,SPIKE
2024-11-25,P0051,W005,55,6.1681721916281855,SPIKE
2024-11-25,P0003,W002,29,6.768345380373492,SPIKE
2024-11-25,P0010,W006,89,5.083601788088212,SPIKE
2024-11-25,P0052,W004,89,6.28368205277144,SPIKE
2024-11-25,P0018,W001,25,5.029054039348433,SPIKE
2024-11-25,P0051,W003,66,3.0599583851852747,SPIKE
2024-11-25,P0051,W002,35,5.621284501988594,SPIKE
2024-11-25,P0018,W002,17,7.529886548225569,SPIKE
2024-11-25,P0051,W001,67,6.154664296184692,SPIKE
2024-11-25,P0018,W003,20,5.618348834079334,SPIKE
2024-11-25,P0050,W006,88,5.064472561974698,SPIKE
2024-11-25,P0052,W003,64,7.140550150092884,SPIKE
2024-11-25,P0017,W003,62,8.978134390946032,SPIKE
2024-11-25,P0018,W004,11,5.248028954722458,SPIKE
2024-11-25,P0053,W002,34,11.539570205041525,SPIKE
2024-11-25,P0053,W006,31,4.106459041229252,SPIKE
2024-11-25,P0016,W004,21,4.118991565484941,SPIKE
2024-11-25,P0053,W005,22,6.775169770738787,SPIKE
2024-11-25,P0053,W004,24,7.216053531634884,SPIKE
2024-11-25,P0002,W005,47,5.992860570776199,SPIKE
2024-11-25,P0016,W005,27,6.680009517836122,SPIKE
2024-11-25,P0053,W003,15,3.8839826339619767,SPIKE
2024-11-25,P0002,W006,60,11.798770268873891,SPIKE
2024-11-25,P0052,W005,42,8.636665251917485,SPIKE
2024-11-25,P0016,W006,31,8.479501739859389,SPIKE
2024-11-25,P0011,W002,20,5.584842996878833,SPIKE
2024-11-25,P0053,W001,43,9.91691019392476,SPIKE
2024-11-25,P0017,W001,23,7.3155265154197435,SPIKE
2024-11-25,P0052,W006,91,5.4532107483901635,SPIKE
2024-11-25,P0017,W002,43,3.7566971514581424,SPIKE
2024-11-25,P0011,W001,20,4.658844133520512,SPIKE
2024-11-25,P0050,W005,61,6.041114581239731,SPIKE
2024-11-25,P0003,W003,15,4.588229707834238,SPIKE
2024-11-25,P0046,W006,41,5.358417619695521,SPIKE
2024-11-25,P0004,W001,55,8.521439615724324,SPIKE
2024-11-25,P0003,W006,34,7.920261432434948,SPIKE
2024-11-25,P0048,W003,69,4.168437344389352,SPIKE
2024-11-25,P0019,W006,106,6.026739414812851,SPIKE
2024-11-25,P0010,W002,44,3.9796378768004916,SPIKE
2024-11-25,P0020,W001,58,4.796365488705809,SPIKE
2024-11-25,P0020,W002,68,6.037068032967017,SPIKE
2024-11-25,P0047,W006,20,3.058633613114753,SPIKE
2024-11-25,P0020,W003,87,4.315878921516454,SPIKE
2024-11-25,P0019,W005,73,5.988606242418518,SPIKE
2024-11-25,P0047,W005,67,6.533496659115927,SPIKE
2024-11-25,P0004,W002,95,4.281504532367081,SPIKE
2024-11-25,P0020,W004,55,4.571750310428349,SPIKE
2024-11-25,P0047,W003,25,5.484012130895782,SPIKE
2024-11-25,P0020,W005,96,9.358442628940312,SPIKE
2024-11-25,P0047,W001,39,6.966086769948772,SPIKE
2024-11-25,P0020,W006,92,4.810757135195326,SPIKE
2024-11-25,P0048,W004,74,3.7448467834641623,SPIKE
2024-11-25,P0048,W005,95,3.2591314316609625,SPIKE
2024-11-25,P0050,W004,102,8.102134276722532,SPIKE
2024-11-25,P0049,W004,48,6.41469850823261,SPIKE
2024-11-25,P0018,W005,23,4.272686262559502,SPIKE
2024-11-25,P0018,W006,17,6.2075223183920825,SPIKE
2024-11-25,P0050,W003,67,4.824426981431825,SPIKE
2024-11-25,P0050,W002,77,5.206762530241799,SPIKE
2024-11-25,P0050,W001,119,6.350764133204996,SPIKE
2024-11-25,P0049,W006,46,11.507400247484956,SPIKE
2024-11-25,P0049,W005,40,5.589558440130859,SPIKE
2024-11-25,P0019,W002,63,5.88794737869883,SPIKE
2024-11-25,P0049,W001,56,3.6880619044014287,SPIKE
2024-11-25,P0010,W004,74,4.943268818416969,SPIKE
2024-11-25,P0049,W003,62,6.2014445044529145,SPIKE
2024-11-25,P0019,W003,44,4.51492795341296,SPIKE
2024-11-25,P0049,W002,36,4.8327871198588115,SPIKE
2024-11-25,P0003,W005,29,5.201661422411002,SPIKE
2024-11-25,P0019,W004,153,11.747378201562526,SPIKE
2024-11-25,P0010,W003,143,7.702202290039527,SPIKE
2024-11-25,P0016,W003,21,7.298749148343058,SPIKE
2024-11-25,P0011,W003,39,3.610760231388409,SPIKE
2024-11-25,P0016,W002,16,4.393226084584456,SPIKE
2024-11-25,P0058,W004,71,3.8028308705862215,SPIKE
2024-11-25,P0013,W002,70,3.297475248291449,SPIKE
2024-11-25,P0059,W002,44,7.102969193337609,SPIKE
2024-11-25,P0059,W001,46,4.599389913661868,SPIKE
2024-11-25,P0058,W006,104,9.93590075905553,SPIKE
2024-11-25,P0013,W003,109,9.766413571347636,SPIKE
2024-11-25,P0058,W005,67,4.76560257667768,SPIKE
2024-11-25,P0001,W004,55,9.241330470664874,SPIKE
2024-11-25,P0013,W004,101,4.553999274960181,SPIKE
2024-11-25,P0001,W003,22,4.517493180549916,SPIKE
2024-11-25,P0058,W003,57,5.668389919780593,SPIKE
2024-11-25,P0058,W002,106,5.705445275935925,SPIKE
2024-11-25,P0013,W005,60,6.073994201027983,SPIKE
2024-11-25,P0001,W005,23,5.471027586947715,SPIKE
2024-11-25,P0058,W001,101,5.061865689395767,SPIKE
2024-11-25,P0013,W006,41,5.390559725644763,SPIKE
2024-11-25,P0057,W006,76,6.410984108199949,SPIKE
2024-11-25,P0059,W003,37,12.924395537123418,SPIKE
2024-11-25,P0059,W004,29,3.2138671479244354,SPIKE
2024-11-25,P0002,W004,43,5.311211382224434,SPIKE
2024-11-25,P0060,W003,62,6.697746633876357,SPIKE
2024-11-25,P0012,W002,36,7.803886606528758,SPIKE
2024-11-25,P0060,W006,84,3.936504739578226,SPIKE
2024-11-25,P0001,W001,20,5.640394335748314,SPIKE
2024-11-25,P0060,W005,55,4.414541159927471,SPIKE
2024-11-25,P0012,W003,29,6.052841560066961,SPIKE
2024-11-25,P0060,W004,101,7.252552579289979,SPIKE
2024-11-25,P0012,W004,32,6.344673877709328,SPIKE
2024-11-25,P0001,W002,39,5.133468278019234,SPIKE
2024-11-25,P0013,W001,39,5.4711815222792595,SPIKE
2024-11-25,P0060,W002,52,5.395999685828255,SPIKE
2024-11-25,P0012,W005,32,6.506839736780442,SPIKE
2024-11-25,P0012,W001,37,6.771254925059425,SPIKE
2024-11-25,P0060,W001,54,7.194877225849966,SPIKE
2024-11-25,P0059,W006,28,6.977279450757252,SPIKE
2024-11-25,P0012,W006,25,3.693781308663757,SPIKE
2024-11-25,P0059,W005,66,7.613237910929862,SPIKE
2024-11-25,P0014,W001,40,5.405735135393977,SPIKE
2024-11-25,P0057,W005,51,9.431318474144412,SPIKE
2024-11-25,P0057,W004,91,4.403249812876048,SPIKE
2024-11-25,P0015,W005,17,5.8961450112665155,SPIKE
2024-11-25,P0002,W002,34,7.789040648812748,SPIKE
2024-11-25,P0015,W003,34,5.804004860831721,SPIKE
2024-11-25,P0055,W004,81,5.5378983785532006,SPIKE
2024-11-25,P0055,W003,56,4.33834795935712,SPIKE
2024-11-25,P0015,W004,42,6.463988595190875,SPIKE
2024-11-25,P0055,W002,66,6.58842838702854,SPIKE
2024-11-25,P0055,W001,127,7.383139784633201,SPIKE
2024-11-25,P0011,W004,21,5.213550451692405,SPIKE
2024-11-25,P0014,W002,29,5.763614916858486,SPIKE
2024-11-25,P0054,W006,147,7.122990630044215,SPIKE
2024-11-25,P0002,W003,47,5.917094763806465,SPIKE
2024-11-25,P0054,W005,73,5.59918402488818,SPIKE
2024-11-25,P0054,W004,110,4.123472508398112,SPIKE
2024-11-25,P0016,W001,25,7.555825233736526,SPIKE
2024-11-25,P0054,W003,55,7.206226040145985,SPIKE
2024-11-25,P0054,W002,153,6.06910357195517,SPIKE
2024-11-25,P0055,W005,147,9.914806644876748,SPIKE
2024-11-25,P0055,W006,93,9.06668210590008,SPIKE
2024-11-25,P0015,W002,32,5.862036604906114,SPIKE
2024-11-25,P0056,W001,53,4.507995581282484,SPIKE
2024-11-25,P0057,W003,46,3.3769598600215947,SPIKE
2024-11-25,P0057,W002,64,6.725136048308795,SPIKE
2024-11-25,P0001,W006,21,3.9794962014572848,SPIKE
2024-11-25,P0057,W001,83,3.2035501690136123,SPIKE
2024-11-25,P0014,W003,37,3.4371359289758674,SPIKE
2024-11-25,P0056,W006,38,6.242562394838862,SPIKE
2024-11-25,P0014,W004,55,5.5897453716797125,SPIKE
2024-11-25,P0056,W005,68,6.37327165867661,SPIKE
2024-11-25,P0014,W005,79,8.39203522779319,SPIKE
2024-11-25,P0011,W005,23,7.413262493477359,SPIKE
2024-11-25,P0056,W004,36,6.073492869364313,SPIKE
2024-11-25,P0014,W006,24,3.9597107296070866,SPIKE
2024-11-25,P0002,W001,38,4.205600837645409,SPIKE
2024-11-25,P0015,W001,14,5.717016418513956,SPIKE
2024-11-25,P0056,W002,46,6.269630742341161,SPIKE
2024-11-25,P0010,W001,120,5.83537668235343,SPIKE
2024-11-25,P0019,W001,81,7.262072123469121,SPIKE
2024-11-25,P0022,W006,14,4.896628013355961,SPIKE
2024-11-25,P0045,W001,122,8.754962863877926,SPIKE
2024-11-25,P0043,W006,33,3.961495308768078,SPIKE
2024-11-25,P0044,W001,18,5.395161644502872,SPIKE
2024-11-25,P0044,W002,11,4.3098114714791524,SPIKE
2024-11-25,P0022,W005,14,3.302415651784078,SPIKE
2024-11-25,P0009,W005,47,7.2772054880266825,SPIKE
2024-11-25,P0022,W004,14,4.867410262300472,SPIKE
2024-11-25,P0004,W006,58,3.6901668775961554,SPIKE
2024-11-25,P0044,W004,13,5.963197656896072,SPIKE
2024-11-25,P0022,W003,15,3.4030659831699226,SPIKE
2024-11-25,P0044,W005,21,7.61219023565682,SPIKE
2024-11-25,P0044,W006,12,5.386538767386677,SPIKE
2024-11-25,P0022,W002,18,8.378195590866317,SPIKE
2024-11-25,P0043,W005,53,7.4435858791375,SPIKE
2024-11-25,P0045,W002,46,5.762432446947126,SPIKE
2024-11-25,P0045,W003,39,4.423570197603723,SPIKE
2024-11-25,P0022,W001,20,6.165838516209486,SPIKE
2024-11-25,P0045,W004,74,6.179910083415146,SPIKE
2024-11-25,P0021,W006,61,8.434389733121968,SPIKE
2024-11-25,P0045,W005,94,4.234416235197379,SPIKE
2024-11-25,P0009,W006,22,6.351595890196651,SPIKE
2024-11-25,P0021,W005,73,8.19226812574856,SPIKE
2024-11-25,P0004,W005,146,9.96642206632819,SPIKE
2024-11-25,P0045,W006,95,4.720655294734497,SPIKE
2024-11-25,P0046,W001,32,5.369618213882419,SPIKE
2024-11-25,P0023,W001,89,5.055342475950317,SPIKE
2024-11-25,P0009,W004,30,3.0048688188900625,SPIKE
2024-11-25,P0046,W002,48,3.4770800470142125,SPIKE
2024-11-25,P0024,W002,54,5.532906662886458,SPIKE
2024-11-25,P0041,W002,66,7.393503300880473,SPIKE
2024-11-25,P0005,W004,25,4.393655614343272,SPIKE
2024-11-25,P0041,W003,39,4.95962634000449,SPIKE
2024-11-25,P0024,W004,108,5.828832892888497,SPIKE
2024-11-25,P0041,W004,34,4.455286684898756,SPIKE
2024-11-25,P0041,W005,51,9.323267156952795,SPIKE
2024-11-25,P0041,W006,57,3.846149929970277,SPIKE
2024-11-25,P0024,W003,78,5.4470327960348905,SPIKE
2024-11-25,P0005,W003,27,4.101673240668116,SPIKE
2024-11-25,P0042,W001,29,4.0818090411659815,SPIKE
2024-11-25,P0009,W003,30,4.136056931012133,SPIKE
2024-11-25,P0042,W002,51,4.8150788923422665,SPIKE
2024-11-25,P0023,W002,138,7.55019618030435,SPIKE
2024-11-25,P0042,W003,57,8.233820591118429,SPIKE
2024-11-25,P0024,W001,51,4.562950012931743,SPIKE
2024-11-25,P0023,W006,76,3.426108733691374,SPIKE
2024-11-25,P0042,W005,64,7.4684778644720575,SPIKE
2024-11-25,P0042,W006,73,5.441563510083133,SPIKE
2024-11-25,P0043,W001,61,10.067817981276594,SPIKE
2024-11-25,P0023,W004,95,6.2080882674444045,SPIKE
2024-11-25,P0043,W002,76,5.644474509133666,SPIKE
2024-11-25,P0023,W003,49,7.48734711923344,SPIKE
2024-11-25,P0043,W003,64,6.699328004490107,SPIKE
2024-11-25,P0043,W004,50,5.902332263974142,SPIKE
2024-11-25,P0021,W004,32,4.795577839314516,SPIKE
2024-11-25,P0030,W006,35,3.911982747388349,SPIKE
2024-11-25,P0021,W002,78,6.769891691183065,SPIKE
2024-11-25,P0004,W003,76,4.160754103261547,SPIKE
2024-11-25,P0046,W004,35,5.996942244216645,SPIKE
2024-11-25,P0046,W003,42,3.5686359617014958,SPIKE
2024-11-25,P0021,W003,37,4.726813651456705,SPIKE
2024-11-25,P0021,W001,63,6.1932524874563315,SPIKE
2024-11-24,P0058,W001,76,3.2498205078638462,SPIKE
2024-11-24,P0049,W002,29,3.5758910010901745,SPIKE
2024-11-24,P0057,W001,79,3.3834092311049457,SPIKE
2024-11-24,P0041,W002,42,3.0379114062659,SPIKE
2024-11-24,P0018,W003,15,4.077490150316386,SPIKE
2024-11-24,P0026,W002,8,3.4603747699327045,SPIKE
2024-11-24,P0031,W002,77,3.266901461457755,SPIKE
2024-11-24,P0013,W001,31,3.2834646405117254,SPIKE
2024-11-24,P0016,W004,18,3.233458637364487,SPIKE
2024-11-24,P0019,W003,36,3.47893599498219,SPIKE
2024-11-24,P0031,W005,92,4.31403154526441,SPIKE
2024-11-24,P0054,W004,92,3.255504950718118,SPIKE
2024-11-24,P0039,W005,73,4.045768504017401,SPIKE
2024-11-24,P0050,W005,44,3.7467255067478424,SPIKE
2024-11-24,P0007,W004,35,3.1967774680087624,SPIKE
2024-11-24,P0025,W002,42,3.709250923485818,SPIKE
2024-11-24,P0001,W005,16,3.177084328342005,SPIKE
2024-11-24,P0008,W002,49,3.2006399128163476,SPIKE
2024-11-24,P0020,W001,46,3.411884445575939,SPIKE
2024-11-24,P0011,W003,38,4.612207182013953,SPIKE
2024-11-23,P0042,W004,49,3.5430934798699805,SPIKE
2024-11-23,P0030,W003,22,3.481942606235214,SPIKE
2024-11-23,P0025,W006,36,4.089439461597663,SPIKE
2024-11-23,P0053,W001,22,3.2004261883710163,SPIKE
2024-11-23,P0015,W001,10,3.153776584013869,SPIKE
2024-11-23,P0044,W002,9,3.218096747875874,SPIKE
2024-11-23,P0020,W003,76,4.569516846241676,SPIKE
2024-11-23,P0025,W004,76,3.5081084500812687,SPIKE
2024-11-23,P0042,W002,41,4.126816212291498,SPIKE
2024-11-23,P0043,W002,57,4.145517024250863,SPIKE
2024-11-23,P0019,W006,77,3.9026033397135618,SPIKE
2024-11-23,P0015,W006,13,4.585598691098787,SPIKE
2024-11-23,P0029,W002,55,3.0748279918064654,SPIKE
2024-11-23,P0020,W006,72,3.0153751204279313,SPIKE
2024-11-23,P0055,W005,76,3.331418454454095,SPIKE
2024-11-23,P0045,W001,75,3.859235090988638,SPIKE
2024-11-23,P0025,W003,74,4.816914755097801,SPIKE
2024-11-23,P0034,W006,11,3.902735721048912,SPIKE
2024-11-23,P0012,W006,21,3.079004556394091,SPIKE
2024-11-21,P0025,W002,37,4.501547550371568,SPIKE
2024-11-20,P0025,W006,28,3.105140424444211,SPIKE
2024-11-19,P0025,W005,78,3.839782073737966,SPIKE
2024-11-19,P0025,W006,29,4.35368815415134,SPIKE
2024-11-19,P0025,W003,55,3.269007179653317,SPIKE
2024-11-19,P0040,W002,34,3.171226304257607,SPIKE
2024-11-17,P0024,W002,40,3.976706310953212,SPIKE
2024-11-17,P0044,W005,15,5.603958640248312,SPIKE
2024-11-17,P0017,W006,22,3.4612272501814476,SPIKE
2024-11-17,P0058,W005,50,3.2597194487871883,SPIKE
2024-11-17,P0058,W002,76,4.074580339669287,SPIKE
2024-11-17,P0059,W004,27,3.488711055389917,SPIKE
2024-11-17,P0050,W005,38,3.1141827084374,SPIKE
2024-11-17,P0034,W002,6,3.9699961669021353,SPIKE
2024-11-17,P0048,W005,86,3.611402082453609,SPIKE
2024-11-17,P0009,W004,29,3.26733843489812,SPIKE
2024-11-17,P0027,W002,18,3.3274754729758924,SPIKE
2024-11-17,P0007,W001,12,3.032726018155965,SPIKE
2024-11-17,P0019,W005,54,3.2066594029432323,SPIKE
2024-11-17,P0023,W002,77,3.0852679202123117,SPIKE
2024-11-17,P0005,W006,13,3.1950157553821077,SPIKE
2024-11-17,P0040,W006,68,3.949054016382852,SPIKE
2024-11-17,P0025,W003,54,3.5664044088270885,SPIKE
2024-11-17,P0059,W006,17,3.249316114537783,SPIKE
2024-11-17,P0056,W003,19,3.313578649318424,SPIKE
2024-11-17,P0048,W004,64,3.5866011562652864,SPIKE
2024-11-17,P0024,W003,58,4.1705427129560935,SPIKE
2024-11-17,P0024,W001,38,3.151756821948294,SPIKE
2024-11-16,P0023,W001,66,3.298118034829604,SPIKE
2024-11-16,P0006,W006,15,4.057177815168859,SPIKE
2024-11-16,P0003,W001,20,3.9594459848097974,SPIKE
2024-11-16,P0015,W003,22,3.0057855480548663,SPIKE
2024-11-16,P0048,W002,125,4.354808165611084,SPIKE
2024-11-16,P0014,W006,19,3.196158538496149,SPIKE
2024-11-16,P0042,W004,50,4.936371529752191,SPIKE
2024-11-16,P0056,W004,24,3.290213064230403,SPIKE
2024-11-16,P0048,W001,71,5.728749202406976,SPIKE
2024-11-16,P0040,W002,32,3.502153855530284,SPIKE
2024-11-16,P0048,W003,56,4.0733728410978705,SPIKE
2024-11-16,P0016,W001,15,3.334166562526106,SPIKE
2024-11-16,P0047,W005,45,4.1499350086153095,SPIKE
2024-11-16,P0059,W005,39,3.038468087253428,SPIKE
2024-11-16,P0027,W005,26,4.917144572597794,SPIKE
2024-11-16,P0042,W003,33,3.351732947584503,SPIKE
2024-11-16,P0036,W001,23,3.027756115735624,SPIKE
2024-11-16,P0045,W005,71,3.6813832373853055,SPIKE
2024-11-16,P0050,W003,50,3.2631799258230916,SPIKE
2024-11-16,P0048,W006,68,3.7049764207414007,SPIKE
2024-11-16,P0006,W005,21,3.9071777200236792,SPIKE
2024-11-16,P0047,W001,24,3.033625110511705,SPIKE
2024-11-16,P0005,W005,13,4.436665991300534,SPIKE
2024-11-16,P0049,W003,44,3.789903517112787,SPIKE
2024-11-16,P0046,W003,36,3.1333568827737768,SPIKE
2024-11-16,P0030,W004,13,3.0896077969483744,SPIKE
2024-11-16,P0019,W004,80,3.1241258940107426,SPIKE
2024-11-15,P0006,W001,12,3.0414280576695876,SPIKE
2024-11-14,P0009,W001,12,3.0414280576698403,SPIKE
2024-11-13,P0048,W004,50,3.2438585897041605,SPIKE
2024-11-12,P0048,W006,59,4.832431156528491,SPIKE
2024-11-12,P0048,W004,47,3.3475765166961193,SPIKE
2024-11-11,P0048,W004,43,3.001015762162516,SPIKE
2024-11-11,P0048,W005,75,5.290916448437638,SPIKE
2024-11-11,P0048,W006,50,4.449405985329964,SPIKE
2024-11-10,P0015,W004,30,4.062045486984324,SPIKE
2024-11-10,P0025,W004,57,3.011481226646877,SPIKE
2024-11-10,P0021,W005,41,3.796329966180757,SPIKE
2024-11-10,P0031,W002,75,3.7800064515244447,SPIKE
2024-11-10,P0027,W004,20,3.0982367673046642,SPIKE
2024-11-10,P0036,W002,33,3.992818064131925,SPIKE
2024-11-10,P0060,W005,46,3.719346766929634,SPIKE
2024-11-10,P0010,W002,38,3.402461370122229,SPIKE
2024-11-10,P0023,W003,30,3.2942175848253235,SPIKE
2024-11-10,P0005,W001,8,3.2008001413899088,SPIKE
2024-11-10,P0041,W001,50,3.56105604962838,SPIKE
2024-11-10,P0038,W004,30,3.1142804186082205,SPIKE
2024-11-10,P0031,W004,58,3.6965728575304366,SPIKE
2024-11-10,P0010,W001,83,3.2972387684253377,SPIKE
2024-11-10,P0028,W001,13,3.1746589875328777,SPIKE
2024-11-10,P0044,W004,8,3.1578362567685088,SPIKE
2024-11-10,P0052,W002,48,3.0084474300747965,SPIKE
2024-11-10,P0037,W001,47,3.1168007322716016,SPIKE
2024-11-10,P0048,W004,41,3.0467170270212685,SPIKE
2024-11-10,P0058,W004,60,5.020378374942859,SPIKE
2024-11-10,P0044,W003,11,3.8433872227960824,SPIKE
2024-11-10,P0039,W001,55,4.017335500915933,SPIKE
2024-11-10,P0021,W002,48,3.025347631130807,SPIKE
2024-11-10,P0047,W005,39,3.105139423977033,SPIKE
2024-11-10,P0013,W003,56,3.646619598124701,SPIKE
2024-11-10,P0038,W002,33,3.6848857913846245,SPIKE
2024-11-10,P0025,W001,27,3.530271700159038,SPIKE
2024-11-10,P0017,W001,15,4.115139384317112,SPIKE
2024-11-10,P0005,W005,10,3.2938659785737245,SPIKE
2024-11-10,P0040,W001,70,3.781934470158961,SPIKE
2024-11-10,P0038,W001,25,3.6567230269952296,SPIKE
2024-11-09,P0040,W006,55,3.0210170688572426,SPIKE
2024-11-09,P0056,W001,39,3.751189264782112,SPIKE
2024-11-09,P0038,W001,22,3.0315245084064713,SPIKE
2024-11-09,P0002,W001,33,3.2942336732343853,SPIKE
2024-11-09,P0005,W003,18,3.144433178300335,SPIKE
2024-11-09,P0005,W004,18,3.842498232072283,SPIKE
2024-11-09,P0047,W001,23,3.0354875056835895,SPIKE
2024-11-09,P0013,W003,51,3.253974735843782,SPIKE
2024-11-09,P0023,W005,53,3.478682878317759,SPIKE
2024-11-09,P0057,W002,39,3.1976074098880365,SPIKE
2024-11-09,P0026,W003,10,4.247138766541878,SPIKE
2024-11-09,P0059,W005,38,3.5204736247356463,SPIKE
2024-11-09,P0036,W005,25,3.4743961448615392,SPIKE
2024-11-09,P0028,W003,16,3.022180754166246,SPIKE
2024-11-09,P0017,W002,36,3.0121090754725683,SPIKE
2024-11-09,P0036,W001,22,3.428253169498254,SPIKE
2024-11-09,P0026,W004,7,3.342802890410425,SPIKE
2024-11-09,P0053,W006,24,3.0481633332927203,SPIKE
2024-11-09,P0035,W006,16,3.412709531352193,SPIKE
2024-11-09,P0034,W002,5,3.0487492181010873,SPIKE
2024-11-09,P0054,W002,98,4.06674013347315,SPIKE
2024-11-09,P0046,W001,21,3.039358281275058,SPIKE
2024-11-09,P0010,W002,36,3.5823642100340476,SPIKE
2024-11-09,P0027,W003,22,3.038815235317644,SPIKE
2024-11-09,P0009,W004,27,3.6142859686337783,SPIKE
2024-11-09,P0038,W002,29,3.056302530748264,SPIKE
2024-11-09,P0022,W004,10,3.639766512081061,SPIKE
2024-11-09,P0002,W005,32,4.077472142914239,SPIKE
2024-11-08,P0005,W002,11,3.259404049751335,SPIKE
2024-11-03,P0013,W005,37,3.169259400781806,SPIKE
2024-11-03,P0006,W005,18,3.440663344648556,SPIKE
2024-11-03,P0057,W003,39,4.131958011702568,SPIKE
2024-11-03,P0050,W002,51,3.534790666677883,SPIKE
2024-11-03,P0021,W003,28,4.284207088802627,SPIKE
2024-11-03,P0039,W006,52,3.718710209280876,SPIKE
2024-11-03,P0008,W004,29,3.362109990286832,SPIKE
2024-11-03,P0020,W003,59,3.0691682819905295,SPIKE
2024-11-03,P0015,W006,10,3.1347354618916734,SPIKE
2024-11-03,P0024,W004,64,3.184689514762895,SPIKE
2024-11-03,P0049,W002,24,3.3021293464068866,SPIKE
2024-11-03,P0039,W003,42,3.0482821576356463,SPIKE
2024-11-02,P0001,W004,28,4.1267319614496625,SPIKE
2024-11-02,P0008,W005,31,3.8537663592277034,SPIKE
2024-11-02,P0038,W002,28,3.1731634124851733,SPIKE
2024-11-02,P0031,W001,74,4.44971982374004,SPIKE
2024-11-02,P0034,W001,15,5.648262239019294,SPIKE
2024-11-02,P0003,W003,10,3.0880845008927134,SPIKE
2024-11-02,P0060,W002,33,3.339893813160168,SPIKE
2024-11-02,P0017,W002,35,3.712026177373857,SPIKE
2024-11-02,P0006,W005,17,3.6099792530525154,SPIKE
2024-11-02,P0003,W006,18,3.3119204707092322,SPIKE
2024-11-02,P0041,W004,23,3.4529321135965154,SPIKE
2024-11-02,P0046,W006,31,3.93050224860231,SPIKE
2024-11-02,P0013,W002,63,3.23318715728565,SPIKE
2024-11-02,P0021,W005,38,3.935107386118179,SPIKE
2024-11-02,P0031,W006,41,3.1502908737878843,SPIKE
2024-11-02,P0031,W005,73,3.2597546027641684,SPIKE
2024-11-02,P0056,W003,17,3.0549350426344652,SPIKE
2024-11-02,P0020,W001,41,3.201570371886392,SPIKE
2024-11-01,P0049,W002,10,-3.3450706594762485,DROP
2024-10-30,P0027,W001,4,-3.5588446983330284,DROP
2024-10-27,P0010,W004,57,4.162948394903733,SPIKE
2024-10-27,P0004,W006,50,3.1071511052347582,SPIKE
2024-10-27,P0060,W006,62,3.033048062586484,SPIKE
2024-10-27,P0002,W003,29,3.2949603917892727,SPIKE
2024-10-27,P0031,W002,68,3.154471310336116,SPIKE
2024-10-27,P0032,W002,46,5.471378498239731,SPIKE
2024-10-27,P0032,W003,23,3.5286759953628675,SPIKE
2024-10-27,P0032,W001,24,3.631196254722279,SPIKE
2024-10-27,P0050,W001,79,3.2945434634641066,SPIKE
2024-10-27,P0031,W006,40,3.193934568333817,SPIKE
2024-10-27,P0041,W002,40,3.2366462906366174,SPIKE
2024-10-27,P0026,W001,5,3.3114385091679557,SPIKE
2024-10-27,P0051,W005,34,3.091513145135451,SPIKE
2024-10-27,P0032,W005,43,3.769540427622067,SPIKE
2024-10-27,P0026,W006,11,3.3508258376351003,SPIKE
2024-10-27,P0043,W002,47,3.069823138108076,SPIKE
2024-10-27,P0034,W002,5,3.505242787381782,SPIKE
2024-10-27,P0029,W004,38,3.7077060577668077,SPIKE
2024-10-27,P0032,W006,20,4.8559977739820095,SPIKE
2024-10-27,P0032,W004,40,4.052052563376113,SPIKE
2024-10-27,P0057,W004,68,3.02354448028795,SPIKE
2024-10-26,P0056,W004,22,3.9325532956098073,SPIKE
2024-10-26,P0040,W006,57,3.9986026790514977,SPIKE
2024-10-26,P0044,W001,12,3.156395172045906,SPIKE
2024-10-26,P0027,W006,28,3.170648061495916,SPIKE
2024-10-26,P0042,W006,49,3.6784809072968487,SPIKE
2024-10-26,P0034,W006,9,3.7703695143195066,SPIKE
2024-10-26,P0021,W006,36,3.70057617029072,SPIKE
2024-10-26,P0015,W006,10,3.7430778588935816,SPIKE
2024-10-26,P0022,W003,13,4.2875557818670975,SPIKE
2024-10-26,P0026,W006,10,3.1583304331156596,SPIKE
2024-10-26,P0051,W001,42,3.519809689704244,SPIKE
2024-10-26,P0046,W006,27,3.5352590586469788,SPIKE
2024-10-26,P0025,W004,53,3.29037862898654,SPIKE
2024-10-26,P0046,W002,38,3.2514502739738695,SPIKE
2024-10-26,P0051,W005,36,4.921132375749172,SPIKE
2024-10-25,P0051,W001,37,3.022953124896378,SPIKE
2024-10-22,P0051,W003,56,3.1141305327629882,SPIKE
2024-10-20,P0041,W006,46,3.5198724095282894,SPIKE
2024-10-20,P0028,W004,13,3.029525041656174,SPIKE
2024-10-20,P0056,W002,32,3.9180744344819356,SPIKE
2024-10-20,P0022,W006,11,3.5874281244685666,SPIKE
2024-10-20,P0037,W006,17,3.1308839737251213,SPIKE
2024-10-20,P0002,W005,27,3.1927034753842376,SPIKE
2024-10-20,P0059,W003,18,3.043014235849493,SPIKE
2024-10-20,P0051,W002,21,3.0371649723356064,SPIKE
2024-10-20,P0013,W004,84,3.865997399148493,SPIKE
2024-10-20,P0022,W001,14,4.053804797142268,SPIKE
2024-10-20,P0057,W001,69,3.2865695062301428,SPIKE
2024-10-20,P0026,W005,7,3.342802890410522,SPIKE
2024-10-19,P0003,W004,19,3.0643883876678064,SPIKE
2024-10-19,P0010,W003,69,3.0527845185945224,SPIKE
2024-10-19,P0008,W003,30,3.5329371817108406,SPIKE
2024-10-19,P0030,W006,30,3.5499493901719643,SPIKE
2024-10-19,P0021,W001,41,3.3874710623514903,SPIKE
2024-10-19,P0005,W001,6,3.064388387668317,SPIKE
2024-10-19,P0023,W006,75,5.537065054277224,SPIKE
2024-10-19,P0048,W002,75,3.016845129393752,SPIKE
2024-10-19,P0009,W002,16,3.0990401873882765,SPIKE
2024-10-19,P0010,W006,68,3.6622305900450036,SPIKE
2024-10-19,P0016,W006,16,3.2462932058514022,SPIKE
2024-10-19,P0022,W005,12,3.082040696005587,SPIKE
2024-10-19,P0042,W001,23,3.5667352305014166,SPIKE
2024-10-19,P0053,W004,15,3.4254377691520657,SPIKE
2024-10-19,P0035,W006,14,3.1953742608131988,SPIKE
2024-10-19,P0052,W006,54,3.029126642715633,SPIKE
2024-10-13,P0031,W003,55,3.1461412409847322,SPIKE
2024-10-13,P0032,W005,38,3.728312849835886,SPIKE
2024-10-13,P0029,W005,77,3.385478919348414,SPIKE
2024-10-13,P0007,W004,34,5.418664064082665,SPIKE
2024-10-13,P0040,W005,50,3.1362862234016284,SPIKE
2024-10-13,P0043,W003,42,4.672808228864436,SPIKE
2024-10-13,P0005,W004,16,3.170543898682146,SPIKE
2024-10-13,P0054,W003,31,3.4404812382666914,SPIKE
2024-10-13,P0055,W006,49,3.336117143848503,SPIKE
2024-10-13,P0036,W006,43,3.3404811658334026,SPIKE
2024-10-13,P0003,W004,18,3.0231216129049794,SPIKE
2024-10-13,P0047,W004,33,3.1967774680089223,SPIKE
2024-10-13,P0036,W001,19,5.2264024161104,SPIKE
2024-10-12,P0006,W003,16,3.4306500312277874,SPIKE
2024-10-12,P0036,W001,15,3.5298105957021924,SPIKE
2024-10-12,P0036,W006,39,3.1534884802196252,SPIKE
2024-10-12,P0060,W005,39,3.2024796344489563,SPIKE
2024-10-12,P0039,W003,39,3.0195873365726627,SPIKE
2024-10-12,P0036,W003,34,4.893520364871152,SPIKE
2024-10-12,P0003,W003,9,3.0764801509989415,SPIKE
2024-10-12,P0049,W006,25,4.378987378218253,SPIKE
2024-10-12,P0036,W005,21,5.114373922010881,SPIKE
2024-10-12,P0036,W004,57,7.270612005558062,SPIKE
2024-10-12,P0011,W006,25,3.1529952918367243,SPIKE
2024-10-12,P0027,W004,17,3.2103729918647153,SPIKE
2024-10-12,P0019,W006,72,4.173087799844928,SPIKE
2024-10-12,P0017,W005,17,3.20088916818499,SPIKE
2024-10-11,P0036,W003,29,4.787486783800978,SPIKE
2024-10-10,P0023,W006,51,3.05794012736117,SPIKE
2024-10-06,P0033,W006,76,3.179893110634084,SPIKE
2024-10-06,P0024,W005,52,3.542722082120284,SPIKE
2024-10-06,P0014,W001,30,3.401791860787638,SPIKE
2024-10-06,P0042,W005,39,3.3579153413490515,SPIKE
2024-10-06,P0014,W003,35,4.025932346030342,SPIKE
2024-10-06,P0043,W002,44,3.0586677041691823,SPIKE
2024-10-06,P0035,W004,12,3.6531506263958184,SPIKE
2024-10-06,P0001,W001,14,3.7690681974864417,SPIKE
2024-10-06,P0048,W006,43,3.229716909632738,SPIKE
2024-10-06,P0030,W002,33,3.4988908875418363,SPIKE
2024-10-05,P0014,W003,31,3.8121493453833915,SPIKE
2024-10-05,P0051,W006,39,3.270588541682373,SPIKE
2024-10-05,P0001,W002,32,3.7905495848003357,SPIKE
2024-10-05,P0014,W004,38,3.7574627829528673,SPIKE
2024-10-05,P0013,W003,53,3.869052865054541,SPIKE
2024-10-05,P0014,W006,19,3.8720213629352855,SPIKE
2024-10-05,P0058,W005,50,3.2831623720972907,SPIKE
2024-10-05,P0014,W002,27,6.6940662897818255,SPIKE
2024-10-05,P0029,W004,37,4.865451013799016,SPIKE
2024-10-05,P0039,W004,40,3.043891940637781,SPIKE
2024-10-03,P0030,W005,5,-3.120659800934901,DROP
2024-09-29,P0058,W003,37,3.543018604813372,SPIKE
2024-09-29,P0009,W006,15,3.0450414937278327,SPIKE
2024-09-29,P0033,W005,61,3.209351408654775,SPIKE
2024-09-29,P0037,W005,24,3.0963578110402104,SPIKE
2024-09-29,P0033,W001,37,3.5302895743979157,SPIKE
2024-09-29,P0044,W005,15,4.369060953400448,SPIKE
2024-09-28,P0047,W002,21,3.017194382682869,SPIKE
2024-09-28,P0033,W002,72,3.665691094858551,SPIKE
2024-09-28,P0008,W002,49,3.5628683908549714,SPIKE
2024-09-28,P0041,W004,25,4.044338402522569,SPIKE
2024-09-28,P0004,W001,38,3.419964479341116,SPIKE
2024-09-28,P0016,W004,17,3.2310060672839382,SPIKE
2024-09-28,P0017,W006,19,3.022326410041987,SPIKE
2024-09-28,P0056,W001,35,3.62827292212758,SPIKE
2024-09-28,P0052,W004,54,3.482042951426267,SPIKE
2024-09-28,P0033,W001,33,3.2137381415936943,SPIKE
2024-09-28,P0016,W005,17,4.0648807871766115,SPIKE
2024-09-28,P0023,W002,78,3.4433721120995218,SPIKE
2024-09-28,P0014,W005,39,3.1194488222439043,SPIKE
2024-09-27,P0033,W004,56,3.5447387197718614,SPIKE
2024-09-24,P0057,W003,10,-3.0723502400767466,DROP
2024-09-22,P0059,W001,36,3.2702942614269856,SPIKE
2024-09-22,P0016,W001,15,3.391790866639505,SPIKE
2024-09-22,P0026,W001,5,3.3065131758343345,SPIKE
2024-09-21,P0049,W005,28,3.064245995364005,SPIKE
2024-09-21,P0051,W005,33,3.8982661534403524,SPIKE
2024-09-20,P0032,W006,6,-3.1352038861907707,DROP
2024-09-17,P0043,W005,12,-3.2344932458481526,DROP
2024-09-15,P0002,W004,30,3.039142843626264,SPIKE
2024-09-15,P0046,W005,49,3.4718415275762986,SPIKE
2024-09-15,P0050,W003,57,4.0900162811086105,SPIKE
2024-09-15,P0046,W001,29,3.1575700240357576,SPIKE
2024-09-15,P0030,W002,32,3.0699449110696584,SPIKE
2024-09-15,P0049,W002,27,3.0129879654239797,SPIKE
2024-09-15,P0046,W004,28,4.071734778759673,SPIKE
2024-09-15,P0046,W003,49,3.4188586973343194,SPIKE
2024-09-15,P0011,W005,13,3.062286013489891,SPIKE
2024-09-14,P0046,W003,49,4.5816267696262045,SPIKE
2024-09-14,P0050,W004,78,3.2514895849324703,SPIKE
2024-09-14,P0050,W005,48,3.0018763396890393,SPIKE
2024-09-14,P0037,W001,39,3.0745394916632898,SPIKE
2024-09-14,P0050,W006,81,4.178858867072031,SPIKE
2024-09-14,P0013,W002,63,3.3379406986685933,SPIKE
2024-09-14,P0046,W005,48,4.422040352311837,SPIKE
2024-09-13,P0046,W002,46,3.4770734945267168,SPIKE
2024-09-12,P0046,W005,39,3.350643169821907,SPIKE
2024-09-11,P0046,W005,38,3.9549717596251526,SPIKE
2024-09-11,P0046,W006,33,3.935536302078801,SPIKE
2024-09-10,P0050,W006,67,3.3784209269566827,SPIKE
2024-09-10,P0050,W004,70,3.30099630548341,SPIKE
2024-09-08,P0033,W005,54,3.185384027390314,SPIKE
2024-09-08,P0003,W005,22,3.240696161919028,SPIKE
2024-09-07,P0036,W006,39,3.300497957514851,SPIKE
2024-09-04,P0012,W004,6,-3.2767283178616258,DROP
2024-09-03,P0056,W003,7,-3.0723413833587405,DROP
2024-09-01,P0034,W004,9,3.116159970488159,SPIKE
2024-09-01,P0045,W006,66,3.2132370123633875,SPIKE
2024-09-01,P0057,W005,33,4.144766235884273,SPIKE
2024-08-31,P0005,W003,18,4.442534311753976,SPIKE
2024-08-31,P0006,W003,23,4.080538060251409,SPIKE
2024-08-31,P0039,W004,42,3.013543553566573,SPIKE
2024-08-31,P0045,W005,78,3.328493972472516,SPIKE
2024-08-31,P0006,W006,18,4.396968652757576,SPIKE
2024-08-31,P0006,W005,23,3.3979147860254666,SPIKE
2024-08-29,P0028,W006,3,-3.838720145793949,DROP
2024-08-29,P0041,W001,14,-3.097767621295734,DROP
2024-08-25,P0006,W002,19,3.4030659831698724,SPIKE
2024-08-25,P0035,W001,10,3.2284318603972877,SPIKE
2024-08-24,P0015,W003,27,3.4655164004183825,SPIKE
2024-08-23,P0028,W005,5,-3.1237701442588195,DROP
2024-08-22,P0041,W003,10,-3.5259243975364924,DROP
2024-08-20,P0027,W003,8,-3.0143528771871253,DROP
2024-08-19,P0035,W001,4,-3.1973300499250517,DROP
2024-08-19,P0034,W003,1,-3.664140543964643,DROP
2024-08-18,P0021,W002,52,3.4013760654968834,SPIKE
2024-08-17,P0012,W001,25,3.2578198450837093,SPIKE
2024-08-16,P0047,W005,12,-3.0508735818040864,DROP
2024-08-13,P0041,W004,9,-3.069363855123406,DROP
2024-08-13,P0026,W003,4,-3.1406918948267526,DROP
2024-08-13,P0050,W003,18,-3.0895294319677666,DROP
2024-08-12,P0002,W001,12,-3.0225764626921943,DROP
2024-08-11,P0046,W002,65,4.005787730909611,SPIKE
2024-08-11,P0059,W001,10,-3.0066416387627735,DROP
2024-08-11,P0046,W003,47,4.0084341395458685,SPIKE
2024-08-11,P0020,W002,56,3.138925061114271,SPIKE
2024-08-10,P0046,W001,27,3.047906081616683,SPIKE
2024-08-10,P0046,W004,27,3.578478612758534,SPIKE
2024-08-06,P0033,W005,21,-3.024433964324379,DROP
2024-07-30,P0019,W006,32,-3.280105269487604,DROP
2024-07-28,P0021,W001,50,3.2541731667512437,SPIKE
2024-07-26,P0022,W003,5,-3.4219848100071424,DROP
2024-07-21,P0018,W005,25,3.0776247649037,SPIKE
2024-07-20,P0056,W004,30,3.2140280927204805,SPIKE
2024-07-20,P0016,W002,15,3.9437078923996665,SPIKE
2024-07-20,P0001,W001,17,3.0041752396495514,SPIKE
2024-07-18,P0018,W005,8,-3.240696161919008,DROP
2024-07-17,P0010,W006,108,3.3802917823800995,SPIKE
2024-07-14,P0024,W004,94,3.0251368313395024,SPIKE
2024-07-14,P0030,W005,24,4.0381378600846745,SPIKE
2024-07-14,P0010,W005,107,3.6727324553104395,SPIKE
2024-07-13,P0030,W001,21,3.082466881562437,SPIKE
2024-07-13,P0010,W002,62,5.027463225724964,SPIKE
2024-07-08,P0054,W005,25,-3.4716301910071863,DROP
2024-07-07,P0053,W005,23,3.985559519651493,SPIKE
2024-07-07,P0006,W004,14,3.530586892141083,SPIKE
2024-07-06,P0049,W005,44,3.690249044696555,SPIKE
2024-07-06,P0020,W005,86,3.0836409786179355,SPIKE
2024-07-04,P0002,W002,31,3.038009056933921,SPIKE
2024-07-04,P0019,W001,67,3.0601628604472264,SPIKE
2024-06-30,P0044,W002,11,3.0229159487708657,SPIKE
2024-06-30,P0041,W003,52,3.229818414876671,SPIKE
2024-06-30,P0033,W002,91,3.1319940321497715,SPIKE
2024-06-30,P0033,W003,81,3.0955428330728916,SPIKE
2024-06-30,P0012,W002,33,3.9657092723425866,SPIKE
2024-06-29,P0023,W002,117,4.064550978492722,SPIKE
2024-06-29,P0023,W006,92,3.5942548736977544,SPIKE
2024-06-29,P0041,W003,49,3.3623824218485296,SPIKE
2024-06-29,P0041,W004,41,3.1841797721509506,SPIKE
2024-06-23,P0004,W001,61,3.2349441551780247,SPIKE
2024-06-23,P0027,W003,35,3.108758472385293,SPIKE
2024-06-22,P0057,W004,172,3.2576513086860777,SPIKE
2024-06-22,P0034,W005,14,3.0778780569303397,SPIKE
2024-06-22,P0017,W006,32,3.093907824257203,SPIKE
2024-06-22,P0001,W002,46,3.035803303067428,SPIKE
2024-06-22,P0004,W006,83,3.298737187849759,SPIKE
2024-06-22,P0038,W001,36,3.0402162621554845,SPIKE
2024-06-20,P0038,W003,16,-3.565572200746509,DROP
2024-06-18,P0059,W002,11,-3.372230780568405,DROP
2024-06-18,P0004,W006,77,3.1269090511642084,SPIKE
2024-06-16,P0029,W006,106,3.8964663078189767,SPIKE
2024-06-16,P0010,W003,137,3.301056689794957,SPIKE
2024-06-15,P0029,W006,101,4.873284176517367,SPIKE
2024-06-15,P0029,W002,104,4.403907148174539,SPIKE
2024-06-15,P0029,W003,108,3.713109464403954,SPIKE
2024-06-15,P0043,W002,75,3.708355000988128,SPIKE
2024-06-15,P0029,W001,60,3.3882523147720875,SPIKE
2024-06-15,P0029,W004,72,5.67457650152081,SPIKE
2024-06-15,P0060,W003,60,4.324237260415981,SPIKE
2024-06-14,P0029,W002,88,3.8104760714582917,SPIKE
2024-06-14,P0018,W004,4,-3.0204627268823407,DROP
2024-06-14,P0029,W005,138,3.2283210961425555,SPIKE
2024-06-13,P0025,W005,25,-3.3198170946107983,DROP
2024-06-11,P0008,W003,17,-3.0629283809846064,DROP
2024-06-09,P0020,W003,97,3.30824014119435,SPIKE
2024-06-08,P0014,W003,58,3.200982414837288,SPIKE
2024-06-04,P0019,W002,20,-3.309837167453292,DROP
2024-06-04,P0042,W004,22,-3.2233797915668982,DROP
2024-06-04,P0007,W004,16,-3.0075282980578186,DROP
2024-06-01,P0034,W001,21,3.0045325556889706,SPIKE
2024-05-28,P0058,W004,33,-3.25470305243399,DROP
2024-05-26,P0050,W001,148,3.0682926688645438,SPIKE
2024-05-26,P0053,W005,22,3.0115338736844195,SPIKE
2024-05-26,P0014,W003,54,3.1260491933817875,SPIKE
2024-05-26,P0009,W002,30,4.0360378535027746,SPIKE
2024-05-26,P0040,W004,76,3.107856180229603,SPIKE
2024-05-26,P0014,W002,36,4.728345670869984,SPIKE
2024-05-25,P0056,W003,30,3.1393430118290273,SPIKE
2024-05-25,P0057,W002,86,3.7778510761544672,SPIKE
2024-05-25,P0047,W003,28,3.0851172940341933,SPIKE
2024-05-25,P0009,W001,20,3.741945417056997,SPIKE
2024-05-25,P0057,W004,156,3.2910930278010757,SPIKE
2024-05-25,P0023,W003,50,3.687505526460452,SPIKE
2024-05-25,P0031,W003,85,3.1652921542115773,SPIKE
2024-05-25,P0056,W002,52,3.8164982956626132,SPIKE
2024-05-25,P0012,W002,39,3.187759457373772,SPIKE
2024-05-25,P0056,W004,40,3.4518118441970884,SPIKE
2024-05-23,P0056,W001,63,4.3192964593366705,SPIKE
2024-05-22,P0042,W003,15,-3.391297580657848,DROP
2024-05-21,P0057,W003,66,3.198411506111872,SPIKE
2024-05-19,P0023,W004,104,3.6066209548828847,SPIKE
2024-05-19,P0057,W006,129,5.683338833156765,SPIKE
2024-05-19,P0045,W002,76,3.6925829062458244,SPIKE
2024-05-19,P0002,W004,51,3.115294347236323,SPIKE
2024-05-19,P0057,W001,165,5.496191652016299,SPIKE
2024-05-19,P0002,W006,51,3.0143405746650314,SPIKE
2024-05-19,P0057,W005,58,3.503709317052647,SPIKE
2024-05-18,P0045,W003,72,3.9513178932255912,SPIKE
2024-05-18,P0056,W006,44,4.152491583924492,SPIKE
2024-05-18,P0022,W006,19,3.198783596126095,SPIKE
2024-05-18,P0045,W002,72,4.3183064022618325,SPIKE
2024-05-18,P0045,W004,114,3.1247177609882897,SPIKE
2024-05-18,P0033,W002,95,3.160100822510637,SPIKE
2024-05-18,P0001,W004,50,3.4878291540090864,SPIKE
2024-05-16,P0045,W004,109,3.5244417438900997,SPIKE
2024-05-15,P0054,W002,174,3.425773544782709,SPIKE
2024-05-15,P0040,W004,23,-3.7252383990750766,DROP
2024-05-15,P0045,W005,140,3.507625506682339,SPIKE
2024-05-13,P0045,W006,112,3.108548970714145,SPIKE
2024-05-13,P0045,W001,139,3.109593585510968,SPIKE
2024-05-12,P0054,W006,172,3.699984156377802,SPIKE
2024-05-12,P0054,W005,96,3.1095189689692533,SPIKE
2024-05-12,P0054,W001,91,3.244723982237027,SPIKE
2024-05-12,P0041,W003,49,3.1147668901903285,SPIKE
2024-05-12,P0054,W004,158,3.276218637260763,SPIKE
2024-05-12,P0027,W003,47,3.8164982956625586,SPIKE
2024-05-12,P0049,W003,73,3.417674223392611,SPIKE
2024-05-12,P0054,W003,62,4.24163460177823,SPIKE
2024-05-12,P0014,W003,55,3.0263082733223414,SPIKE
2024-05-12,P0013,W004,133,3.443131879543366,SPIKE
2024-05-12,P0023,W006,108,3.0518697639596533,SPIKE
2024-05-11,P0009,W005,63,3.1901771694133796,SPIKE
2024-05-11,P0007,W002,49,3.211433244502721,SPIKE
2024-05-11,P0049,W002,51,3.062897930639271,SPIKE
2024-05-11,P0049,W004,69,3.270192829314448,SPIKE
2024-05-11,P0019,W005,92,4.589849078388043,SPIKE
2024-05-11,P0017,W005,31,4.010274766145487,SPIKE
2024-05-11,P0049,W006,56,4.025934500939444,SPIKE
2024-05-11,P0024,W006,109,3.3320947617248353,SPIKE
2024-05-11,P0058,W001,124,3.0116887352194586,SPIKE
2024-05-09,P0042,W002,23,-3.0098971613568897,DROP
2024-05-08,P0049,W001,23,-3.220012810495696,DROP
2024-05-07,P0042,W003,17,-3.9088851787950407,DROP
2024-05-05,P0042,W002,57,3.354321349862724,SPIKE
2024-05-05,P0056,W003,28,3.0629125968358433,SPIKE
2024-05-05,P0054,W006,157,3.5444183821879576,SPIKE
2024-05-05,P0060,W006,106,3.532747853546017,SPIKE
2024-05-05,P0055,W005,135,3.4620380084773283,SPIKE
2024-05-05,P0003,W001,36,3.554632030074298,SPIKE
2024-05-05,P0005,W004,30,3.0744503187108356,SPIKE
2024-05-05,P0019,W001,91,4.090075780165263,SPIKE
2024-05-04,P0010,W001,131,3.312180433359222,SPIKE
2024-05-04,P0003,W003,18,3.209920366250128,SPIKE
2024-05-04,P0005,W006,22,4.369990622575325,SPIKE
2024-05-04,P0030,W001,23,3.2103700716687653,SPIKE
2024-05-04,P0028,W004,24,3.2097033395567274,SPIKE
2024-05-04,P0019,W002,77,3.3681964465673597,SPIKE
2024-05-04,P0029,W001,65,3.2089190145270563,SPIKE
2024-05-04,P0051,W003,98,3.6230280584948478,SPIKE
2024-05-04,P0038,W003,56,3.086532020628163,SPIKE
2024-05-04,P0020,W005,101,3.0484925147097126,SPIKE
2024-05-04,P0059,W003,31,4.082485553880316,SPIKE
2024-05-03,P0038,W003,23,-3.0390812747001053,DROP
2024-04-28,P0009,W003,47,3.9563259824914416,SPIKE
2024-04-28,P0042,W005,78,3.2622925452412916,SPIKE
2024-04-28,P0046,W006,47,3.2378736746652472,SPIKE
2024-04-28,P0012,W005,39,3.167992656936365,SPIKE
2024-04-28,P0051,W006,72,3.391596446647561,SPIKE
2024-04-27,P0045,W004,91,3.0554253146777106,SPIKE
2024-04-27,P0036,W002,37,3.722587028324397,SPIKE
2024-04-27,P0030,W003,37,3.237838644657624,SPIKE
2024-04-27,P0013,W002,113,3.639552462760522,SPIKE
2024-04-27,P0005,W006,20,3.7865923782120956,SPIKE
2024-04-27,P0005,W001,13,4.726813651456703,SPIKE
2024-04-27,P0037,W003,63,3.3425096330351898,SPIKE
2024-04-23,P0011,W006,12,-3.8297634543443038,DROP
2024-04-21,P0017,W003,63,4.086648890475371,SPIKE
2024-04-21,P0031,W006,75,3.7617094515940903,SPIKE
2024-04-21,P0051,W004,98,3.410997612743605,SPIKE
2024-04-21,P0021,W004,45,3.761028228202145,SPIKE
2024-04-21,P0049,W004,59,3.3841666393767955,SPIKE
2024-04-21,P0004,W005,132,3.3045115862656202,SPIKE
2024-04-21,P0041,W001,84,3.1473240591061225,SPIKE
2024-04-20,P0028,W001,22,3.0058709412759055,SPIKE
2024-04-20,P0054,W006,139,3.2791162803052383,SPIKE
2024-04-20,P0040,W003,56,3.439914847037773,SPIKE
2024-04-20,P0034,W006,16,3.444630634018804,SPIKE
2024-04-20,P0028,W003,25,3.843387222796091,SPIKE
2024-04-20,P0040,W006,100,3.3971461438697874,SPIKE
2024-04-20,P0038,W002,62,5.928524463860403,SPIKE
2024-04-20,P0014,W001,50,3.3608640650373838,SPIKE
2024-04-18,P0003,W004,13,-3.269180163406515,DROP
2024-04-15,P0031,W005,55,-3.399333608776707,DROP
2024-04-14,P0006,W006,24,3.0330137585330323,SPIKE
2024-04-14,P0009,W005,59,3.1009594391964206,SPIKE
2024-04-14,P0056,W004,40,3.3908826050927647,SPIKE
2024-04-14,P0053,W003,27,3.5237478563929736,SPIKE
2024-04-14,P0021,W003,49,3.0195525305030695,SPIKE
2024-04-14,P0055,W003,70,3.4834455342010995,SPIKE
2024-04-13,P0054,W004,143,3.0661427142932536,SPIKE
2024-04-13,P0059,W004,46,4.096446940661587,SPIKE
2024-04-13,P0037,W001,77,3.558821233367354,SPIKE
2024-04-13,P0002,W002,38,3.6297177314343796,SPIKE
2024-04-13,P0020,W006,128,3.2058248880109943,SPIKE
2024-04-13,P0012,W004,36,3.4707155743435982,SPIKE
2024-04-08,P0041,W002,27,-3.0832727994263966,DROP
2024-04-07,P0044,W004,15,3.188093836086441,SPIKE
2024-04-07,P0046,W003,61,3.028199573493249,SPIKE
2024-04-07,P0021,W002,87,3.4607534846192545,SPIKE
2024-04-07,P0020,W001,81,3.074874131222057,SPIKE
2024-04-07,P0028,W005,26,3.1410349128312314,SPIKE
2024-04-06,P0053,W001,45,4.685381307471123,SPIKE
2024-04-06,P0055,W005,135,3.3684553198817873,SPIKE
2024-04-06,P0044,W005,21,3.2114686228997065,SPIKE
2024-04-06,P0057,W004,125,3.1048628983017177,SPIKE
2024-04-06,P0015,W005,19,3.661374110543552,SPIKE
2024-04-06,P0036,W004,74,3.1466181726991653,SPIKE
2024-04-06,P0033,W003,90,3.6669256147076896,SPIKE
2024-04-06,P0043,W006,46,3.432408138587982,SPIKE
2024-04-06,P0031,W003,106,3.956519132482428,SPIKE
2024-04-02,P0011,W003,12,-3.8296588230818593,DROP
2024-03-31,P0027,W001,22,3.1229339326413745,SPIKE
2024-03-31,P0050,W001,152,3.1497394311654956,SPIKE
2024-03-31,P0030,W002,54,3.0146602719301727,SPIKE
2024-03-31,P0006,W006,22,3.153887977720614,SPIKE
2024-03-31,P0020,W005,115,4.315426396586345,SPIKE
2024-03-31,P0024,W001,61,3.7382531372838996,SPIKE
2024-03-31,P0022,W001,24,3.3994881260421286,SPIKE
2024-03-31,P0058,W003,66,3.306507640016344,SPIKE
2024-03-31,P0048,W005,122,4.409281813377976,SPIKE
2024-03-31,P0050,W002,89,3.3941853218908546,SPIKE
2024-03-31,P0042,W006,88,3.013417099636291,SPIKE
2024-03-31,P0048,W002,169,3.6742631067185334,SPIKE
2024-03-31,P0009,W001,24,3.240336148059265,SPIKE
2024-03-30,P0014,W004,64,3.0208480362340833,SPIKE
2024-03-30,P0038,W004,47,3.0252454027894653,SPIKE
2024-03-30,P0039,W003,74,3.3494313570835907,SPIKE
2024-03-30,P0030,W004,23,3.7282153652943792,SPIKE
2024-03-30,P0060,W003,66,3.7333829844298707,SPIKE
2024-03-30,P0055,W004,104,3.5964298783158877,SPIKE
2024-03-30,P0001,W002,56,3.7773035109709183,SPIKE
2024-03-30,P0048,W002,153,3.4048367914707387,SPIKE
2024-03-30,P0051,W005,58,4.372666194349123,SPIKE
2024-03-30,P0031,W003,91,3.244845713276199,SPIKE
2024-03-30,P0008,W006,137,3.114972286388739,SPIKE
2024-03-30,P0033,W006,133,3.371513745931138,SPIKE
2024-03-30,P0006,W001,23,4.23039536086509,SPIKE
2024-03-30,P0002,W005,54,3.0924123800234042,SPIKE
2024-03-30,P0023,W003,55,3.0225689865167684,SPIKE
2024-03-30,P0015,W002,39,3.304940214991086,SPIKE
2024-03-30,P0012,W001,38,3.1860757789242196,SPIKE
2024-03-30,P0007,W002,52,3.2496661276080876,SPIKE
2024-03-28,P0038,W005,20,-3.0415348725356943,DROP
2024-03-27,P0057,W004,36,-3.1268707414627843,DROP
2024-03-25,P0016,W004,30,3.9765017993421137,SPIKE
2024-03-25,P0008,W006,125,3.8608721489629185,SPIKE
2024-03-24,P0013,W002,115,3.6261356606578037,SPIKE
2024-03-24,P0007,W001,23,4.604575254173257,SPIKE
2024-03-24,P0006,W003,33,3.777941108836742,SPIKE
2024-03-24,P0019,W004,199,5.190585939690079,SPIKE
2024-03-24,P0051,W001,71,3.188984906024493,SPIKE
2024-03-24,P0019,W001,119,3.8703542717150476,SPIKE
2024-03-24,P0008,W004,74,6.1128905758782075,SPIKE
2024-03-24,P0008,W002,131,4.86123015964241,SPIKE
2024-03-24,P0019,W003,65,3.163449859338444,SPIKE
2024-03-24,P0055,W001,128,3.9848902044317516,SPIKE
2024-03-24,P0019,W002,90,3.078990769240528,SPIKE
2024-03-24,P0033,W002,110,3.5844078887154667,SPIKE
2024-03-24,P0044,W003,19,3.291067291823178,SPIKE
2024-03-24,P0046,W004,34,3.252233486962752,SPIKE
2024-03-23,P0008,W006,107,3.876859115566762,SPIKE
2024-03-23,P0050,W006,122,3.86436677791883,SPIKE
2024-03-23,P0026,W003,17,3.3016352679135146,SPIKE
2024-03-23,P0008,W001,59,4.783804198406932,SPIKE
2024-03-23,P0019,W005,107,3.910588211001222,SPIKE
2024-03-23,P0012,W006,37,3.3511963920722563,SPIKE
2024-03-23,P0019,W001,114,4.924060241771536,SPIKE
2024-03-23,P0045,W002,57,3.867312024563921,SPIKE
2024-03-23,P0003,W001,41,3.5330484687848487,SPIKE
2024-03-23,P0034,W003,9,4.665089823686467,SPIKE
2024-03-23,P0034,W004,15,3.7125312428955874,SPIKE
2024-03-23,P0008,W005,63,4.802199774940414,SPIKE
2024-03-23,P0008,W002,117,6.141901373390028,SPIKE
2024-03-23,P0019,W002,96,4.794858741120269,SPIKE
2024-03-23,P0019,W004,151,3.31150658789374,SPIKE
2024-03-23,P0049,W004,54,3.130607991591482,SPIKE
2024-03-23,P0008,W003,85,6.503216090789885,SPIKE
2024-03-22,P0008,W006,92,3.00723503952985,SPIKE
2024-03-22,P0019,W002,75,3.0607124436192845,SPIKE
2024-03-21,P0019,W003,59,3.704873899397399,SPIKE
2024-03-17,P0051,W001,65,3.2446930486528998,SPIKE
2024-03-17,P0036,W006,72,3.8235467619672128,SPIKE
2024-03-17,P0029,W002,106,4.110308677435717,SPIKE
2024-03-17,P0025,W002,51,3.1922842687270188,SPIKE
2024-03-17,P0012,W003,30,3.0245774365236135,SPIKE
2024-03-17,P0002,W006,52,3.476232090679893,SPIKE
2024-03-17,P0030,W006,46,3.547259625042636,SPIKE
2024-03-17,P0040,W002,55,3.0683992999148644,SPIKE
2024-03-17,P0054,W002,141,3.4861707570296443,SPIKE
2024-03-17,P0028,W003,27,3.5437921251860054,SPIKE
2024-03-17,P0029,W005,154,3.527260981332435,SPIKE
2024-03-16,P0053,W003,26,4.471066207429547,SPIKE
2024-03-16,P0050,W004,106,3.1019011489974377,SPIKE
2024-03-16,P0041,W005,51,3.21378537908662,SPIKE
2024-03-16,P0053,W004,27,4.273549184486631,SPIKE
2024-03-16,P0015,W003,38,3.9316907869472457,SPIKE
2024-03-16,P0019,W005,92,3.3653148547752574,SPIKE
2024-03-16,P0056,W006,40,3.489389814509309,SPIKE
2024-03-16,P0029,W006,107,4.755061672659091,SPIKE
2024-03-16,P0011,W002,24,3.6037047556537214,SPIKE
2024-03-16,P0036,W003,42,3.187595796466711,SPIKE
2024-03-16,P0024,W003,94,3.2065007638087266,SPIKE
2024-03-16,P0049,W002,48,3.8965591329945397,SPIKE
2024-03-16,P0036,W005,29,4.422761516955851,SPIKE
2024-03-16,P0038,W003,62,4.604801449693951,SPIKE
2024-03-16,P0022,W003,19,3.5194225573227738,SPIKE
2024-03-16,P0017,W002,62,3.428085224565391,SPIKE
2024-03-16,P0029,W003,119,4.493095434581132,SPIKE
2024-03-16,P0032,W001,42,3.9146874768788007,SPIKE
2024-03-16,P0052,W005,42,3.280279204615348,SPIKE
2024-03-16,P0001,W006,27,3.198673768793781,SPIKE
2024-03-10,P0033,W004,106,3.253204047394506,SPIKE
2024-03-10,P0013,W006,54,5.092703361709204,SPIKE
2024-03-10,P0019,W006,131,3.2695151969841123,SPIKE
2024-03-10,P0022,W006,17,3.0616167734972315,SPIKE
2024-03-10,P0035,W004,18,3.2138671479244425,SPIKE
2024-03-10,P0015,W003,33,3.144567650571969,SPIKE
2024-03-10,P0052,W006,101,3.95047081386849,SPIKE
2024-03-10,P0017,W002,58,3.289350773356676,SPIKE
2024-03-10,P0015,W002,36,3.347007831174677,SPIKE
2024-03-10,P0016,W005,29,3.656616834422466,SPIKE
2024-03-10,P0031,W006,71,3.6671067745700965,SPIKE
2024-03-10,P0024,W006,112,3.5831559759928058,SPIKE
2024-03-09,P0011,W002,23,4.169401577890103,SPIKE
2024-03-09,P0026,W004,12,3.1855128267455135,SPIKE
2024-03-09,P0040,W002,57,3.6392529355178618,SPIKE
2024-03-09,P0027,W001,21,3.294852227264438,SPIKE
2024-03-09,P0011,W004,25,5.453609856335127,SPIKE
2024-03-09,P0047,W006,25,3.153655490023707,SPIKE
2024-03-09,P0056,W003,28,3.6513648984116953,SPIKE
2024-03-09,P0012,W006,33,3.706449021698994,SPIKE
2024-03-09,P0021,W006,70,3.639885526593497,SPIKE
2024-03-09,P0032,W006,28,3.020990680695602,SPIKE
2024-03-09,P0001,W004,53,3.798963692722184,SPIKE
2024-03-09,P0042,W002,65,3.3610180866292323,SPIKE
2024-03-09,P0045,W006,110,3.343595826245433,SPIKE
2024-03-09,P0012,W002,39,4.554963639359081,SPIKE
2024-03-09,P0030,W004,21,3.3713712793121418,SPIKE
2024-03-09,P0022,W002,18,3.1351595657607962,SPIKE
2024-03-09,P0032,W001,39,3.8056848259175973,SPIKE
2024-03-09,P0005,W002,18,3.21892192097499,SPIKE
2024-03-09,P0001,W002,53,3.284456963507728,SPIKE
2024-03-09,P0010,W002,61,3.0014326623099947,SPIKE
2024-03-04,P0044,W001,18,3.4761089357690533,SPIKE
2024-03-03,P0016,W006,31,3.619882885589931,SPIKE
2024-03-03,P0010,W005,120,3.087113835641337,SPIKE
2024-03-03,P0024,W006,101,3.012359603428365,SPIKE
2024-03-03,P0050,W006,112,3.2827826995025595,SPIKE
2024-03-03,P0055,W005,138,3.3961255740222716,SPIKE
2024-03-03,P0031,W001,121,4.097491893032755,SPIKE
2024-03-03,P0036,W005,26,3.2767817396979435,SPIKE
2024-03-03,P0055,W006,91,3.261130739978215,SPIKE
2024-03-03,P0033,W003,81,3.0955943440442835,SPIKE
2024-03-03,P0050,W002,77,3.2253390299337896,SPIKE
2024-03-03,P0052,W002,85,3.6937125292092596,SPIKE
2024-03-03,P0052,W003,76,3.6935265937712614,SPIKE
2024-03-03,P0013,W003,98,4.054605438887467,SPIKE
2024-03-03,P0039,W004,86,4.703283383707473,SPIKE
2024-03-02,P0010,W006,113,3.2807425047701995,SPIKE
2024-03-02,P0055,W006,84,3.1568016800408687,SPIKE
2024-03-02,P0046,W006,49,3.3819078913529035,SPIKE
2024-03-02,P0038,W002,49,3.551403687649987,SPIKE
2024-03-02,P0032,W006,28,4.0127085105932565,SPIKE
2024-03-02,P0015,W001,16,3.343640260550182,SPIKE
2024-03-02,P0041,W005,47,3.206769389418975,SPIKE
2024-03-02,P0006,W004,15,3.5140795259655206,SPIKE
2024-03-02,P0036,W002,41,4.3661399986920575,SPIKE
2024-03-02,P0022,W003,18,3.7324753916161013,SPIKE
2024-03-02,P0044,W005,21,3.2232416571001443,SPIKE
2024-03-02,P0023,W005,93,3.9980678505384346,SPIKE
2024-03-02,P0024,W003,89,3.7344256532095463,SPIKE
2024-03-02,P0017,W004,32,3.8617072962540018,SPIKE
2024-03-02,P0004,W003,100,3.3786867284861994,SPIKE
2024-03-02,P0037,W005,41,3.767402849445553,SPIKE
2024-03-02,P0051,W001,56,3.1852334092759045,SPIKE
2024-03-02,P0040,W003,59,4.392355586772289,SPIKE
2024-03-02,P0055,W002,71,3.136107465674843,SPIKE
2024-03-02,P0054,W005,92,3.7232316379688934,SPIKE
2024-03-02,P0050,W005,76,3.0582845505587444,SPIKE
2024-02-25,P0002,W002,36,3.0002336422684186,SPIKE
2024-02-25,P0009,W002,27,3.1735394925190605,SPIKE
2024-02-25,P0013,W003,92,4.09563221813334,SPIKE
2024-02-25,P0008,W004,46,3.246187615872808,SPIKE
2024-02-25,P0006,W002,28,3.069730208238996,SPIKE
2024-02-25,P0024,W002,69,3.5188433596575903,SPIKE
2024-02-25,P0036,W002,36,3.7686335806044253,SPIKE
2024-02-25,P0037,W002,78,3.17313960870349,SPIKE
2024-02-25,P0016,W006,28,3.4427585990666243,SPIKE
2024-02-25,P0005,W001,11,3.4159987732795836,SPIKE
2024-02-25,P0012,W006,30,3.8054339292381845,SPIKE
2024-02-25,P0021,W006,61,3.290052650945813,SPIKE
2024-02-25,P0031,W003,84,3.168627868555501,SPIKE
2024-02-25,P0012,W004,35,3.095115015973445,SPIKE
2024-02-25,P0049,W001,74,3.542795504439667,SPIKE
2024-02-25,P0053,W005,23,4.880905844300062,SPIKE
2024-02-25,P0022,W001,23,3.0438255001940697,SPIKE
2024-02-24,P0035,W003,16,3.0886038406066816,SPIKE
2024-02-24,P0014,W003,47,3.1609341788350247,SPIKE
2024-02-24,P0040,W004,83,4.458671910350139,SPIKE
2024-02-24,P0013,W005,60,4.167193439894647,SPIKE
2024-02-24,P0023,W003,53,4.246166038387398,SPIKE
2024-02-24,P0041,W004,37,3.1191491206101674,SPIKE
2024-02-24,P0001,W005,24,4.3958246281824644,SPIKE
2024-02-24,P0054,W001,79,3.1645048336332615,SPIKE
2024-02-24,P0044,W001,16,3.0820406960055213,SPIKE
2024-02-24,P0006,W001,21,3.025102446740933,SPIKE
2024-02-24,P0020,W001,70,3.2686142065228028,SPIKE
2024-02-24,P0030,W004,21,3.8417271039419716,SPIKE
2024-02-24,P0035,W006,25,3.488044100127089,SPIKE
2024-02-24,P0008,W001,40,3.67654490094443,SPIKE
2024-02-24,P0019,W006,121,3.3294551175248737,SPIKE
2024-02-24,P0029,W001,63,3.06207268473828,SPIKE
2024-02-24,P0018,W006,20,3.290319809427078,SPIKE
2024-02-24,P0010,W002,66,4.365466102716295,SPIKE
2024-02-24,P0015,W001,15,4.185672734983531,SPIKE
2024-02-24,P0035,W002,13,3.4957447295065633,SPIKE
2024-02-24,P0033,W005,96,4.5244448398567485,SPIKE
2024-02-24,P0038,W001,39,3.4273369895082717,SPIKE
2024-02-24,P0037,W002,74,3.313902655598694,SPIKE
2024-02-18,P0025,W002,50,3.208754096834603,SPIKE
2024-02-18,P0021,W005,62,3.463065512344165,SPIKE
2024-02-18,P0045,W005,111,3.2454702511739604,SPIKE
2024-02-18,P0007,W005,40,3.496737186790645,SPIKE
2024-02-18,P0016,W001,24,3.5250284304063886,SPIKE
2024-02-18,P0051,W002,34,3.4217857194709476,SPIKE
2024-02-18,P0004,W004,96,3.576594072264459,SPIKE
2024-02-18,P0034,W004,14,3.133831984426937,SPIKE
2024-02-18,P0053,W005,20,3.9909617332723255,SPIKE
2024-02-18,P0035,W003,16,3.050231407027118,SPIKE
2024-02-18,P0023,W001,94,3.3631174585403643,SPIKE
2024-02-18,P0040,W003,50,3.0814739560078213,SPIKE
2024-02-18,P0033,W006,124,3.650871710719761,SPIKE
2024-02-18,P0059,W004,39,3.125111681853159,SPIKE
2024-02-18,P0017,W005,26,3.2337768941974363,SPIKE
2024-02-18,P0044,W006,13,3.7155933311944542,SPIKE
2024-02-17,P0037,W002,68,3.0380319284848754,SPIKE
2024-02-17,P0007,W006,23,4.434856110174106,SPIKE
2024-02-17,P0012,W003,29,3.643755748464682,SPIKE
2024-02-17,P0001,W004,46,3.022730759688253,SPIKE
2024-02-17,P0004,W006,86,3.0762320160747407,SPIKE
2024-02-17,P0023,W005,81,3.9669505684662263,SPIKE
2024-02-17,P0008,W006,91,3.6509763578660106,SPIKE
2024-02-17,P0050,W005,71,3.198207723641727,SPIKE
2024-02-17,P0018,W006,19,3.973407802791528,SPIKE
2024-02-17,P0018,W005,33,4.147503374773242,SPIKE
2024-02-17,P0003,W001,34,3.9449956763277716,SPIKE
2024-02-17,P0008,W003,46,3.378989567742916,SPIKE
2024-02-17,P0017,W003,54,3.5022402338277487,SPIKE
2024-02-17,P0039,W006,80,3.7028112339176875,SPIKE
2024-02-17,P0027,W003,42,3.207929807257914,SPIKE
2024-02-17,P0053,W003,21,3.803789847546915,SPIKE
2024-02-17,P0021,W004,37,3.096736434180506,SPIKE
2024-02-17,P0005,W005,15,3.619756934384734,SPIKE
2024-02-17,P0053,W001,39,3.7130782731747365,SPIKE
2024-02-17,P0057,W002,116,3.778592338428658,SPIKE
2024-02-17,P0003,W005,32,3.782336615930902,SPIKE
2024-02-17,P0033,W001,47,3.165559027550273,SPIKE
2024-02-17,P0004,W005,119,3.2146984214848096,SPIKE
2024-02-17,P0054,W006,124,3.0894882804184673,SPIKE
2024-02-17,P0054,W001,73,3.2649742866228704,SPIKE
2024-02-11,P0030,W005,23,3.7353644375406265,SPIKE
2024-02-11,P0060,W001,61,3.178877639194517,SPIKE
2024-02-11,P0023,W001,85,3.4712234334368146,SPIKE
2024-02-11,P0013,W002,98,3.1267645959527863,SPIKE
2024-02-11,P0016,W003,20,4.8611020011523625,SPIKE
2024-02-11,P0013,W005,52,3.509191706549929,SPIKE
2024-02-11,P0057,W002,101,4.208327351022065,SPIKE
2024-02-11,P0059,W002,46,3.1282240919272417,SPIKE
2024-02-11,P0060,W004,117,4.154684699454306,SPIKE
2024-02-11,P0011,W005,23,3.93862856409626,SPIKE
2024-02-11,P0007,W001,17,3.0640084645139725,SPIKE
2024-02-11,P0035,W001,14,3.132534268475798,SPIKE
2024-02-11,P0027,W003,39,3.214278443873059,SPIKE
2024-02-11,P0025,W003,88,3.3443554411285743,SPIKE
2024-02-11,P0039,W001,84,3.7003987415324553,SPIKE
2024-02-11,P0003,W001,33,4.6954035594362775,SPIKE
2024-02-11,P0022,W001,21,3.598273151037197,SPIKE
2024-02-11,P0024,W002,63,3.290792840864914,SPIKE
2024-02-11,P0050,W006,107,3.1530546074748838,SPIKE
2024-02-10,P0001,W001,21,3.0705836666946724,SPIKE
2024-02-10,P0054,W005,84,3.4236311042561787,SPIKE
2024-02-10,P0060,W002,69,3.6887726892192374,SPIKE
2024-02-10,P0060,W003,74,4.114686702264431,SPIKE
2024-02-10,P0028,W005,22,3.116884239812803,SPIKE
2024-02-10,P0005,W001,10,3.376044196778929,SPIKE
2024-02-10,P0048,W006,68,3.079918427527978,SPIKE
2024-02-10,P0055,W005,122,4.348865613002177,SPIKE
2024-02-10,P0055,W004,91,3.613256216137111,SPIKE
2024-02-10,P0003,W006,32,4.023469125126664,SPIKE
2024-02-10,P0018,W005,28,3.586436948396599,SPIKE
2024-02-10,P0027,W006,43,3.4535284149966836,SPIKE
2024-02-10,P0040,W005,84,3.7837819911966584,SPIKE
2024-02-10,P0055,W001,106,3.4412971669117227,SPIKE
2024-02-10,P0060,W005,72,3.234935934518105,SPIKE
2024-02-10,P0060,W001,57,3.1980411275915817,SPIKE
2024-02-10,P0028,W002,13,3.323795879355282,SPIKE
2024-02-10,P0046,W003,57,3.1483905013649225,SPIKE
2024-02-10,P0009,W001,22,3.2755863490401733,SPIKE
2024-02-10,P0033,W004,92,3.9245449567696347,SPIKE
2024-02-10,P0001,W004,43,3.018413227602839,SPIKE
2024-02-10,P0057,W004,180,3.9051505968880194,SPIKE
2024-02-10,P0030,W003,37,3.3189612646081055,SPIKE
2024-02-10,P0038,W004,43,3.5883602767679683,SPIKE
2024-02-10,P0019,W004,133,3.754672951763701,SPIKE
2024-02-10,P0015,W001,14,3.581567081011639,SPIKE
2024-02-10,P0007,W004,48,3.775409817627977,SPIKE
2024-02-10,P0029,W006,76,3.3497631938494465,SPIKE
2024-02-10,P0042,W004,69,3.1665458192983533,SPIKE
2024-02-08,P0060,W001,58,4.1761071237790715,SPIKE
2024-02-05,P0057,W004,137,3.0742873150837604,SPIKE
2024-02-04,P0029,W004,57,3.3156772895354134,SPIKE
2024-02-04,P0057,W005,78,6.604900007725062,SPIKE
2024-02-04,P0057,W003,72,3.892099950299646,SPIKE
2024-02-04,P0016,W004,28,3.398890850909109,SPIKE
2024-02-04,P0024,W001,54,3.1606396609105176,SPIKE
2024-02-04,P0049,W006,42,3.4152981694534477,SPIKE
2024-02-04,P0048,W004,74,3.623998447879842,SPIKE
2024-02-04,P0057,W004,128,3.135098365254347,SPIKE
2024-02-04,P0037,W005,35,3.1634835952537452,SPIKE
2024-02-04,P0037,W003,60,3.437393849420214,SPIKE
2024-02-04,P0057,W002,87,6.394939639426796,SPIKE
2024-02-04,P0046,W005,54,3.1271763130141976,SPIKE
2024-02-04,P0043,W001,66,3.761728646465423,SPIKE
2024-02-04,P0026,W004,12,3.7134323105020077,SPIKE
2024-02-04,P0001,W002,50,3.190795047126925,SPIKE
2024-02-04,P0051,W006,56,3.225175093846103,SPIKE
2024-02-04,P0020,W006,122,4.664504413061343,SPIKE
2024-02-04,P0059,W005,60,3.3934559354676663,SPIKE
2024-02-04,P0043,W003,77,3.305550845025791,SPIKE
2024-02-04,P0056,W006,38,3.108422849187589,SPIKE
2024-02-03,P0045,W003,57,4.425782881316445,SPIKE
2024-02-03,P0040,W002,48,3.1024670398888587,SPIKE
2024-02-03,P0024,W001,52,3.4777855840866363,SPIKE
2024-02-03,P0045,W002,51,3.2579870307808614,SPIKE
2024-02-03,P0025,W003,80,3.0069123812647005,SPIKE
2024-02-03,P0049,W006,39,3.2383768883267243,SPIKE
2024-02-03,P0022,W004,14,3.0610572928270474,SPIKE
2024-02-03,P0050,W005,68,3.9014723205701194,SPIKE
2024-02-03,P0023,W003,43,3.062481299990963,SPIKE
2024-02-03,P0043,W006,46,4.808100420546985,SPIKE
2024-02-03,P0024,W004,111,3.701817559156929,SPIKE
2024-02-03,P0043,W005,59,3.390953732284814,SPIKE
2024-02-03,P0036,W003,40,4.037036142854506,SPIKE
2024-02-03,P0033,W006,99,3.258634486592259,SPIKE
2024-02-03,P0055,W003,60,3.157357582173372,SPIKE
2024-02-03,P0052,W001,72,3.7581514370701936,SPIKE
2024-02-03,P0028,W005,20,3.1792976722183592,SPIKE
2024-02-03,P0057,W006,119,6.349353208057701,SPIKE
2024-02-03,P0056,W002,47,3.37900159972737,SPIKE
2024-02-03,P0008,W001,35,3.775477541396451,SPIKE
2024-02-03,P0051,W003,81,3.1956889117114504,SPIKE
2024-02-03,P0011,W006,40,3.734956930071754,SPIKE
2024-02-03,P0029,W001,61,4.220666637701252,SPIKE
2024-02-03,P0018,W002,15,3.2678494079033387,SPIKE
2024-02-03,P0053,W006,37,3.0607568773413725,SPIKE
2024-02-03,P0057,W004,148,7.3009407863470965,SPIKE
2024-02-03,P0059,W004,35,3.0529257972293364,SPIKE
2024-02-03,P0053,W004,23,3.0662880280861815,SPIKE
2024-02-03,P0057,W003,69,4.922693165587374,SPIKE
2024-02-03,P0057,W001,192,6.846444671774476,SPIKE
2024-02-03,P0008,W006,85,4.201544101676991,SPIKE
2024-01-30,P0034,W005,15,3.105919412217414,SPIKE
2024-01-28,P0056,W005,71,4.057278564345581,SPIKE
2024-01-28,P0022,W002,18,3.0576549398752197,SPIKE
2024-01-28,P0037,W001,68,3.4539156517270775,SPIKE
2024-01-28,P0048,W001,70,3.3463482818823715,SPIKE
2024-01-28,P0018,W004,12,3.120659800934892,SPIKE
2024-01-28,P0009,W004,38,3.049510517235133,SPIKE
2024-01-28,P0023,W006,100,3.0011557007714074,SPIKE
2024-01-28,P0052,W005,36,4.589649957392419,SPIKE
2024-01-28,P0031,W005,129,3.3721271546959377,SPIKE
2024-01-28,P0034,W003,8,3.6306186230118525,SPIKE
2024-01-28,P0057,W006,82,3.511765115083792,SPIKE
2024-01-28,P0053,W006,36,3.0463092423455826,SPIKE
2024-01-28,P0027,W006,40,3.5359692052583793,SPIKE
2024-01-28,P0036,W001,27,4.597045808806202,SPIKE
2024-01-28,P0024,W002,55,3.1492023211400597,SPIKE
2024-01-28,P0020,W004,71,3.263212526236373,SPIKE
2024-01-27,P0059,W001,49,3.2974841789400546,SPIKE
2024-01-27,P0040,W002,46,3.2177864373177365,SPIKE
2024-01-27,P0053,W002,27,3.5254179083580066,SPIKE
2024-01-27,P0003,W005,30,3.028094480414336,SPIKE
2024-01-27,P0048,W005,94,3.263055343907679,SPIKE
2024-01-27,P0028,W001,17,3.1152769531855795,SPIKE
2024-01-27,P0022,W003,17,3.1574088695053035,SPIKE
2024-01-27,P0036,W005,24,3.0765310388083016,SPIKE
2024-01-27,P0032,W001,35,3.331703041512,SPIKE
2024-01-27,P0031,W004,82,3.5127526641681963,SPIKE
2024-01-27,P0053,W001,32,3.6955513931979485,SPIKE
2024-01-27,P0007,W005,33,3.379136770664417,SPIKE
2024-01-27,P0019,W005,82,3.6400021309976416,SPIKE
2024-01-27,P0045,W002,47,3.1218907088046164,SPIKE
2024-01-27,P0011,W004,19,3.236329681057532,SPIKE
2024-01-27,P0042,W001,38,3.97102205391971,SPIKE
2024-01-27,P0045,W004,79,3.8268625305940254,SPIKE
2024-01-27,P0032,W006,29,3.612478373637679,SPIKE
2024-01-27,P0014,W006,27,3.7491678623354576,SPIKE
2024-01-27,P0029,W004,54,3.5939767193976446,SPIKE
2024-01-27,P0047,W002,40,4.129039677206974,SPIKE
2024-01-27,P0047,W003,26,3.1863213729469835,SPIKE
2024-01-27,P0034,W003,7,3.096992403959919,SPIKE
2024-01-27,P0014,W002,33,3.2130676110384937,SPIKE
2024-01-27,P0055,W002,67,3.322238327326002,SPIKE
2024-01-27,P0060,W003,58,3.158265725476233,SPIKE
2024-01-27,P0021,W002,72,3.260979834197514,SPIKE
2024-01-24,P0024,W005,19,-3.5749372465004914,DROP
2024-01-21,P0045,W002,48,3.661768177058905,SPIKE
2024-01-21,P0019,W005,80,4.209980603355599,SPIKE
2024-01-21,P0052,W002,77,3.471155593735121,SPIKE
2024-01-21,P0056,W006,36,3.334411109321186,SPIKE
2024-01-20,P0031,W006,72,3.8607906276092994,SPIKE
2024-01-20,P0017,W001,20,3.6673253690283527,SPIKE
2024-01-20,P0012,W004,33,3.1857791647910947,SPIKE
2024-01-20,P0006,W005,34,3.218693609494877,SPIKE
2024-01-20,P0043,W003,61,3.041959682381463,SPIKE
2024-01-20,P0039,W004,62,3.1929168280327276,SPIKE
2024-01-20,P0032,W003,34,3.0369123363148964,SPIKE
2024-01-20,P0004,W001,62,3.1819878025181505,SPIKE
2024-01-20,P0038,W005,48,3.487806475062878,SPIKE
2024-01-20,P0033,W005,82,4.061579142669261,SPIKE
2024-01-20,P0006,W004,17,3.5617438816511604,SPIKE
2024-01-20,P0018,W003,20,3.906166859580345,SPIKE
2024-01-20,P0041,W004,32,3.0384923466276166,SPIKE
2024-01-16,P0053,W003,7,-3.0223264100422647,DROP
2024-01-16,P0006,W006,21,3.9311508961652852,SPIKE
2024-01-16,P0006,W004,14,3.503727714849917,SPIKE
2024-01-14,P0001,W003,24,3.3982086412839485,SPIKE
2024-01-14,P0030,W006,41,3.009120734480343,SPIKE
2024-01-14,P0020,W004,66,3.9889977894829576,SPIKE
2024-01-14,P0008,W004,38,3.0621792066012694,SPIKE
2024-01-14,P0046,W006,44,3.136940709189628,SPIKE
2024-01-14,P0016,W001,25,3.642104075048923,SPIKE
2024-01-13,P0047,W001,35,3.2923333261711387,SPIKE
2024-01-13,P0046,W006,43,3.7028701629631486,SPIKE
2024-01-13,P0005,W002,16,3.2018725408085995,SPIKE
2024-01-13,P0026,W002,11,4.150209925322157,SPIKE
2024-01-13,P0009,W002,28,3.903077409601308,SPIKE
2024-01-13,P0036,W005,23,3.3455601533619825,SPIKE
2024-01-13,P0054,W005,76,3.398786272281466,SPIKE
2024-01-07,P0022,W002,15,3.115276953185641,SPIKE
2024-01-07,P0004,W004,86,3.206544227129244,SPIKE
2024-01-07,P0014,W004,55,3.9684043636509854,SPIKE
2024-01-07,P0060,W005,61,3.3178073753340778,SPIKE
2024-01-06,P0040,W004,64,3.4019825116493894,SPIKE
2024-01-06,P0031,W006,58,3.078108628304656,SPIKE
2024-01-06,P0019,W006,104,3.191357608559071,SPIKE
2024-01-06,P0015,W005,24,4.385376760927575,SPIKE
2024-01-06,P0023,W006,102,3.551980525396813,SPIKE
2024-01-06,P0043,W003,58,3.471646807227748,SPIKE
2024-01-01,P0017,W006,28,3.245509718570149,SPIKE
2024-01-01,P0015,W006,25,6.472681194980358,SPIKE
2024-01-01,P0015,W002,43,3.9291862959332944,SPIKE
2024-01-01,P0052,W001,64,3.097129961263304,SPIKE
2024-01-01,P0001,W001,20,3.5113472839392683,SPIKE
2024-01-01,P0056,W002,40,3.1810944333478934,SPIKE
2024-01-01,P0019,W001,73,3.039051125821911,SPIKE
2024-01-01,P0027,W002,29,3.616108774833116,SPIKE
2024-01-01,P0032,W004,54,3.5454502287809517,SPIKE
2024-01-01,P0044,W006,11,4.518941616499669,SPIKE
2024-01-01,P0026,W003,14,3.4919252536600207,SPIKE
2024-01-01,P0015,W005,20,3.939872762971703,SPIKE
2024-01-01,P0011,W005,22,4.291649638020498,SPIKE
2024-01-01,P0020,W004,55,3.2108188983223496,SPIKE
2024-01-01,P0047,W005,61,3.9636062328884525,SPIKE
2024-01-01,P0049,W001,62,3.4669338990321856,SPIKE
2024-01-01,P0009,W003,37,3.084446977798689,SPIKE
2024-01-01,P0001,W004,41,3.2255616716569766,SPIKE
2024-01-01,P0055,W006,74,3.6936979009572366,SPIKE
2023-12-31,P0041,W002,52,3.0061424546259436,SPIKE
2023-12-31,P0026,W002,9,3.761945742878005,SPIKE
2023-12-31,P0015,W001,17,3.8433872227961374,SPIKE
2023-12-31,P0015,W002,39,4.296886481706812,SPIKE
2023-12-31,P0022,W006,15,3.1650072918032275,SPIKE
2023-12-31,P0007,W005,28,3.174216847479191,SPIKE
2023-12-31,P0013,W005,45,3.0450525261700134,SPIKE
2023-12-31,P0006,W006,17,3.4085537979780596,SPIKE
2023-12-31,P0020,W002,65,3.297602091654608,SPIKE
2023-12-30,P0016,W002,16,3.2930182009207463,SPIKE
2023-12-30,P0060,W001,48,3.1798605741896955,SPIKE
2023-12-30,P0015,W002,31,3.157783796676959,SPIKE
2023-12-30,P0015,W004,49,3.3964271799316705,SPIKE
2023-12-30,P0052,W004,70,3.324470534251945,SPIKE
2023-12-30,P0017,W004,24,3.944254410803493,SPIKE
2023-12-30,P0015,W003,34,3.3023955781840804,SPIKE
2023-12-30,P0037,W005,32,3.2115948748882848,SPIKE
2023-12-30,P0009,W003,35,3.118690433030019,SPIKE
2023-12-30,P0049,W002,40,3.5111853331844682,SPIKE
2023-12-30,P0024,W004,91,3.1960246900218867,SPIKE
2023-12-25,P0006,W003,35,3.981851351685026,SPIKE
2023-12-25,P0053,W002,28,3.969764156136994,SPIKE
2023-12-25,P0042,W002,62,3.411202032945178,SPIKE
2023-12-25,P0047,W002,39,3.695234568871989,SPIKE
2023-12-25,P0001,W005,19,3.233764288319814,SPIKE
2023-12-25,P0014,W002,35,3.189753263837501,SPIKE
2023-12-25,P0009,W006,25,3.492940940635091,SPIKE
2023-12-25,P0056,W005,76,3.7193720197634628,SPIKE
2023-12-25,P0037,W006,29,4.020130781890612,SPIKE
2023-12-25,P0058,W003,99,6.809299538263218,SPIKE
2023-12-25,P0057,W001,131,3.435246938733509,SPIKE
2023-12-25,P0051,W002,46,3.4033255276238994,SPIKE
2023-12-25,P0005,W003,29,3.430359876607289,SPIKE
2023-12-25,P0020,W006,111,3.3208686746296516,SPIKE
2023-12-25,P0047,W004,61,3.6431321926085407,SPIKE
2023-12-25,P0050,W001,124,3.4201175662028964,SPIKE
2023-12-25,P0033,W002,92,3.4134523972701007,SPIKE
2023-12-25,P0042,W004,71,3.351538452927819,SPIKE
2023-12-25,P0057,W004,113,3.1910926135490114,SPIKE
2023-12-25,P0046,W001,41,3.7796247105669,SPIKE
2023-12-25,P0007,W001,20,3.15338562537867,SPIKE
2023-12-25,P0002,W001,55,3.3100059352613407,SPIKE
2023-12-25,P0046,W005,52,3.2197689834145833,SPIKE
2023-12-25,P0026,W001,8,4.112279583575767,SPIKE
2023-12-25,P0057,W006,70,3.343486310159206,SPIKE
2023-12-25,P0024,W002,59,3.2525167163916375,SPIKE
2023-12-25,P0026,W005,10,3.0553291960687967,SPIKE
2023-12-25,P0028,W006,16,3.6809305764338403,SPIKE
2023-12-25,P0031,W003,87,3.519089746627319,SPIKE
2023-12-25,P0051,W003,97,3.8934692400758357,SPIKE
2023-12-25,P0038,W004,49,3.6812049769170456,SPIKE
2023-12-25,P0056,W001,63,3.2328990579838326,SPIKE
2023-12-25,P0024,W004,94,3.817209954248064,SPIKE
2023-12-25,P0060,W004,99,4.239632194840663,SPIKE
2023-12-25,P0032,W005,62,4.589249164928026,SPIKE
2023-12-25,P0058,W001,155,4.158264654201315,SPIKE
2023-12-25,P0058,W002,142,3.4457348135413994,SPIKE
2023-12-25,P0002,W002,33,3.3965954823741518,SPIKE
2023-12-25,P0037,W003,53,3.1613495438276265,SPIKE
2023-12-25,P0041,W001,83,4.795082148806329,SPIKE
2023-12-25,P0005,W004,27,3.3546592035493368,SPIKE
2023-12-25,P0023,W003,44,3.413779759093801,SPIKE
2023-12-25,P0010,W001,124,3.636972240889443,SPIKE
2023-12-25,P0035,W001,15,4.0602013372896915,SPIKE
2023-12-25,P0020,W005,100,3.3823645258787387,SPIKE
2023-12-25,P0025,W001,41,3.423737265979446,SPIKE
2023-12-25,P0049,W006,41,3.098101901383279,SPIKE
2023-12-25,P0028,W002,14,3.619715929939452,SPIKE
2023-12-25,P0054,W002,162,3.6610317201704516,SPIKE
2023-12-25,P0003,W001,35,3.1753654678204932,SPIKE
2023-12-25,P0009,W004,42,5.289852663255284,SPIKE
2023-12-25,P0040,W002,57,5.022144931797911,SPIKE
2023-12-25,P0004,W001,62,3.057933309734121,SPIKE
2023-12-25,P0052,W005,37,3.3744967418667966,SPIKE
2023-12-25,P0048,W002,127,3.221459300005129,SPIKE
2023-12-25,P0008,W004,37,3.260733662542897,SPIKE
2023-12-25,P0017,W002,59,3.70942115705361,SPIKE
2023-12-25,P0020,W001,72,3.4338516730443898,SPIKE
2023-12-25,P0048,W003,72,3.3012116371020728,SPIKE
2023-12-25,P0049,W004,51,3.0009248174632317,SPIKE
2023-12-25,P0011,W002,25,3.5067410109551287,SPIKE
2023-12-25,P0053,W001,39,3.0534662130075234,SPIKE
2023-12-25,P0027,W005,39,3.226887319718807,SPIKE
2023-12-25,P0025,W005,104,3.3041675579458665,SPIKE
2023-12-25,P0010,W004,72,3.2576087540120904,SPIKE
2023-12-25,P0012,W001,42,3.0306195051054248,SPIKE
2023-12-25,P0005,W002,16,3.0057067399077955,SPIKE
2023-12-25,P0027,W002,28,3.9159788523155736,SPIKE
2023-12-25,P0022,W003,18,3.1155780529866326,SPIKE
2023-12-25,P0016,W005,26,4.3750661969861495,SPIKE
2023-12-25,P0027,W004,32,3.220481698876716,SPIKE
2023-12-25,P0001,W003,25,3.1874131594455353,SPIKE
2023-12-25,P0043,W001,60,4.482383680985982,SPIKE
2023-12-25,P0025,W004,86,3.2314402897564403,SPIKE
2023-12-25,P0048,W001,79,4.193270347009985,SPIKE
2023-12-25,P0031,W004,88,3.309530680904669,SPIKE
2023-12-25,P0044,W003,17,3.4560356590784824,SPIKE
2023-12-25,P0047,W006,26,3.1401734854185737,SPIKE
2023-12-25,P0058,W004,115,3.641890717636065,SPIKE
2023-12-25,P0010,W005,131,3.8420519192817566,SPIKE
2023-12-25,P0054,W004,131,3.1369896581385546,SPIKE
2023-12-25,P0013,W004,110,3.0682240505099836,SPIKE
2023-12-25,P0026,W006,16,3.9048174079012115,SPIKE
2023-12-25,P0020,W003,99,3.2832655376493047,SPIKE
2023-12-25,P0017,W003,44,3.0334539002850778,SPIKE
2023-12-25,P0058,W005,125,7.1728945648518705,SPIKE
2023-12-25,P0054,W006,136,3.1985030618436943,SPIKE
2023-12-24,P0051,W004,87,3.5239186930777606,SPIKE
2023-12-24,P0021,W004,38,3.4986677642703157,SPIKE
2023-12-23,P0058,W003,56,3.113719401651288,SPIKE
2023-12-23,P0034,W003,7,3.2779371249113,SPIKE
2023-12-23,P0058,W004,96,3.396784375094009,SPIKE
2023-12-23,P0007,W002,43,3.100959439196405,SPIKE
2023-12-10,P0010,W001,106,3.090542878904664,SPIKE
2023-11-25,P0013,W001,60,7.8460679845803085,SPIKE
2023-11-25,P0012,W004,43,10.173698899378385,SPIKE
2023-11-25,P0058,W005,79,7.290417939517331,SPIKE
2023-11-25,P0022,W005,29,12.967943611893789,SPIKE
2023-11-25,P0021,W006,86,12.634596452714103,SPIKE
2023-11-25,P0013,W004,103,6.409311588294013,SPIKE
2023-11-25,P0022,W003,20,9.482755730798772,SPIKE
2023-11-25,P0022,W002,25,13.361725060837042,SPIKE
2023-11-25,P0014,W002,43,15.524591770487694,SPIKE
2023-11-25,P0045,W003,54,5.0632741099994325,SPIKE
2023-11-25,P0021,W005,64,6.789835723997916,SPIKE
2023-11-25,P0045,W004,104,7.537276370297187,SPIKE
2023-11-25,P0001,W002,52,7.336920648282766,SPIKE
2023-11-25,P0044,W002,18,11.186554884736715,SPIKE
2023-11-25,P0060,W006,120,10.976115499610499,SPIKE
2023-11-25,P0057,W004,95,3.4842304025120434,SPIKE
2023-11-25,P0058,W004,108,8.31762296966241,SPIKE
2023-11-25,P0013,W005,75,12.252920134663139,SPIKE
2023-11-25,P0044,W005,26,13.29642789154958,SPIKE
2023-11-25,P0012,W001,52,14.170335738841901,SPIKE
2023-11-25,P0012,W003,35,8.427523251118501,SPIKE
2023-11-25,P0043,W006,55,10.10569022005744,SPIKE
2023-11-25,P0009,W005,74,7.560624313579873,SPIKE
2023-11-25,P0011,W006,48,6.806808825385381,SPIKE
2023-11-25,P0045,W006,145,8.173358663116716,SPIKE
2023-11-25,P0023,W001,129,11.17195242440394,SPIKE
2023-11-25,P0013,W002,115,8.032461741191048,SPIKE
2023-11-25,P0060,W005,76,10.353704442937214,SPIKE
2023-11-25,P0057,W005,50,6.584690293372106,SPIKE
2023-11-25,P0044,W004,13,7.740752913213919,SPIKE
2023-11-25,P0059,W003,34,9.648131713755198,SPIKE
2023-11-25,P0001,W003,27,5.7082249269112655,SPIKE
2023-11-25,P0045,W002,59,6.480589124907777,SPIKE
2023-11-25,P0060,W003,87,15.359078080425403,SPIKE
2023-11-25,P0004,W005,124,7.562648512611191,SPIKE
2023-11-25,P0013,W006,61,11.430511792095075,SPIKE
2023-11-25,P0022,W001,20,5.443354437006818,SPIKE
2023-11-25,P0058,W001,141,8.881240627213986,SPIKE
2023-11-25,P0058,W003,60,6.908266041641845,SPIKE
2023-11-25,P0022,W006,22,10.358821515948996,SPIKE
2023-11-25,P0060,W002,74,12.03541456099033,SPIKE
2023-11-25,P0001,W005,18,4.925088242070918,SPIKE
2023-11-25,P0058,W002,161,11.283464391154816,SPIKE
2023-11-25,P0059,W001,49,5.226927086606101,SPIKE
2023-11-25,P0012,W005,42,9.006703462134839,SPIKE
2023-11-25,P0060,W001,75,10.7035523152293,SPIKE
2023-11-25,P0013,W003,104,8.309426401322982,SPIKE
2023-11-25,P0014,W001,49,8.63903015001342,SPIKE
2023-11-25,P0012,W006,43,9.554398445380164,SPIKE
2023-11-25,P0009,W006,28,5.582799477159746,SPIKE
2023-11-25,P0044,W006,18,9.47596601075966,SPIKE
2023-11-25,P0059,W005,76,11.681304851398384,SPIKE
2023-11-25,P0060,W004,93,7.115073900952708,SPIKE
2023-11-25,P0058,W006,130,11.850254620543772,SPIKE
2023-11-25,P0022,W004,19,7.816270402832623,SPIKE
2023-11-25,P0059,W002,43,7.807731358946173,SPIKE
2023-11-25,P0005,W001,14,11.003067518833923,SPIKE
2023-11-25,P0044,W001,21,9.071242254133217,SPIKE
2023-11-25,P0045,W005,130,6.408267581158342,SPIKE
2023-11-25,P0012,W002,32,5.428280039643434,SPIKE
2023-11-25,P0001,W004,62,12.929367444810621,SPIKE
2023-11-25,P0059,W006,34,11.082225892911698,SPIKE
2023-11-25,P0044,W003,18,9.684724916775798,SPIKE
2023-11-25,P0004,W006,105,11.71025405208209,SPIKE
2023-11-25,P0045,W001,117,5.321861025642795,SPIKE
2023-11-25,P0059,W004,40,7.173717410325456,SPIKE
2023-11-25,P0018,W004,14,7.8507155686446,SPIKE
2023-11-25,P0030,W006,54,10.710995608808764,SPIKE
2023-11-25,P0019,W003,114,19.358752477691276,SPIKE
2023-11-25,P0019,W004,207,9.313448968250494,SPIKE
2023-11-25,P0049,W002,50,9.874398124328794,SPIKE
2023-11-25,P0010,W004,59,3.736711378897826,SPIKE
2023-11-25,P0053,W001,50,9.999660132473362,SPIKE
2023-11-25,P0017,W001,19,4.505034488866689,SPIKE
2023-11-25,P0049,W003,56,5.345454248461863,SPIKE
2023-11-25,P0003,W005,46,11.733063464963536,SPIKE
2023-11-25,P0002,W006,79,14.314892910967522,SPIKE
2023-11-25,P0049,W004,62,10.042386803458692,SPIKE
2023-11-25,P0011,W002,27,8.439210941880756,SPIKE
2023-11-25,P0052,W006,139,12.52568462773286,SPIKE
2023-11-25,P0003,W001,40,8.770680721844226,SPIKE
2023-11-25,P0017,W002,54,6.8378487739090685,SPIKE
2023-11-25,P0052,W005,38,6.263390563400409,SPIKE
2023-11-25,P0016,W006,47,18.37923917712489,SPIKE
2023-11-25,P0053,W002,27,6.6050323914136895,SPIKE
2023-11-25,P0049,W005,59,10.03101384503202,SPIKE
2023-11-25,P0002,W005,52,7.066195417339112,SPIKE
2023-11-25,P0016,W004,38,10.10868346551667,SPIKE
2023-11-25,P0019,W006,184,9.26826355207208,SPIKE
2023-11-25,P0048,W004,88,13.796303742014047,SPIKE
2023-11-25,P0010,W003,149,11.361127844156096,SPIKE
2023-11-25,P0048,W005,129,10.009238066339934,SPIKE
2023-11-25,P0053,W006,51,9.59992536315737,SPIKE
2023-11-25,P0053,W005,24,10.965329978548999,SPIKE
2023-11-25,P0053,W003,24,13.978107883401403,SPIKE
2023-11-25,P0003,W006,38,11.377120997307488,SPIKE
2023-11-25,P0048,W006,89,10.543766192414227,SPIKE
2023-11-25,P0053,W004,34,8.909137780092067,SPIKE
2023-11-25,P0016,W005,21,4.427738577858698,SPIKE
2023-11-25,P0019,W005,126,12.391903267583999,SPIKE
2023-11-25,P0049,W001,92,8.336938995862434,SPIKE
2023-11-25,P0019,W002,108,10.747463639157905,SPIKE
2023-11-25,P0043,W005,47,5.759909476943192,SPIKE
2023-11-25,P0057,W003,83,12.294146772195917,SPIKE
2023-11-25,P0051,W002,52,14.102601116323456,SPIKE
2023-11-25,P0018,W006,24,10.77187696426806,SPIKE
2023-11-25,P0003,W002,46,9.95353877806395,SPIKE
2023-11-25,P0018,W001,59,17.289911526297832,SPIKE
2023-11-25,P0051,W003,88,5.632102127088117,SPIKE
2023-11-25,P0050,W004,114,7.3807778222619564,SPIKE
2023-11-25,P0018,W002,22,10.918494104660857,SPIKE
2023-11-25,P0010,W006,120,9.374848151190152,SPIKE
2023-11-25,P0051,W005,55,9.574703360384555,SPIKE
2023-11-25,P0018,W005,34,9.615594764988028,SPIKE
2023-11-25,P0018,W003,23,8.086426942123587,SPIKE
2023-11-25,P0050,W005,92,10.40800393942163,SPIKE
2023-11-25,P0051,W001,59,7.462025072446338,SPIKE
2023-11-25,P0050,W006,143,11.384442405942544,SPIKE
2023-11-25,P0003,W003,14,5.440009263540285,SPIKE
2023-11-25,P0051,W004,89,6.829576437027811,SPIKE
2023-11-25,P0017,W006,34,7.4493940938856955,SPIKE
2023-11-25,P0049,W006,45,10.677007381534798,SPIKE
2023-11-25,P0017,W004,31,6.579092601526412,SPIKE
2023-11-25,P0017,W003,47,8.46813823957448,SPIKE
2023-11-25,P0010,W005,148,11.754022782342997,SPIKE
2023-11-25,P0011,W001,31,9.719933561179475,SPIKE
2023-11-25,P0052,W004,120,10.424378339864843,SPIKE
2023-11-25,P0052,W003,86,11.011982067744297,SPIKE
2023-11-25,P0050,W001,125,5.840330257203098,SPIKE
2023-11-25,P0052,W002,76,5.866416602151476,SPIKE
2023-11-25,P0051,W006,79,12.455042462259417,SPIKE
2023-11-25,P0019,W001,124,15.17812330281185,SPIKE
2023-11-25,P0017,W005,34,11.292656705047342,SPIKE
2023-11-25,P0003,W004,38,12.574656488969252,SPIKE
2023-11-25,P0050,W002,98,9.951076510579224,SPIKE
2023-11-25,P0052,W001,73,8.115854535705507,SPIKE
2023-11-25,P0050,W003,94,9.737203238034546,SPIKE
2023-11-25,P0011,W003,69,10.297601234838865,SPIKE
2023-11-25,P0016,W003,23,8.616727885559516,SPIKE
2023-11-25,P0054,W001,94,11.060144010631577,SPIKE
2023-11-25,P0046,W006,55,7.514997673798667,SPIKE
2023-11-25,P0015,W001,19,7.9007751178776005,SPIKE
2023-11-25,P0021,W002,98,8.243687442097544,SPIKE
2023-11-25,P0004,W004,99,7.713624310270918,SPIKE
2023-11-25,P0046,W005,50,3.94110569883443,SPIKE
2023-11-25,P0056,W002,65,11.623348672780002,SPIKE
2023-11-25,P0015,W002,36,8.682951932779444,SPIKE
2023-11-25,P0056,W001,76,10.916650231624656,SPIKE
2023-11-25,P0014,W006,36,8.675739090399082,SPIKE
2023-11-25,P0002,W002,37,7.4476531371273005,SPIKE
2023-11-25,P0011,W005,24,9.0103426410878,SPIKE
2023-11-25,P0021,W001,89,12.156060282609017,SPIKE
2023-11-25,P0055,W006,81,7.359152311082227,SPIKE
2023-11-25,P0004,W003,94,7.490162033062778,SPIKE
2023-11-25,P0047,W001,53,11.823804441895266,SPIKE
2023-11-25,P0056,W003,43,12.960045570371179,SPIKE
2023-11-25,P0056,W004,51,13.089112044472234,SPIKE
2023-11-25,P0048,W003,89,13.493762565945389,SPIKE
2023-11-25,P0021,W004,41,6.035794191660379,SPIKE
2023-11-25,P0001,W006,33,10.616768475891039,SPIKE
2023-11-25,P0046,W002,69,5.328419183127622,SPIKE
2023-11-25,P0014,W003,64,11.925723784511497,SPIKE
2023-11-25,P0057,W002,68,6.352841923070937,SPIKE
2023-11-25,P0057,W001,148,10.087109910518352,SPIKE
2023-11-25,P0014,W004,66,9.536954259037595,SPIKE
2023-11-25,P0046,W003,62,6.481678203370391,SPIKE
2023-11-25,P0014,W005,55,5.111648632984019,SPIKE
2023-11-25,P0056,W006,52,10.745752162957906,SPIKE
2023-11-25,P0010,W001,120,7.008098205324797,SPIKE
2023-11-25,P0021,W003,52,9.000629335960795,SPIKE
2023-11-25,P0056,W005,85,9.932599045366238,SPIKE
2023-11-25,P0046,W004,56,13.368975575141569,SPIKE
2023-11-25,P0002,W001,65,11.480847552919883,SPIKE
2023-11-25,P0015,W003,40,8.799783633061987,SPIKE
2023-11-25,P0020,W006,127,7.249013086360475,SPIKE
2023-11-25,P0047,W002,40,6.603190630811603,SPIKE
2023-11-25,P0048,W001,74,7.7841555865190175,SPIKE
2023-11-25,P0047,W006,31,9.13728398873634,SPIKE
2023-11-25,P0011,W004,25,8.215285088839325,SPIKE
2023-11-25,P0054,W005,101,11.760861818865134,SPIKE
2023-11-25,P0054,W004,156,10.899688545569008,SPIKE
2023-11-25,P0016,W001,33,11.551817539632841,SPIKE
2023-11-25,P0020,W002,63,5.072992605625793,SPIKE
2023-11-25,P0054,W003,50,7.612704910034276,SPIKE
2023-11-25,P0055,W005,142,7.954649387364462,SPIKE
2023-11-25,P0002,W004,64,8.730227671745563,SPIKE
2023-11-25,P0054,W002,186,12.93893535994492,SPIKE
2023-11-25,P0016,W002,21,9.020988622066305,SPIKE
2023-11-25,P0004,W001,70,9.316523837504796,SPIKE
2023-11-25,P0048,W002,128,7.1188644725692525,SPIKE
2023-11-25,P0020,W001,78,7.703861098182333,SPIKE
2023-11-25,P0020,W003,107,10.824696964476162,SPIKE
2023-11-25,P0015,W006,17,8.599418584997693,SPIKE
2023-11-25,P0002,W003,49,6.839166144230366,SPIKE
2023-11-25,P0054,W006,167,11.794060347308536,SPIKE
2023-11-25,P0055,W001,185,13.387462237707847,SPIKE
2023-11-25,P0047,W005,70,8.20174539052399,SPIKE
2023-11-25,P0004,W002,128,11.51944121966216,SPIKE
2023-11-25,P0020,W004,73,8.29508518784475,SPIKE
2023-11-25,P0047,W004,69,13.379778318502252,SPIKE
2023-11-25,P0010,W002,77,9.471530466701745,SPIKE
2023-11-25,P0020,W005,107,9.049537961897478,SPIKE
2023-11-25,P0015,W005,19,7.602913551956713,SPIKE
2023-11-25,P0055,W002,77,8.24752995276474,SPIKE
2023-11-25,P0047,W003,38,12.913727441589582,SPIKE
2023-11-25,P0015,W004,62,10.095141580297875,SPIKE
2023-11-25,P0055,W003,79,10.336022980487277,SPIKE
2023-11-25,P0055,W004,122,10.101004849388827,SPIKE
2023-11-25,P0046,W001,47,9.561490561806627,SPIKE
2023-11-25,P0001,W001,28,10.408846864306168,SPIKE
2023-11-25,P0024,W003,95,10.122868658485789,SPIKE
2023-11-25,P0028,W001,24,9.558638183863259,SPIKE
2023-11-25,P0028,W003,26,6.966671177311078,SPIKE
2023-11-25,P0042,W001,43,10.39361964020538,SPIKE
2023-11-25,P0006,W006,24,6.172951619525828,SPIKE
2023-11-25,P0035,W003,23,12.336798557140375,SPIKE
2023-11-25,P0009,W003,39,5.597540732607038,SPIKE
2023-11-25,P0041,W006,72,7.993679149120825,SPIKE
2023-11-25,P0035,W004,19,7.451875888300803,SPIKE
2023-11-25,P0008,W004,39,4.777795385221782,SPIKE
2023-11-25,P0028,W002,15,8.946135105917737,SPIKE
2023-11-25,P0035,W005,15,16.64519159099017,SPIKE
2023-11-25,P0035,W006,29,10.275217106226581,SPIKE
2023-11-25,P0006,W005,37,9.940726857383394,SPIKE
2023-11-25,P0035,W001,14,6.0193436252417305,SPIKE
2023-11-25,P0041,W005,55,11.564525204921194,SPIKE
2023-11-25,P0036,W001,32,10.636146813936811,SPIKE
2023-11-25,P0027,W006,60,8.771490470619725,SPIKE
2023-11-25,P0005,W004,31,8.898506444644422,SPIKE
2023-11-25,P0024,W004,87,4.7354731542246835,SPIKE
2023-11-25,P0041,W004,40,7.8883426718687675,SPIKE
2023-11-25,P0027,W005,45,8.141736840986493,SPIKE
2023-11-25,P0041,W003,63,10.729551343271117,SPIKE
2023-11-25,P0036,W002,39,8.388314797181877,SPIKE
2023-11-25,P0027,W004,33,8.002959426837245,SPIKE
2023-11-25,P0036,W003,62,14.585908431808626,SPIKE
2023-11-25,P0035,W002,14,7.817789993059793,SPIKE
2023-11-25,P0028,W004,31,13.524706978693844,SPIKE
2023-11-25,P0033,W001,61,6.584910368529909,SPIKE
2023-11-25,P0034,W001,28,11.380457583718654,SPIKE
2023-11-25,P0033,W002,88,3.7066112754529477,SPIKE
2023-11-25,P0029,W003,159,13.683089837260827,SPIKE
2023-11-25,P0024,W001,66,8.444200452180082,SPIKE
2023-11-25,P0042,W004,82,7.914075300338443,SPIKE
2023-11-25,P0033,W003,119,7.746499970097298,SPIKE
2023-11-25,P0007,W002,46,7.693056304402276,SPIKE
2023-11-25,P0033,W004,151,11.053264989263601,SPIKE
2023-11-25,P0029,W002,143,12.821919299807632,SPIKE
2023-11-25,P0033,W005,111,8.079557348704187,SPIKE
2023-11-25,P0033,W006,128,6.534774163280594,SPIKE
2023-11-25,P0029,W001,101,12.659100004258866,SPIKE
2023-11-25,P0042,W003,82,15.197810741268539,SPIKE
2023-11-25,P0034,W006,17,12.320052777505843,SPIKE
2023-11-25,P0007,W001,24,12.775449596905723,SPIKE
2023-11-25,P0034,W002,8,6.3538218917105,SPIKE
2023-11-25,P0028,W006,14,4.640075756957369,SPIKE
2023-11-25,P0034,W003,6,3.6683624986097976,SPIKE
2023-11-25,P0005,W003,34,10.633069621921202,SPIKE
2023-11-25,P0024,W002,61,7.555762459943196,SPIKE
2023-11-25,P0042,W002,71,11.393039034081774,SPIKE
2023-11-25,P0008,W003,70,11.428824861004385,SPIKE
2023-11-25,P0034,W004,16,7.518060515981158,SPIKE
2023-11-25,P0028,W005,30,8.743088817299144,SPIKE
2023-11-25,P0034,W005,20,9.482018997016308,SPIKE
2023-11-25,P0024,W005,96,8.375424859917578,SPIKE
2023-11-25,P0041,W002,73,9.15524866405519,SPIKE
2023-11-25,P0036,W004,63,6.237943759809244,SPIKE
2023-11-25,P0009,W002,29,5.411428700126104,SPIKE
2023-11-25,P0038,W003,78,9.868126596645327,SPIKE
2023-11-25,P0026,W002,15,11.172692646367073,SPIKE
2023-11-25,P0038,W004,54,9.19150232620992,SPIKE
2023-11-25,P0040,W004,86,10.982678099673107,SPIKE
2023-11-25,P0038,W005,70,12.620053300144601,SPIKE
2023-11-25,P0026,W001,7,5.294651389216655,SPIKE
2023-11-25,P0025,W002,41,5.660888808345827,SPIKE
2023-11-25,P0040,W003,62,9.77878388837953,SPIKE
2023-11-25,P0006,W001,21,9.296891265445606,SPIKE
2023-11-25,P0038,W006,72,9.498509517338213,SPIKE
2023-11-25,P0025,W006,42,7.5100856261576,SPIKE
2023-11-25,P0039,W001,121,13.214611588997725,SPIKE
2023-11-25,P0027,W003,43,8.664052623858387,SPIKE
2023-11-25,P0040,W002,46,6.035567096424173,SPIKE
2023-11-25,P0039,W002,87,11.228641519511607,SPIKE
2023-11-25,P0009,W001,19,5.3791652582837655,SPIKE
2023-11-25,P0025,W005,125,11.737993195965542,SPIKE
2023-11-25,P0039,W003,84,10.770600494404434,SPIKE
2023-11-25,P0025,W004,98,6.794285710030027,SPIKE
2023-11-25,P0039,W004,66,7.120196547817164,SPIKE
2023-11-25,P0039,W005,138,9.760463816957113,SPIKE
2023-11-25,P0005,W006,19,6.870230159562316,SPIKE
2023-11-25,P0040,W001,135,10.306101454536087,SPIKE
2023-11-25,P0025,W003,124,11.83721844603948,SPIKE
2023-11-25,P0006,W002,38,12.389033352870582,SPIKE
2023-11-25,P0026,W003,18,7.982535109454706,SPIKE
2023-11-25,P0038,W002,65,8.60041791082717,SPIKE
2023-11-25,P0040,W005,136,14.086774771646203,SPIKE
2023-11-25,P0036,W005,36,10.898590277249664,SPIKE
2023-11-25,P0027,W002,26,4.86444293775108,SPIKE
2023-11-25,P0006,W004,18,9.74212969063191,SPIKE
2023-11-25,P0036,W006,83,13.065900539877294,SPIKE
2023-11-25,P0008,W005,53,9.228120517832929,SPIKE
2023-11-25,P0041,W001,64,4.731222579690837,SPIKE
2023-11-25,P0037,W001,87,8.53814324561368,SPIKE
2023-11-25,P0027,W001,27,12.684334255392685,SPIKE
2023-11-25,P0037,W002,77,7.001862605651457,SPIKE
2023-11-25,P0026,W006,15,5.485615308116605,SPIKE
2023-11-25,P0037,W003,58,9.153051313416709,SPIKE
2023-11-25,P0037,W004,86,10.199302418031197,SPIKE
2023-11-25,P0008,W006,140,16.99291098772005,SPIKE
2023-11-25,P0026,W005,10,4.321652043471317,SPIKE
2023-11-25,P0024,W006,147,13.343687207178252,SPIKE
2023-11-25,P0037,W005,38,5.68366922985295,SPIKE
2023-11-25,P0006,W003,39,10.320632439557137,SPIKE
2023-11-25,P0040,W006,100,7.128448978255905,SPIKE
2023-11-25,P0037,W006,28,7.410105734061915,SPIKE
2023-11-25,P0026,W004,12,5.908359609277699,SPIKE
2023-11-25,P0005,W005,15,8.536497810683189,SPIKE
2023-11-25,P0025,W001,44,7.970388792629134,SPIKE
2023-11-25,P0038,W001,52,10.280290870398558,SPIKE
2023-11-25,P0008,W002,109,13.746338409538934,SPIKE
2023-11-25,P0039,W006,76,6.832491774291875,SPIKE
2023-11-25,P0030,W002,52,9.383942351163128,SPIKE
2023-11-25,P0029,W005,245,14.095080642853391,SPIKE
2023-11-25,P0023,W004,75,3.9458212784942206,SPIKE
2023-11-25,P0029,W004,94,8.863213393008612,SPIKE
2023-11-25,P0031,W002,109,6.503246689340339,SPIKE
2023-11-25,P0031,W005,147,8.735565175660986,SPIKE
2023-11-25,P0043,W003,75,8.269393957598563,SPIKE
2023-11-25,P0031,W006,95,13.22075272313016,SPIKE
2023-11-25,P0030,W004,23,9.341035545106868,SPIKE
2023-11-25,P0008,W001,43,12.257553550673348,SPIKE
2023-11-25,P0031,W003,92,7.896107891377036,SPIKE
2023-11-25,P0029,W006,120,9.406219791743872,SPIKE
2023-11-25,P0023,W003,46,6.644783905677521,SPIKE
2023-11-25,P0032,W003,49,12.512300517234337,SPIKE
2023-11-25,P0007,W005,44,10.735347897193453,SPIKE
2023-11-25,P0042,W006,96,8.059562945278225,SPIKE
2023-11-25,P0007,W004,61,8.547210067109752,SPIKE
2023-11-25,P0030,W001,30,12.130164479945652,SPIKE
2023-11-25,P0043,W004,81,13.495194661258974,SPIKE
2023-11-25,P0031,W004,93,12.37367274984051,SPIKE
2023-11-25,P0007,W003,25,8.186017461319317,SPIKE
2023-11-25,P0007,W006,19,6.507258120890905,SPIKE
2023-11-25,P0005,W002,17,7.2884295030179524,SPIKE
2023-11-25,P0042,W005,76,7.613725579787016,SPIKE
2023-11-25,P0032,W005,48,4.208527139067855,SPIKE
2023-11-25,P0032,W001,51,9.686650289870776,SPIKE
2023-11-25,P0032,W004,62,8.639021490174438,SPIKE
2023-11-25,P0032,W006,49,13.044544401709953,SPIKE
2023-11-25,P0043,W001,55,7.9575074567383,SPIKE
2023-11-25,P0023,W006,98,6.767221531839504,SPIKE
2023-11-25,P0023,W005,95,10.557854223330562,SPIKE
2023-11-25,P0030,W003,33,7.031547831155778,SPIKE
2023-11-25,P0031,W001,111,5.724476409485791,SPIKE
2023-11-25,P0043,W002,91,8.505027171855794,SPIKE
2023-11-25,P0030,W005,28,10.726505004171585,SPIKE
2023-11-25,P0023,W002,155,11.565722623386426,SPIKE
2023-11-25,P0032,W002,66,10.188280751856956,SPIKE
2023-11-24,P0029,W006,62,3.316476651392788,SPIKE
2023-11-23,P0019,W002,56,4.784958251307067,SPIKE
2023-11-22,P0029,W006,56,3.119209728610837,SPIKE
2023-11-22,P0019,W006,87,3.1378615594536416,SPIKE
2023-11-21,P0033,W006,78,3.1648849014381395,SPIKE
2023-11-21,P0019,W006,85,3.6748364735308807,SPIKE
2023-11-20,P0019,W001,49,3.05309655614567,SPIKE
2023-11-20,P0019,W002,44,3.3880429622335275,SPIKE
2023-11-19,P0045,W005,88,3.6752485028319777,SPIKE
2023-11-19,P0032,W004,35,3.298427685938067,SPIKE
2023-11-19,P0002,W004,34,3.1481760695156304,SPIKE
2023-11-19,P0041,W006,44,3.0582195668793704,SPIKE
2023-11-19,P0002,W003,31,3.3735828464751556,SPIKE
2023-11-19,P0015,W002,24,5.478468943427264,SPIKE
2023-11-19,P0059,W002,29,3.7525835292739513,SPIKE
2023-11-19,P0033,W001,42,5.733333511620971,SPIKE
2023-11-19,P0052,W002,54,3.4415617961046547,SPIKE
2023-11-19,P0050,W001,91,3.9471015811831744,SPIKE
2023-11-19,P0024,W006,65,3.2853299908000695,SPIKE
2023-11-19,P0033,W004,73,3.961850487805858,SPIKE
2023-11-19,P0033,W003,67,3.8615587370716997,SPIKE
2023-11-19,P0033,W005,65,5.1279379581722715,SPIKE
2023-11-19,P0036,W006,37,3.2613768559392504,SPIKE
2023-11-19,P0008,W001,22,3.124571683794717,SPIKE
2023-11-19,P0022,W006,11,3.2537377382270014,SPIKE
2023-11-19,P0038,W002,36,3.5842546894227394,SPIKE
2023-11-19,P0025,W004,61,3.1238783584657637,SPIKE
2023-11-19,P0012,W004,22,3.214926666171498,SPIKE
2023-11-19,P0049,W001,56,4.187311460922362,SPIKE
2023-11-19,P0020,W001,51,4.013279307637808,SPIKE
2023-11-19,P0003,W006,20,4.157636895148748,SPIKE
2023-11-19,P0004,W001,39,4.002241507726537,SPIKE
2023-11-19,P0037,W002,51,3.6721846019721895,SPIKE
2023-11-19,P0033,W002,88,6.836858842854625,SPIKE
2023-11-19,P0027,W002,20,3.200426188370836,SPIKE
2023-11-18,P0001,W002,33,3.2893501176007813,SPIKE
2023-11-18,P0002,W004,33,3.6149560946496657,SPIKE
2023-11-18,P0046,W001,26,4.333974311568312,SPIKE
2023-11-18,P0009,W003,29,3.168078982774191,SPIKE
2023-11-18,P0011,W002,15,3.5323237287047267,SPIKE
2023-11-18,P0016,W003,13,3.536549092997344,SPIKE
2023-11-18,P0005,W005,8,3.218251521734129,SPIKE
2023-11-18,P0047,W004,30,3.0603043786226873,SPIKE
2023-11-18,P0011,W003,34,3.5365490929972485,SPIKE
2023-11-18,P0027,W005,26,3.8965081435196085,SPIKE
2023-11-18,P0036,W002,23,3.916813819844926,SPIKE
2023-11-18,P0037,W003,33,3.3584740816587897,SPIKE
2023-11-18,P0017,W004,24,6.211059419207066,SPIKE
2023-11-18,P0013,W002,69,4.055076118863879,SPIKE
2023-11-18,P0027,W002,20,4.127950921646058,SPIKE
2023-11-18,P0022,W003,11,3.2571869678130767,SPIKE
2023-11-18,P0021,W002,55,3.5981909876572478,SPIKE
2023-11-18,P0042,W004,47,3.1969866684345694,SPIKE
2023-11-18,P0033,W003,64,4.819303630441374,SPIKE
2023-11-18,P0011,W005,14,3.8230422467545004,SPIKE
2023-11-18,P0042,W002,36,3.238750382000382,SPIKE
2023-11-18,P0045,W001,86,3.694304830395677,SPIKE
2023-11-18,P0042,W006,56,3.6792872480502377,SPIKE
2023-11-18,P0045,W003,40,4.148348009604633,SPIKE
2023-11-18,P0045,W004,62,3.5749511930515414,SPIKE
2023-11-18,P0056,W006,25,3.5264706334720572,SPIKE
2023-11-18,P0029,W005,92,4.076749077504543,SPIKE
2023-11-18,P0045,W002,40,4.154221292179131,SPIKE
2023-11-13,P0020,W006,22,-3.4929948726742146,DROP
2023-11-13,P0037,W003,31,3.0613183592102278,SPIKE
2023-11-12,P0021,W002,48,3.032171804156729,SPIKE
2023-11-12,P0008,W002,45,4.064939121164554,SPIKE
2023-11-12,P0004,W001,34,3.2463221090985144,SPIKE
2023-11-12,P0022,W001,14,3.0190856890308773,SPIKE
2023-11-12,P0024,W002,35,3.117012734282597,SPIKE
2023-11-12,P0046,W006,30,3.474615918218598,SPIKE
2023-11-12,P0051,W002,22,3.025102446740846,SPIKE
2023-11-12,P0042,W005,45,3.4770466957020014,SPIKE
2023-11-12,P0054,W002,85,3.87374794293502,SPIKE
2023-11-12,P0001,W006,16,3.0414719917140376,SPIKE
2023-11-12,P0056,W006,25,4.044456764769405,SPIKE
2023-11-12,P0012,W006,21,3.0730236641590394,SPIKE
2023-11-12,P0047,W003,17,3.591256852268736,SPIKE
2023-11-12,P0040,W005,57,4.006890824721611,SPIKE
2023-11-12,P0015,W004,29,3.2575914390333804,SPIKE
2023-11-12,P0042,W004,46,3.4151094068236736,SPIKE
2023-11-12,P0035,W003,11,3.1275996938485577,SPIKE
2023-11-12,P0060,W002,37,3.8689212981657204,SPIKE
2023-11-12,P0012,W002,26,5.1341120487588725,SPIKE
2023-11-11,P0046,W005,41,3.5634069153045678,SPIKE
2023-11-11,P0013,W001,35,4.247815697946245,SPIKE
2023-11-11,P0038,W003,37,3.2581922389136664,SPIKE
2023-11-11,P0055,W005,83,3.751471860905099,SPIKE
2023-11-11,P0004,W006,49,4.171330722922637,SPIKE
2023-11-11,P0006,W001,11,3.1089798288985975,SPIKE
2023-11-11,P0023,W005,48,3.1465619312334363,SPIKE
2023-11-11,P0009,W003,28,3.7072197481226095,SPIKE
2023-11-11,P0032,W002,35,3.590429034856222,SPIKE
2023-11-11,P0045,W006,74,3.685482514503739,SPIKE
2023-11-11,P0045,W005,74,3.006714966164544,SPIKE
2023-11-11,P0014,W006,22,4.985237389505806,SPIKE
2023-11-11,P0050,W003,48,3.253514218665696,SPIKE
2023-11-11,P0059,W001,33,3.1199610287024964,SPIKE
2023-11-11,P0027,W004,20,3.33871030038015,SPIKE
2023-11-11,P0013,W002,60,3.8579773599662674,SPIKE
2023-11-11,P0020,W003,58,3.3309749937987383,SPIKE
2023-11-11,P0009,W001,14,3.1461175904714316,SPIKE
2023-11-11,P0042,W005,46,5.129726499505996,SPIKE
2023-11-11,P0021,W001,39,3.5667136313531387,SPIKE
2023-11-11,P0059,W006,17,3.1709801258563592,SPIKE
2023-11-11,P0043,W004,33,3.225805306163638,SPIKE
2023-11-11,P0046,W002,46,3.1497281165001594,SPIKE
2023-11-11,P0010,W001,73,3.7099306969714747,SPIKE
2023-11-11,P0014,W004,35,3.674751932457819,SPIKE
2023-11-11,P0046,W003,42,5.242011877570049,SPIKE
2023-11-11,P0045,W002,35,3.8855141507096937,SPIKE
2023-11-11,P0026,W004,8,3.5058994950440914,SPIKE
2023-11-11,P0025,W003,53,3.6420617559177595,SPIKE
2023-11-11,P0025,W002,28,3.0244339643243134,SPIKE
2023-11-11,P0035,W004,12,3.6197569343847524,SPIKE
2023-11-11,P0051,W004,52,3.49540943853482,SPIKE
2023-11-11,P0019,W002,42,3.8381434674582438,SPIKE
2023-11-11,P0057,W006,66,3.5544071986419463,SPIKE
2023-11-05,P0013,W003,52,3.1140731953254224,SPIKE
2023-11-05,P0027,W006,29,3.277291566079203,SPIKE
2023-11-05,P0009,W006,21,6.409628174342965,SPIKE
2023-11-05,P0022,W004,10,3.460872906889455,SPIKE
2023-11-05,P0039,W001,55,4.107465484301812,SPIKE
2023-11-05,P0025,W002,28,3.8400118377943606,SPIKE
2023-11-05,P0037,W002,45,3.218321597215368,SPIKE
2023-11-05,P0009,W004,33,5.402871270359112,SPIKE
2023-11-05,P0039,W005,63,3.2195956803063184,SPIKE
2023-11-05,P0047,W005,40,3.3312068046746295,SPIKE
2023-11-05,P0037,W005,24,3.4689095308661,SPIKE
2023-11-05,P0036,W001,16,3.5315331218149466,SPIKE
2023-11-05,P0045,W005,72,4.270976663534508,SPIKE
2023-11-05,P0030,W003,21,3.0900641197563434,SPIKE
2023-11-05,P0041,W003,31,3.763218875573168,SPIKE
2023-11-05,P0024,W005,48,3.2021056547579834,SPIKE
2023-11-05,P0032,W005,37,3.3866827622721547,SPIKE
2023-11-05,P0009,W005,39,4.855255406237434,SPIKE
2023-11-05,P0057,W006,57,3.017980063213887,SPIKE
2023-11-05,P0006,W002,18,3.818225661163283,SPIKE
2023-11-05,P0010,W005,71,3.5676080742971927,SPIKE
2023-11-04,P0053,W001,25,3.696924148728279,SPIKE
2023-11-04,P0048,W002,78,3.0381151170768423,SPIKE
2023-11-04,P0019,W001,45,3.2254866402982905,SPIKE
2023-11-04,P0057,W006,59,4.300418797406148,SPIKE
2023-11-04,P0014,W006,17,3.64202095487424,SPIKE
2023-11-04,P0012,W006,19,3.003589905688176,SPIKE
2023-11-04,P0025,W001,25,3.4291092574897535,SPIKE
2023-11-04,P0038,W001,26,3.535180692866724,SPIKE
2023-11-04,P0057,W001,81,4.054788575055223,SPIKE
2023-11-04,P0024,W002,34,3.610934765816671,SPIKE
2023-11-04,P0042,W004,42,4.434856110174434,SPIKE
2023-11-04,P0047,W002,29,5.171662667877498,SPIKE
2023-11-04,P0047,W006,17,4.62734575832886,SPIKE
2023-11-04,P0019,W005,51,3.086974532565114,SPIKE
2023-11-04,P0036,W005,16,3.485832260215211,SPIKE
2023-11-04,P0045,W005,64,3.90555597158048,SPIKE
2023-11-04,P0058,W002,71,3.0105055216032537,SPIKE
2023-11-04,P0002,W003,30,3.8277089804613116,SPIKE
2023-11-04,P0057,W005,32,3.083635320329194,SPIKE
2023-11-04,P0034,W004,9,3.647351724631918,SPIKE
2023-11-04,P0015,W004,28,4.164361730241569,SPIKE
2023-11-04,P0002,W004,31,3.6665193790729664,SPIKE
2023-11-04,P0058,W004,55,3.4684274320977457,SPIKE
2023-11-04,P0034,W005,9,3.230762714183064,SPIKE
2023-11-04,P0011,W004,15,4.480429833956126,SPIKE
2023-10-29,P0060,W001,38,5.316021759601087,SPIKE
2023-10-29,P0005,W006,11,3.495018099402513,SPIKE
2023-10-29,P0054,W001,49,3.904418226062901,SPIKE
2023-10-29,P0033,W006,66,3.1186395388427304,SPIKE
2023-10-29,P0059,W001,32,3.348395246407972,SPIKE
2023-10-29,P0031,W002,68,3.0733056715028644,SPIKE
2023-10-29,P0060,W006,59,3.311983280108605,SPIKE
2023-10-29,P0012,W006,19,3.557877709458753,SPIKE
2023-10-29,P0011,W006,27,3.066717623184648,SPIKE
2023-10-29,P0059,W003,18,3.5254179083580053,SPIKE
2023-10-28,P0039,W003,37,3.1547614506548753,SPIKE
2023-10-28,P0046,W003,32,3.75798006659784,SPIKE
2023-10-28,P0003,W003,9,3.306171385571501,SPIKE
2023-10-28,P0006,W006,16,5.047227932630036,SPIKE
2023-10-28,P0046,W001,20,3.2087645279254797,SPIKE
2023-10-28,P0021,W003,26,3.0561463383484098,SPIKE
2023-10-28,P0007,W005,20,3.088318150766787,SPIKE
2023-10-28,P0050,W002,45,3.2922986499963347,SPIKE
2023-10-28,P0019,W004,86,3.6725978798250463,SPIKE
2023-10-28,P0031,W001,76,3.839854090675133,SPIKE
2023-10-28,P0025,W006,24,3.175120768531231,SPIKE
2023-10-28,P0008,W003,27,3.612419639404503,SPIKE
2023-10-28,P0012,W003,19,4.243332245370108,SPIKE
2023-10-28,P0017,W004,17,3.0843243950768873,SPIKE
2023-10-28,P0002,W005,31,3.0988041086522977,SPIKE
2023-10-28,P0037,W004,43,3.005267071379158,SPIKE
2023-10-28,P0041,W001,46,3.554025379921347,SPIKE
2023-10-28,P0024,W004,68,3.398034571816735,SPIKE
2023-10-28,P0005,W003,18,4.335746355799137,SPIKE
2023-10-28,P0036,W003,24,3.1061427747759263,SPIKE
2023-10-26,P0058,W004,17,-3.8823827738136467,DROP
2023-10-25,P0013,W005,11,-3.0656449914885027,DROP
2023-10-23,P0014,W006,7,-3.6056687947763764,DROP
2023-10-22,P0005,W006,10,3.1344230612670585,SPIKE
2023-10-22,P0033,W005,50,3.2281872503009117,SPIKE
2023-10-22,P0028,W003,17,3.3760784852983194,SPIKE
2023-10-22,P0046,W006,28,3.4361210176967214,SPIKE
2023-10-22,P0029,W004,39,3.840641840546025,SPIKE
2023-10-22,P0041,W005,30,3.2857063990834887,SPIKE
2023-10-22,P0031,W003,50,3.0748460193086777,SPIKE
2023-10-22,P0038,W005,32,3.8309329717358636,SPIKE
2023-10-22,P0013,W004,79,4.028354204169913,SPIKE
2023-10-22,P0046,W005,34,3.4182980310277524,SPIKE
2023-10-21,P0002,W006,29,4.253332801234999,SPIKE
2023-10-21,P0015,W001,9,3.340563419184993,SPIKE
2023-10-21,P0039,W006,41,3.6759491157146926,SPIKE
2023-10-21,P0044,W004,8,3.408553797978037,SPIKE
2023-10-21,P0009,W002,16,3.1504526837704177,SPIKE
2023-10-21,P0048,W006,42,3.655991154318466,SPIKE
2023-10-21,P0047,W001,25,3.6016822649278333,SPIKE
2023-10-21,P0009,W003,23,3.1255900708405013,SPIKE
2023-10-21,P0060,W006,54,3.586011549187342,SPIKE
2023-10-21,P0007,W006,12,3.113843788327503,SPIKE
2023-10-21,P0011,W003,29,3.161416165249153,SPIKE
2023-10-21,P0001,W005,14,3.5315331218149058,SPIKE
2023-10-21,P0038,W003,31,3.283023064823109,SPIKE
2023-10-17,P0001,W003,5,-3.0990401873879465,DROP
2023-10-15,P0003,W002,18,3.1668040140925666,SPIKE
2023-10-15,P0053,W003,13,4.458097329626368,SPIKE
2023-10-15,P0038,W003,31,3.017197086845696,SPIKE
2023-10-14,P0004,W005,70,3.8129943842727547,SPIKE
2023-10-14,P0045,W002,28,3.069497280566008,SPIKE
2023-10-14,P0024,W006,54,3.0281859197916114,SPIKE
2023-10-14,P0056,W003,16,3.6011171135247584,SPIKE
2023-10-14,P0028,W003,16,3.6995600410239913,SPIKE
2023-10-14,P0028,W005,16,3.171250992430469,SPIKE
2023-10-14,P0033,W001,27,3.0310149855970447,SPIKE
2023-10-14,P0003,W003,9,3.4890167588919785,SPIKE
2023-10-14,P0057,W005,31,3.239549465739091,SPIKE
2023-10-14,P0028,W002,8,3.6220225867666405,SPIKE
2023-10-14,P0018,W002,10,3.8340579025361743,SPIKE
2023-10-14,P0007,W003,15,4.024322189155136,SPIKE
2023-10-13,P0028,W005,15,3.163430709549741,SPIKE
2023-10-13,P0025,W001,7,-3.1310473207336167,DROP
2023-10-08,P0039,W002,40,3.7730013537876674,SPIKE
2023-10-08,P0045,W003,32,3.1893559830167955,SPIKE
2023-10-08,P0026,W002,11,3.115276953185631,SPIKE
2023-10-08,P0031,W004,48,3.174494178972167,SPIKE
2023-10-08,P0042,W006,47,3.1868472311455336,SPIKE
2023-10-08,P0002,W005,30,3.2195956803065715,SPIKE
2023-10-08,P0042,W002,38,3.556418343855055,SPIKE
2023-10-08,P0049,W004,31,3.5921820850855735,SPIKE
2023-10-08,P0035,W003,11,3.3791640978207087,SPIKE
2023-10-08,P0054,W006,77,3.67551896588501,SPIKE
2023-10-07,P0009,W005,29,3.0174806744631533,SPIKE
2023-10-07,P0028,W004,13,3.2195559539383813,SPIKE
2023-10-07,P0022,W001,14,3.123770144258876,SPIKE
2023-10-07,P0051,W005,31,3.5756710810324073,SPIKE
2023-10-07,P0045,W004,49,3.32282901940125,SPIKE
2023-10-07,P0002,W003,28,3.5993035097065,SPIKE
2023-10-07,P0041,W006,43,4.624047813530943,SPIKE
2023-10-07,P0028,W005,14,3.376819897678622,SPIKE
2023-10-07,P0003,W005,21,3.4468797348346123,SPIKE
2023-10-05,P0014,W003,9,-3.3690994318213554,DROP
2023-10-01,P0060,W003,36,3.137500854597746,SPIKE
2023-10-01,P0026,W003,13,3.90804694845776,SPIKE
2023-10-01,P0013,W006,28,3.1708178129802276,SPIKE
2023-10-01,P0031,W006,43,3.405028849090345,SPIKE
2023-10-01,P0002,W005,29,3.3186397929765232,SPIKE
2023-10-01,P0022,W003,13,3.38554349579274,SPIKE
2023-09-30,P0022,W002,13,4.058746789248181,SPIKE
2023-09-30,P0026,W006,15,5.755968853816408,SPIKE
2023-09-30,P0046,W006,30,3.8107744292732617,SPIKE
2023-09-30,P0026,W001,7,4.856717053191354,SPIKE
2023-09-30,P0026,W002,9,3.494356352146929,SPIKE
2023-09-30,P0041,W005,29,3.345100566828852,SPIKE
2023-09-30,P0026,W004,10,3.8643351056269983,SPIKE
2023-09-30,P0022,W006,12,3.9140216168784487,SPIKE
2023-09-30,P0022,W004,11,4.257346591481634,SPIKE
2023-09-29,P0026,W002,8,3.021845068670419,SPIKE
2023-09-27,P0046,W001,5,-3.481347923432786,DROP
2023-09-27,P0026,W006,11,4.483790524412619,SPIKE
2023-09-26,P0026,W003,10,3.2920498382607324,SPIKE
2023-09-26,P0052,W005,8,-3.162562420257403,DROP
2023-09-26,P0022,W001,12,3.009897161356951,SPIKE
2023-09-26,P0026,W005,8,3.3883361577341127,SPIKE
2023-09-26,P0026,W001,5,3.834057902536224,SPIKE
2023-09-24,P0036,W003,34,4.974150853673025,SPIKE
2023-09-24,P0028,W006,11,3.625361883038425,SPIKE
2023-09-24,P0036,W006,52,4.459218223789489,SPIKE
2023-09-24,P0016,W001,23,3.647351724631833,SPIKE
2023-09-24,P0005,W006,9,3.3976575953125887,SPIKE
2023-09-24,P0044,W003,10,3.0487492181011095,SPIKE
2023-09-23,P0008,W003,29,3.1289500529795595,SPIKE
2023-09-23,P0016,W005,24,3.82079339313001,SPIKE
2023-09-23,P0016,W003,16,3.4696895232072587,SPIKE
2023-09-23,P0002,W004,32,3.794733192201976,SPIKE
2023-09-23,P0001,W005,14,3.032769323403383,SPIKE
2023-09-17,P0016,W006,20,4.277929708849404,SPIKE
2023-09-17,P0016,W004,20,3.0223264100422464,SPIKE
2023-09-17,P0016,W003,14,3.3361638111223155,SPIKE
2023-09-17,P0019,W001,49,3.236010095845796,SPIKE
2023-09-17,P0043,W005,35,3.1177649470635074,SPIKE
2023-09-16,P0015,W006,11,3.022326410042322,SPIKE
2023-09-16,P0016,W002,14,3.6514837167011023,SPIKE
2023-09-16,P0025,W005,61,3.0315245084068083,SPIKE
2023-09-16,P0043,W002,52,3.0631340326054723,SPIKE
2023-09-16,P0016,W001,21,5.548035846530502,SPIKE
2023-09-16,P0016,W004,22,5.396344864564331,SPIKE
2023-09-10,P0015,W003,25,3.5768955155010236,SPIKE
2023-09-10,P0018,W006,13,3.032769323403384,SPIKE
2023-09-09,P0009,W001,12,3.0573389456471425,SPIKE
2023-09-09,P0059,W004,24,3.0393582812750557,SPIKE
2023-09-09,P0019,W006,78,3.491878708706722,SPIKE
2023-09-09,P0015,W004,30,3.394351428715238,SPIKE
2023-09-09,P0015,W005,14,3.805707731349496,SPIKE
2023-09-07,P0019,W001,14,-3.3846420830759856,DROP
2023-09-05,P0048,W003,14,-3.453202980253366,DROP
2023-09-03,P0021,W006,48,3.826842614418146,SPIKE
2023-09-03,P0021,W002,57,3.6404614249771896,SPIKE
2023-09-03,P0029,W003,60,3.303232332974898,SPIKE
2023-09-03,P0044,W004,9,3.2189219209749838,SPIKE
2023-09-02,P0021,W004,33,5.31090923377451,SPIKE
2023-09-02,P0021,W006,42,3.430296026129954,SPIKE
2023-09-02,P0021,W002,51,3.355256328348893,SPIKE
2023-09-02,P0021,W005,48,3.7943010976166387,SPIKE
2023-09-02,P0060,W005,41,3.0193026163871037,SPIKE
2023-09-02,P0021,W001,59,5.895531574988157,SPIKE
2023-09-01,P0027,W001,4,-3.119218119038863,DROP
2023-08-27,P0019,W004,96,3.1542437623975155,SPIKE
2023-08-27,P0039,W006,61,3.6458555145573026,SPIKE
2023-08-27,P0040,W002,35,3.323925628707988,SPIKE
2023-08-26,P0037,W002,46,3.530099771842003,SPIKE
2023-08-26,P0022,W003,12,3.142443946912033,SPIKE
2023-08-26,P0034,W001,15,3.2676096350808232,SPIKE
2023-08-26,P0039,W002,43,3.048419605772968,SPIKE
2023-08-26,P0031,W002,77,3.6435815722236926,SPIKE
2023-08-26,P0037,W004,48,3.4535226697159533,SPIKE
2023-08-24,P0051,W002,7,-3.961607905173904,DROP
2023-08-22,P0004,W001,7,-3.5978034599411757,DROP
2023-08-20,P0007,W003,17,3.3852145307727697,SPIKE
2023-08-20,P0013,W006,33,3.4376228500384443,SPIKE
2023-08-20,P0026,W003,12,3.9282744275129127,SPIKE
2023-08-17,P0012,W004,8,-3.0051620094402502,DROP
2023-08-16,P0010,W001,28,-3.6107699378811517,DROP
2023-08-16,P0055,W005,28,-3.155043221932149,DROP
2023-08-15,P0002,W001,10,-3.5685968840609537,DROP
2023-08-13,P0008,W002,76,5.281310778232992,SPIKE
2023-08-13,P0002,W002,26,3.027756115735591,SPIKE
2023-08-13,P0048,W001,54,4.138618462522171,SPIKE
2023-08-13,P0008,W004,41,3.4313718805928444,SPIKE
2023-08-12,P0008,W001,37,3.8383682393471936,SPIKE
2023-08-12,P0049,W005,33,3.0149118414327885,SPIKE
2023-08-12,P0016,W001,20,3.565959317874421,SPIKE
2023-08-12,P0038,W001,29,3.875844761990206,SPIKE
2023-08-06,P0047,W002,28,3.017480674463082,SPIKE
2023-08-06,P0020,W004,58,3.0900995598491816,SPIKE
2023-08-05,P0056,W006,29,3.298999497332164,SPIKE
2023-08-04,P0039,W005,26,-3.2037453078398523,DROP
2023-07-31,P0020,W005,23,-3.092232107415246,DROP
2023-07-30,P0047,W006,21,3.3788500461933038,SPIKE
2023-07-29,P0026,W001,6,3.3114385091679095,SPIKE
2023-07-29,P0043,W003,54,3.2763690642339642,SPIKE
2023-07-26,P0004,W006,21,-3.199906914011372,DROP
2023-07-23,P0048,W005,81,3.7586050998251164,SPIKE
2023-07-18,P0047,W006,7,-3.0425733279126193,DROP
2023-07-14,P0044,W004,4,-3.258006064501077,DROP
2023-07-13,P0058,W002,30,-3.1609369394661737,DROP
2023-07-10,P0044,W002,3,-3.098546748410745,DROP
2023-07-09,P0031,W005,103,3.133416105050833,SPIKE
2023-07-09,P0044,W006,11,3.169335719777944,SPIKE
2023-07-07,P0050,W002,20,-3.516501041962435,DROP
2023-07-04,P0034,W001,20,3.217781072445349,SPIKE
2023-07-04,P0041,W001,71,4.832444604545658,SPIKE
2023-07-04,P0039,W004,60,3.092136462368246,SPIKE
2023-07-02,P0054,W002,136,3.128371954123106,SPIKE
2023-07-02,P0054,W006,124,3.1241099547473277,SPIKE
2023-07-02,P0054,W004,148,4.27811857685826,SPIKE
2023-07-02,P0054,W003,57,4.0800411691246765,SPIKE
2023-07-01,P0050,W003,76,3.2874803241571593,SPIKE
2023-07-01,P0054,W003,53,4.704881392898123,SPIKE
2023-07-01,P0060,W004,95,3.210721680841797,SPIKE
2023-07-01,P0044,W002,11,3.743077858893305,SPIKE
2023-06-29,P0046,W004,9,-3.122337127305142,DROP
2023-06-26,P0025,W001,10,-3.6331804249169943,DROP
2023-06-25,P0020,W002,65,3.0838194807030166,SPIKE
2023-06-25,P0003,W002,42,3.324507776972051,SPIKE
2023-06-24,P0056,W006,36,3.1224335206700657,SPIKE
2023-06-24,P0004,W005,111,3.092177585970963,SPIKE
2023-06-24,P0004,W003,83,3.1387358729247743,SPIKE
2023-06-24,P0003,W002,39,3.4371255545153927,SPIKE
2023-06-18,P0003,W003,24,4.583390210907958,SPIKE
2023-06-18,P0003,W005,41,3.3599286021942674,SPIKE
2023-06-18,P0030,W004,22,4.073435125702339,SPIKE
2023-06-18,P0060,W004,90,3.157483852404148,SPIKE
2023-06-18,P0003,W006,38,3.2058842253603523,SPIKE
2023-06-17,P0003,W004,34,3.5804716391523588,SPIKE
2023-06-17,P0003,W003,20,4.273021652647369,SPIKE
2023-06-17,P0003,W006,39,4.562741349389157,SPIKE
2023-06-17,P0038,W006,61,3.1693662977338284,SPIKE
2023-06-17,P0003,W001,50,8.250685057713005,SPIKE
2023-06-17,P0003,W005,39,3.7903803992490794,SPIKE
2023-06-15,P0012,W002,9,-3.393355153402605,DROP
2023-06-11,P0013,W002,123,3.520792737576427,SPIKE
2023-06-11,P0011,W003,52,3.0316906448306975,SPIKE
2023-06-10,P0013,W004,174,3.9639105471569027,SPIKE
2023-06-10,P0007,W005,37,3.468660723010258,SPIKE
2023-06-10,P0013,W001,71,5.300650429633049,SPIKE
2023-06-10,P0054,W002,132,3.3984552585037675,SPIKE
2023-06-10,P0032,W002,58,3.3322371107713704,SPIKE
2023-06-10,P0013,W003,99,3.097506102082577,SPIKE
2023-06-10,P0013,W006,57,3.3749999999999964,SPIKE
2023-06-10,P0013,W002,112,3.4140304649782913,SPIKE
2023-06-10,P0059,W002,44,3.627601080850043,SPIKE
2023-06-10,P0011,W004,20,3.1853743122219162,SPIKE
2023-06-10,P0032,W004,54,3.4853531884094906,SPIKE
2023-06-09,P0051,W005,14,-3.017764368258125,DROP
2023-06-09,P0013,W004,146,3.250772096808257,SPIKE
2023-06-08,P0013,W006,56,4.515367134539786,SPIKE
2023-06-07,P0040,W005,23,-3.496925238798561,DROP
2023-06-06,P0013,W006,49,3.5125504244416557,SPIKE
2023-06-06,P0036,W001,6,-3.323175180004954,DROP
2023-06-06,P0013,W004,127,3.072486117164891,SPIKE
2023-06-05,P0017,W006,11,-3.109602163956566,DROP
2023-06-04,P0031,W003,109,3.9419329706384727,SPIKE
2023-06-04,P0007,W003,24,3.366372196617131,SPIKE
2023-06-04,P0058,W004,97,3.2302009576080777,SPIKE
2023-06-04,P0060,W006,99,3.435862717289076,SPIKE
2023-06-04,P0006,W002,28,3.2384404164787584,SPIKE
2023-06-03,P0017,W002,59,3.3141633386184637,SPIKE
2023-06-03,P0031,W005,170,4.696326543549648,SPIKE
2023-06-03,P0031,W002,129,3.5505990488278423,SPIKE
2023-06-03,P0040,W006,91,3.1676878008305107,SPIKE
2023-06-03,P0007,W006,21,3.9999282376052823,SPIKE
2023-06-03,P0007,W001,20,3.4201179371346964,SPIKE
2023-06-03,P0007,W003,22,3.0287845806587184,SPIKE
2023-06-03,P0031,W003,91,3.0349827736619317,SPIKE
2023-06-02,P0031,W005,134,3.038810456703601,SPIKE
2023-06-01,P0031,W003,86,3.38515564557612,SPIKE
2023-06-01,P0017,W002,23,-3.172118948358207,DROP
2023-06-01,P0013,W002,42,-3.0932047724595053,DROP
2023-05-31,P0031,W003,83,3.7218539301824225,SPIKE
2023-05-28,P0014,W005,71,3.1515289321795636,SPIKE
2023-05-28,P0039,W001,88,3.4157314563274492,SPIKE
2023-05-28,P0055,W004,94,3.1322951871924825,SPIKE
2023-05-28,P0047,W002,36,3.1168518367365956,SPIKE
2023-05-28,P0042,W002,69,3.5567220943615188,SPIKE
2023-05-28,P0041,W001,78,3.8289858649228337,SPIKE
2023-05-28,P0009,W002,28,3.274928077654269,SPIKE
2023-05-27,P0038,W001,40,3.3068556239495925,SPIKE
2023-05-27,P0018,W002,20,4.4876373392787565,SPIKE
2023-05-27,P0042,W003,62,3.903454227387002,SPIKE
2023-05-27,P0018,W006,21,3.3381570196369124,SPIKE
2023-05-27,P0057,W006,95,3.3988888331860196,SPIKE
2023-05-27,P0010,W006,114,3.944254169873192,SPIKE
2023-05-27,P0057,W002,80,3.903032295946876,SPIKE
2023-05-27,P0007,W001,18,3.0696998560290787,SPIKE
2023-05-27,P0057,W003,69,3.580526671666521,SPIKE
2023-05-27,P0058,W003,61,3.249295846374683,SPIKE
2023-05-27,P0016,W001,23,3.1950188361586678,SPIKE
2023-05-26,P0018,W003,22,3.3957334918634516,SPIKE
2023-05-26,P0016,W005,10,-3.1470394397363486,DROP
2023-05-22,P0052,W006,32,-3.582266694766528,DROP
2023-05-21,P0034,W006,15,3.3013826064272975,SPIKE
2023-05-21,P0057,W003,63,3.639848349838491,SPIKE
2023-05-20,P0024,W001,56,3.0377791407161943,SPIKE
2023-05-20,P0039,W003,73,3.9174437633189583,SPIKE
2023-05-20,P0040,W003,51,3.276479078862604,SPIKE
2023-05-17,P0039,W001,32,-3.0942912327468584,DROP
2023-05-14,P0037,W003,56,3.3332272457587893,SPIKE
2023-05-14,P0036,W005,27,3.105585992623407,SPIKE
2023-05-14,P0057,W004,133,3.803226121686612,SPIKE
2023-05-14,P0034,W001,26,3.8073940321462003,SPIKE
2023-05-14,P0048,W003,89,3.4264674856139776,SPIKE
2023-05-14,P0002,W001,54,3.0832792245191634,SPIKE
2023-05-14,P0035,W001,16,3.503868221125515,SPIKE
2023-05-14,P0024,W006,116,3.7323911870962285,SPIKE
2023-05-13,P0044,W004,15,3.1051148609841275,SPIKE
2023-05-13,P0034,W002,9,3.230762714183112,SPIKE
2023-05-13,P0005,W006,18,3.5273732523087933,SPIKE
2023-05-13,P0055,W002,79,4.9488851733532035,SPIKE
2023-05-07,P0005,W001,12,4.008308235947051,SPIKE
2023-05-07,P0005,W003,28,3.0384078723221255,SPIKE
2023-05-07,P0048,W002,183,4.080520699709382,SPIKE
2023-05-07,P0006,W004,15,3.0308190104896666,SPIKE
2023-05-07,P0018,W005,31,3.10328934171482,SPIKE
2023-05-06,P0048,W002,161,3.783682405142166,SPIKE
2023-05-06,P0023,W002,137,3.129675299892804,SPIKE
2023-05-06,P0045,W001,134,4.029554656478996,SPIKE
2023-05-06,P0023,W004,108,3.0090101766301367,SPIKE
2023-05-06,P0026,W001,8,3.397657595312727,SPIKE
2023-05-06,P0026,W005,16,5.047227932630103,SPIKE
2023-05-06,P0036,W002,37,3.0061672178247436,SPIKE
2023-05-06,P0057,W004,119,3.305217993108218,SPIKE
2023-05-01,P0026,W003,17,3.4919252536599976,SPIKE
2023-04-30,P0032,W006,33,3.6119877740542856,SPIKE
2023-04-30,P0052,W004,99,3.216022171385457,SPIKE
2023-04-30,P0040,W002,52,3.145708541630695,SPIKE
2023-04-29,P0056,W003,32,3.31806024802501,SPIKE
2023-04-29,P0029,W001,78,3.8374245724266025,SPIKE
2023-04-29,P0039,W002,70,3.444484153027068,SPIKE
2023-04-29,P0035,W004,20,3.19235998791612,SPIKE
2023-04-23,P0048,W002,141,3.2326332641273408,SPIKE
2023-04-23,P0007,W004,55,3.5369590364255017,SPIKE
2023-04-23,P0048,W006,105,4.469175079008227,SPIKE
2023-04-23,P0002,W005,52,3.092220879495693,SPIKE
2023-04-22,P0056,W003,31,3.120659800934878,SPIKE
2023-04-22,P0046,W001,40,3.0109777465875704,SPIKE
2023-04-22,P0053,W006,45,3.065032535334018,SPIKE
2023-04-22,P0008,W004,43,3.0680799784390174,SPIKE
2023-04-22,P0004,W005,172,3.371086210140688,SPIKE
2023-04-22,P0030,W006,56,3.748324134685143,SPIKE
2023-04-22,P0049,W001,81,3.093166371876547,SPIKE
2023-04-22,P0048,W005,121,3.550412711204382,SPIKE
2023-04-22,P0029,W005,148,3.3635201840499063,SPIKE
2023-04-22,P0004,W001,79,3.2846687975844886,SPIKE
2023-04-20,P0047,W005,13,-4.088331152153482,DROP
2023-04-16,P0006,W001,23,3.139486635141294,SPIKE
2023-04-16,P0040,W006,105,3.0308581642315877,SPIKE
2023-04-16,P0013,W001,55,3.379053203386799,SPIKE
2023-04-16,P0017,W005,41,3.6816164076976667,SPIKE
2023-04-16,P0004,W003,125,3.727267016747724,SPIKE
2023-04-16,P0060,W004,110,3.1515289321795614,SPIKE
2023-04-16,P0017,W006,57,4.897310372157285,SPIKE
2023-04-16,P0033,W006,136,4.108340754698634,SPIKE
2023-04-15,P0033,W006,115,3.124868458968176,SPIKE
2023-04-15,P0029,W001,69,3.10594767666277,SPIKE
2023-04-15,P0047,W006,29,3.2268059302906673,SPIKE
2023-04-15,P0030,W006,47,3.2265171088873323,SPIKE
2023-04-15,P0007,W003,24,3.539326355863929,SPIKE
2023-04-15,P0056,W005,85,4.330155082220683,SPIKE
2023-04-15,P0004,W006,96,3.473552665726585,SPIKE
2023-04-15,P0017,W006,45,3.7362175187276385,SPIKE
2023-04-15,P0049,W004,59,3.0696426007277355,SPIKE
2023-04-15,P0004,W004,135,5.141934891976247,SPIKE
2023-04-15,P0010,W004,88,3.8150539671363113,SPIKE
2023-04-15,P0058,W001,114,3.2021272323776024,SPIKE
2023-04-15,P0017,W001,33,3.531291833695862,SPIKE
2023-04-15,P0001,W006,31,3.9861599967434884,SPIKE
2023-04-15,P0028,W006,16,3.1382343525436616,SPIKE
2023-04-15,P0017,W004,42,3.6932234257520578,SPIKE
2023-04-14,P0004,W003,110,3.3677945754714385,SPIKE
2023-04-09,P0040,W005,104,3.3612149970374556,SPIKE
2023-04-09,P0023,W006,111,3.1078044731224765,SPIKE
2023-04-09,P0039,W005,109,3.019315594512709,SPIKE
2023-04-09,P0034,W006,16,3.114114066956819,SPIKE
2023-04-08,P0060,W003,62,3.4719127058949497,SPIKE
2023-04-08,P0033,W004,105,3.343076510504974,SPIKE
2023-04-08,P0050,W001,152,3.673763353925715,SPIKE
2023-04-08,P0048,W005,107,3.667204645743807,SPIKE
2023-04-06,P0005,W006,6,-3.020976853960532,DROP
2023-04-01,P0058,W005,84,3.1978525510589506,SPIKE
2023-04-01,P0030,W002,57,3.272777749423368,SPIKE
2023-04-01,P0019,W006,158,3.7929936696105035,SPIKE
2023-04-01,P0027,W002,31,3.6063786417338983,SPIKE
2023-04-01,P0051,W001,64,3.017621699540577,SPIKE
2023-03-26,P0034,W001,26,4.103544777607287,SPIKE
2023-03-26,P0039,W001,88,3.0654423307088674,SPIKE
2023-03-26,P0033,W001,50,3.154488221440722,SPIKE
2023-03-26,P0039,W006,84,3.0624342184184092,SPIKE
2023-03-26,P0055,W006,91,3.0269993286640546,SPIKE
2023-03-26,P0053,W001,39,3.033976051074756,SPIKE
2023-03-26,P0027,W004,39,3.422575717635791,SPIKE
2023-03-26,P0005,W001,11,3.9562591147540154,SPIKE
2023-03-26,P0003,W004,36,3.0666164032563104,SPIKE
2023-03-26,P0047,W003,31,3.9050612008145604,SPIKE
2023-03-25,P0009,W003,48,3.2429814382405353,SPIKE
2023-03-25,P0053,W004,29,3.7884361705008422,SPIKE
2023-03-25,P0031,W002,130,3.0993708788529686,SPIKE
2023-03-25,P0011,W003,53,3.3094200562827405,SPIKE
2023-03-25,P0033,W004,100,4.530756654806401,SPIKE
2023-03-25,P0005,W003,31,3.166388370171361,SPIKE
2023-03-25,P0043,W004,65,3.6601630976893804,SPIKE
2023-03-25,P0027,W005,51,4.882613407294268,SPIKE
2023-03-25,P0024,W001,61,3.4164524153782767,SPIKE
2023-03-25,P0029,W002,87,3.1808485390646597,SPIKE
2023-03-25,P0008,W003,60,4.663254750296258,SPIKE
2023-03-25,P0005,W004,28,3.0696627866664508,SPIKE
2023-03-25,P0060,W002,65,3.279603990421095,SPIKE
2023-03-25,P0012,W006,38,4.000329778868264,SPIKE
2023-03-25,P0023,W003,59,3.81377190011065,SPIKE
2023-03-25,P0046,W004,41,4.332422713855737,SPIKE
2023-03-25,P0057,W003,65,3.5294095966298635,SPIKE
2023-03-25,P0036,W001,30,3.5653186081994277,SPIKE
2023-03-25,P0060,W004,101,3.2118650167873604,SPIKE
2023-03-25,P0030,W006,47,3.3379470435553507,SPIKE
2023-03-25,P0033,W005,96,3.572038142311506,SPIKE
2023-03-25,P0023,W002,142,4.159773991152934,SPIKE
2023-03-25,P0024,W006,118,3.207647145879121,SPIKE
2023-03-25,P0022,W002,23,3.8268958804121653,SPIKE
2023-03-25,P0057,W001,151,3.7904111435398113,SPIKE
2023-03-25,P0060,W006,119,3.350362354615962,SPIKE
2023-03-25,P0023,W001,112,3.753349845448582,SPIKE
2023-03-25,P0021,W001,78,3.409395937112313,SPIKE
2023-03-25,P0002,W001,64,3.6973711234354845,SPIKE
2023-03-25,P0031,W001,124,3.1617782159261014,SPIKE
2023-03-25,P0034,W002,10,3.466814256622103,SPIKE
2023-03-25,P0041,W002,73,3.3479515294064246,SPIKE
2023-03-25,P0016,W006,31,3.277937124911311,SPIKE
2023-03-25,P0053,W003,26,5.107490918406372,SPIKE
2023-03-25,P0052,W006,119,5.506601288229064,SPIKE
2023-03-25,P0045,W003,53,3.242907208624027,SPIKE
2023-03-25,P0054,W001,80,3.7004859039225133,SPIKE
2023-03-25,P0042,W003,61,4.448596630095295,SPIKE
2023-03-25,P0030,W005,27,3.6419586058060425,SPIKE
2023-03-25,P0060,W005,83,3.5259544690529205,SPIKE
2023-03-25,P0034,W006,16,3.047568828606683,SPIKE
2023-03-25,P0028,W002,12,3.1413031109556044,SPIKE
2023-03-25,P0022,W003,22,3.8895834392534887,SPIKE
2023-03-25,P0041,W006,75,3.4911652650345646,SPIKE
2023-03-25,P0059,W001,57,3.0423391035293736,SPIKE
2023-03-25,P0043,W002,106,5.640588074118771,SPIKE
2023-03-25,P0046,W002,84,3.875126747159844,SPIKE
2023-03-25,P0009,W006,29,4.106778721818266,SPIKE
2023-03-25,P0048,W004,81,3.093474112748189,SPIKE
2023-03-25,P0013,W004,137,3.241927077820057,SPIKE
2023-03-25,P0058,W004,116,4.187842718464201,SPIKE
2023-03-25,P0013,W005,61,3.7055278335657964,SPIKE
2023-03-25,P0010,W001,152,3.9851827136798312,SPIKE
2023-03-25,P0054,W002,172,3.3198496572345206,SPIKE
2023-03-25,P0006,W006,27,3.436325962523353,SPIKE
2023-03-25,P0055,W006,88,3.3327615788714984,SPIKE
2023-03-25,P0034,W005,18,3.2287133166809694,SPIKE
2023-03-25,P0055,W002,76,3.003026466160296,SPIKE
2023-03-25,P0032,W005,70,3.545517683434226,SPIKE
2023-03-25,P0013,W006,63,5.905810022495327,SPIKE
2023-03-25,P0057,W006,98,3.423059414458889,SPIKE
2023-03-25,P0055,W003,84,3.975642244382235,SPIKE
2023-03-25,P0029,W005,144,3.425528006947295,SPIKE
2023-03-25,P0034,W004,16,3.723558541420039,SPIKE
2023-03-25,P0033,W002,127,5.468806267864913,SPIKE
2023-03-25,P0013,W003,110,4.4692877591845015,SPIKE
2023-03-25,P0059,W002,52,3.763261754320019,SPIKE
2023-03-25,P0032,W006,33,3.0062453643522407,SPIKE
2023-03-25,P0034,W003,8,3.2232014459388743,SPIKE
2023-03-25,P0031,W004,92,3.175229133343282,SPIKE
2023-03-25,P0044,W002,14,3.7077978296932463,SPIKE
2023-03-25,P0059,W006,30,4.56736233934133,SPIKE
2023-03-25,P0016,W002,21,3.2561869369682546,SPIKE
2023-03-25,P0001,W003,27,3.4730100316394115,SPIKE
2023-03-25,P0021,W004,50,4.284104805914886,SPIKE
2023-03-25,P0029,W003,98,3.160448713830177,SPIKE
2023-03-25,P0056,W002,53,3.618929057469309,SPIKE
2023-03-25,P0043,W003,79,5.655572799063215,SPIKE
2023-03-25,P0031,W006,77,3.0851172940341667,SPIKE
2023-03-25,P0011,W004,32,5.158820854741103,SPIKE
2023-03-25,P0059,W003,34,3.5325298192185124,SPIKE
2023-03-25,P0022,W005,21,4.015239979001134,SPIKE
2023-03-25,P0045,W005,122,3.0274966267223635,SPIKE
2023-03-25,P0045,W002,64,4.6558914664171684,SPIKE
2023-03-25,P0030,W002,54,3.3660193968672494,SPIKE
2023-03-25,P0054,W004,144,3.0771215323801266,SPIKE
2023-03-25,P0060,W001,58,3.2447446295079363,SPIKE
2023-03-25,P0028,W003,34,6.336216211712878,SPIKE
2023-03-25,P0038,W006,84,4.408092278190157,SPIKE
2023-03-25,P0051,W002,40,3.362856340971069,SPIKE
2023-03-25,P0006,W003,33,3.653331846245612,SPIKE
2023-03-25,P0048,W001,82,3.392279789549477,SPIKE
2023-03-25,P0025,W002,55,3.644975085442147,SPIKE
2023-03-25,P0039,W003,74,3.194224028861701,SPIKE
2023-03-25,P0048,W003,71,3.5773550476698532,SPIKE
2023-03-25,P0038,W005,70,5.277373936880414,SPIKE
2023-03-25,P0026,W006,19,4.015709117172534,SPIKE
2023-03-25,P0051,W003,102,3.181000371155155,SPIKE
2023-03-25,P0041,W001,81,4.125154603904953,SPIKE
2023-03-25,P0008,W006,112,4.708460967419715,SPIKE
2023-03-25,P0018,W005,31,3.454030542028805,SPIKE
2023-03-25,P0043,W005,60,3.547665777716211,SPIKE
2023-03-25,P0026,W003,19,4.3075058829362005,SPIKE
2023-03-25,P0005,W005,16,3.3509377489392835,SPIKE
2023-03-25,P0025,W006,54,5.555674974639826,SPIKE
2023-03-25,P0018,W002,19,4.035653341194632,SPIKE
2023-03-25,P0006,W001,22,4.317200076990803,SPIKE
2023-03-25,P0020,W006,141,3.2972559086452824,SPIKE
2023-03-25,P0019,W006,146,4.056799548081072,SPIKE
2023-03-25,P0020,W002,84,3.5716990841671765,SPIKE
2023-03-25,P0050,W006,114,3.3216923520698898,SPIKE
2023-03-25,P0025,W005,109,3.0693121278104583,SPIKE
2023-03-25,P0039,W001,90,4.280039580766324,SPIKE
2023-03-25,P0038,W004,51,3.7595130482159913,SPIKE
2023-03-25,P0018,W004,17,5.171115494628497,SPIKE
2023-03-25,P0020,W004,80,3.384413429377655,SPIKE
2023-03-24,P0017,W001,27,3.283204972692014,SPIKE
2023-03-23,P0017,W005,33,3.038334171027571,SPIKE
2023-03-23,P0057,W006,30,-3.146123737900933,DROP
2023-03-21,P0039,W005,35,-3.215019444720989,DROP
2023-03-20,P0017,W005,34,4.502894771228246,SPIKE
2023-03-19,P0043,W004,60,3.2064066767147303,SPIKE
2023-03-19,P0060,W002,60,3.4502834589188103,SPIKE
2023-03-19,P0002,W006,58,3.584628333509039,SPIKE
2023-03-19,P0031,W004,92,3.7154927836613476,SPIKE
2023-03-19,P0046,W001,40,3.2845570808544755,SPIKE
2023-03-19,P0016,W005,31,3.487170728013416,SPIKE
2023-03-19,P0055,W005,132,3.2275118603648303,SPIKE
2023-03-19,P0036,W003,49,3.262043064763246,SPIKE
2023-03-19,P0034,W002,9,3.269180163406413,SPIKE
2023-03-19,P0057,W004,136,3.533089757446055,SPIKE
2023-03-19,P0025,W005,109,3.2029588592228238,SPIKE
2023-03-19,P0030,W004,21,3.2388815504351527,SPIKE
2023-03-19,P0039,W006,79,3.135167257894615,SPIKE
2023-03-19,P0047,W003,28,3.016540033935745,SPIKE
2023-03-18,P0044,W003,19,3.010946194469797,SPIKE
2023-03-18,P0018,W006,21,3.3995273667463892,SPIKE
2023-03-18,P0020,W004,81,4.786694769481587,SPIKE
2023-03-18,P0023,W003,52,3.328018361531268,SPIKE
2023-03-18,P0012,W001,39,3.320231993632113,SPIKE
2023-03-18,P0059,W006,25,3.164746265370056,SPIKE
2023-03-18,P0024,W003,99,3.347587934670142,SPIKE
2023-03-18,P0026,W001,9,3.9848655051911805,SPIKE
2023-03-18,P0043,W005,56,3.4920270436471785,SPIKE
2023-03-18,P0046,W004,35,3.0433946174376016,SPIKE
2023-03-18,P0042,W004,82,3.548512492234635,SPIKE
2023-03-18,P0010,W003,148,3.8502984116167145,SPIKE
2023-03-18,P0025,W001,42,3.5231176275595772,SPIKE
2023-03-18,P0006,W004,17,3.382722034891956,SPIKE
2023-03-12,P0030,W004,20,3.0070642534462513,SPIKE
2023-03-12,P0038,W002,50,3.6628336489040465,SPIKE
2023-03-12,P0012,W006,32,3.0773911862133456,SPIKE
2023-03-12,P0024,W003,92,3.137749187597906,SPIKE
2023-03-12,P0005,W005,14,3.419583072115193,SPIKE
2023-03-12,P0006,W006,23,3.819968175619405,SPIKE
2023-03-12,P0047,W001,47,3.313335755706276,SPIKE
2023-03-12,P0013,W004,129,3.0990412042717854,SPIKE
2023-03-12,P0008,W001,44,4.575657811434937,SPIKE
2023-03-12,P0004,W002,128,3.45476108430958,SPIKE
2023-03-12,P0015,W006,18,3.0567124700011177,SPIKE
2023-03-12,P0058,W006,103,5.097742408878391,SPIKE
2023-03-11,P0050,W003,80,3.126446379048537,SPIKE
2023-03-11,P0049,W002,53,3.9727725596489405,SPIKE
2023-03-11,P0004,W006,88,3.306383775658069,SPIKE
2023-03-11,P0038,W004,48,3.7297698985594003,SPIKE
2023-03-11,P0046,W001,37,3.0879690437979055,SPIKE
2023-03-11,P0032,W005,67,3.5719710694645967,SPIKE
2023-03-11,P0005,W004,26,3.0301593558750812,SPIKE
2023-03-11,P0016,W006,30,4.195489331784402,SPIKE
2023-03-11,P0030,W005,25,3.277812206859344,SPIKE
2023-03-11,P0017,W003,60,3.8779788819622873,SPIKE
2023-03-11,P0015,W001,18,4.070843631456246,SPIKE
2023-03-11,P0040,W005,94,3.3558824137739265,SPIKE
2023-03-11,P0038,W001,43,3.579596744521923,SPIKE
2023-03-11,P0032,W002,61,3.548191604005717,SPIKE
2023-03-11,P0060,W004,96,3.01000867440453,SPIKE
2023-03-11,P0008,W004,45,3.214510489612445,SPIKE
2023-03-10,P0051,W002,10,-3.2068125444244693,DROP
2023-03-05,P0002,W005,50,3.1964664475112845,SPIKE
2023-03-05,P0001,W004,51,3.8076428715857245,SPIKE
2023-03-05,P0009,W004,45,3.3333602149453636,SPIKE
2023-03-05,P0023,W001,102,3.8366382824897673,SPIKE
2023-03-05,P0022,W004,16,3.205612589710468,SPIKE
2023-03-05,P0003,W003,17,3.1597368664962873,SPIKE
2023-03-05,P0049,W004,59,4.5520903563118384,SPIKE
2023-03-05,P0049,W003,67,3.001055806519845,SPIKE
2023-03-05,P0013,W002,109,3.2288324633770094,SPIKE
2023-03-05,P0049,W001,80,3.1798704393666117,SPIKE
2023-03-05,P0009,W003,44,3.493180216897835,SPIKE
2023-03-04,P0035,W001,19,3.0772872744833193,SPIKE
2023-03-04,P0023,W006,109,3.3667839385623806,SPIKE
2023-03-04,P0003,W001,35,3.0653527872828357,SPIKE
2023-03-04,P0026,W004,13,4.094878168014819,SPIKE
2023-03-04,P0021,W004,44,4.128290598154589,SPIKE
2023-03-04,P0034,W002,8,3.1163484893343956,SPIKE
2023-03-04,P0024,W004,119,3.403303657365191,SPIKE
2023-03-04,P0035,W004,21,3.32873504244577,SPIKE
2023-03-04,P0014,W004,65,3.8417855267351793,SPIKE
2023-03-04,P0057,W001,124,3.519767848287564,SPIKE
2023-03-04,P0060,W005,73,4.192411387382024,SPIKE
2023-03-04,P0034,W004,14,3.199824197521832,SPIKE
2023-03-04,P0009,W002,30,3.5447098301173456,SPIKE
2023-03-04,P0019,W005,83,3.5641414336538575,SPIKE
2023-03-04,P0021,W005,67,3.081892602850378,SPIKE
2023-03-04,P0015,W003,35,3.075875840097025,SPIKE
2023-03-04,P0011,W001,26,3.9236770396196685,SPIKE
2023-03-04,P0028,W005,29,4.033433920076846,SPIKE
2023-03-04,P0055,W005,122,4.518053689140906,SPIKE
2023-03-03,P0035,W004,20,3.59197114736588,SPIKE
2023-02-28,P0035,W004,18,3.7089635016282188,SPIKE
2023-02-27,P0035,W003,21,3.5537349729635843,SPIKE
2023-02-26,P0042,W005,76,3.3282361081941874,SPIKE
2023-02-26,P0035,W006,26,3.091341909290196,SPIKE
2023-02-26,P0035,W005,14,4.6195104018062,SPIKE
2023-02-26,P0037,W002,104,4.364613168042992,SPIKE
2023-02-26,P0007,W002,60,3.4477568736888644,SPIKE
2023-02-26,P0009,W005,55,3.4374900486156585,SPIKE
2023-02-26,P0020,W006,126,3.5637951299013344,SPIKE
2023-02-26,P0003,W003,16,3.2488522187673454,SPIKE
2023-02-26,P0025,W004,101,3.0865204732858627,SPIKE
2023-02-26,P0027,W003,39,3.280763064683152,SPIKE
2023-02-26,P0037,W006,44,4.529048738361984,SPIKE
2023-02-26,P0007,W001,28,4.148597257887114,SPIKE
2023-02-26,P0037,W001,107,4.115312267006949,SPIKE
2023-02-26,P0003,W001,34,3.140569735211948,SPIKE
2023-02-26,P0037,W004,100,4.072355559692729,SPIKE
2023-02-26,P0053,W004,28,3.5910081512743273,SPIKE
2023-02-26,P0005,W002,17,3.7297698985593986,SPIKE
2023-02-26,P0012,W001,36,3.591290634445039,SPIKE
2023-02-26,P0040,W003,49,3.171074430283389,SPIKE
2023-02-26,P0035,W002,13,3.0720169491057856,SPIKE
2023-02-26,P0022,W003,19,3.0014690146103775,SPIKE
2023-02-26,P0007,W005,46,4.103413254758002,SPIKE
2023-02-26,P0041,W005,55,3.760101993498131,SPIKE
2023-02-26,P0037,W005,52,3.111868924405706,SPIKE
2023-02-26,P0007,W003,35,6.950082049916295,SPIKE
2023-02-25,P0035,W002,13,3.7967462806459493,SPIKE
2023-02-25,P0010,W006,120,3.060482741459351,SPIKE
2023-02-25,P0037,W005,63,8.390282748506698,SPIKE
2023-02-25,P0035,W001,18,4.970720302170796,SPIKE
2023-02-25,P0035,W003,19,3.634350289156436,SPIKE
2023-02-25,P0037,W006,41,6.257212785260141,SPIKE
2023-02-25,P0050,W005,71,3.8799965364316207,SPIKE
2023-02-25,P0016,W001,25,3.2938659785736415,SPIKE
2023-02-25,P0020,W006,124,4.5709607914367245,SPIKE
2023-02-25,P0007,W002,54,3.10477202077213,SPIKE
2023-02-25,P0043,W002,83,3.6717205138097797,SPIKE
2023-02-25,P0022,W003,19,3.730215950988561,SPIKE
2023-02-25,P0011,W006,42,3.102293782152827,SPIKE
2023-02-25,P0029,W001,65,3.1451821306111514,SPIKE
2023-02-25,P0037,W004,104,8.040694432846285,SPIKE
2023-02-25,P0036,W006,65,4.033466309531342,SPIKE
2023-02-25,P0044,W001,20,3.853397832375631,SPIKE
2023-02-25,P0012,W002,35,3.785958431559474,SPIKE
2023-02-25,P0016,W002,19,3.3004662440057633,SPIKE
2023-02-25,P0047,W002,39,3.0448588517123216,SPIKE
2023-02-25,P0022,W006,21,5.129796761550579,SPIKE
2023-02-25,P0037,W003,70,3.294148696166297,SPIKE
2023-02-25,P0037,W001,108,6.932447664296441,SPIKE
2023-02-25,P0013,W001,56,4.861718493018829,SPIKE
2023-02-25,P0035,W006,26,3.9093156253604766,SPIKE
2023-02-25,P0009,W005,51,3.1432269410981717,SPIKE
2023-02-25,P0016,W004,30,3.956599025203608,SPIKE
2023-02-25,P0037,W002,100,6.4932006928322545,SPIKE
2023-02-23,P0010,W002,56,3.0944780616840735,SPIKE
2023-02-22,P0007,W001,25,4.814327508657234,SPIKE
2023-02-22,P0007,W003,22,3.6924827624327747,SPIKE
2023-02-22,P0007,W005,36,3.0579194707685757,SPIKE
2023-02-22,P0007,W006,24,4.482442991373898,SPIKE
2023-02-19,P0013,W003,81,3.082746194503043,SPIKE
2023-02-19,P0033,W003,77,3.2679492108246664,SPIKE
2023-02-19,P0024,W003,85,3.4131594004301347,SPIKE
2023-02-19,P0027,W003,39,3.2474582369777383,SPIKE
2023-02-19,P0021,W001,71,3.651297618922903,SPIKE
2023-02-19,P0041,W003,50,3.2465738735973373,SPIKE
2023-02-19,P0038,W004,41,3.1808323027166394,SPIKE
2023-02-19,P0044,W004,12,3.022915948770878,SPIKE
2023-02-19,P0060,W006,97,3.1387738354390926,SPIKE
2023-02-19,P0014,W005,70,3.6222464706412967,SPIKE
2023-02-19,P0020,W001,82,5.9181402802319205,SPIKE
2023-02-19,P0045,W003,66,3.0542833959343576,SPIKE
2023-02-18,P0025,W002,46,3.2476835331665925,SPIKE
2023-02-18,P0058,W003,60,3.3765208213696623,SPIKE
2023-02-18,P0021,W001,66,3.867613856751708,SPIKE
2023-02-18,P0047,W001,42,3.0244951867163543,SPIKE
2023-02-18,P0037,W003,63,3.2935492269169098,SPIKE
2023-02-18,P0035,W001,14,3.5259701720766947,SPIKE
2023-02-18,P0052,W005,44,3.510036517278143,SPIKE
2023-02-18,P0033,W005,82,3.438258515821871,SPIKE
2023-02-18,P0005,W006,16,3.121343004578474,SPIKE
2023-02-18,P0021,W005,68,3.93059501721639,SPIKE
2023-02-18,P0051,W002,37,3.9393071464692655,SPIKE
2023-02-18,P0011,W005,22,3.2479142913427053,SPIKE
2023-02-18,P0057,W001,122,3.9769038137848987,SPIKE
2023-02-18,P0038,W006,71,4.107885574718476,SPIKE
2023-02-18,P0037,W002,68,3.109323821253118,SPIKE
2023-02-18,P0041,W002,64,3.0910180656877433,SPIKE
2023-02-18,P0013,W002,107,4.947805527139515,SPIKE
2023-02-18,P0052,W003,70,3.1082052914651577,SPIKE
2023-02-18,P0030,W003,41,4.843491609267297,SPIKE
2023-02-18,P0058,W004,98,3.3224083371300654,SPIKE
2023-02-18,P0044,W003,17,3.0823814281845796,SPIKE
2023-02-18,P0029,W006,79,3.5242607599265714,SPIKE
2023-02-18,P0054,W002,158,3.533521822023246,SPIKE
2023-02-16,P0045,W005,136,4.203144802120346,SPIKE
2023-02-12,P0056,W003,29,4.706664390404689,SPIKE
2023-02-12,P0054,W001,72,3.3460244754921735,SPIKE
2023-02-12,P0042,W002,60,3.234033579603455,SPIKE
2023-02-12,P0043,W005,50,3.615255806632615,SPIKE
2023-02-12,P0006,W005,31,3.153229636873463,SPIKE
2023-02-12,P0052,W004,94,3.6908904302262977,SPIKE
2023-02-12,P0052,W006,99,3.296184911513925,SPIKE
2023-02-12,P0015,W006,16,3.0790045563941537,SPIKE
2023-02-12,P0030,W004,19,3.0223508903884997,SPIKE
2023-02-12,P0009,W006,27,3.635860354782691,SPIKE
2023-02-12,P0042,W004,66,3.438123363385486,SPIKE
2023-02-12,P0006,W004,15,3.511765115083779,SPIKE
2023-02-12,P0020,W002,72,3.568114567407545,SPIKE
2023-02-12,P0023,W004,96,3.011627954904326,SPIKE
2023-02-12,P0043,W006,38,3.0040842993048202,SPIKE
2023-02-12,P0044,W006,11,3.116273030579277,SPIKE
2023-02-12,P0039,W006,72,3.6786491986935688,SPIKE
2023-02-12,P0003,W005,30,3.1573669485193765,SPIKE
2023-02-12,P0046,W003,60,4.148773256474007,SPIKE
2023-02-12,P0040,W006,106,3.157290060058191,SPIKE
2023-02-12,P0051,W006,58,3.4267018174017028,SPIKE
2023-02-12,P0045,W003,57,3.169579831163038,SPIKE
2023-02-12,P0054,W005,87,3.5495061654388342,SPIKE
2023-02-12,P0048,W001,71,3.4440294331356944,SPIKE
2023-02-11,P0059,W003,30,3.3547084998977934,SPIKE
2023-02-11,P0017,W002,58,3.7100978106706295,SPIKE
2023-02-11,P0045,W002,65,4.374227778311847,SPIKE
2023-02-11,P0042,W003,51,3.1392943939763622,SPIKE
2023-02-11,P0033,W006,115,4.3146095784336,SPIKE
2023-02-11,P0002,W006,52,4.353987915275459,SPIKE
2023-02-11,P0029,W002,86,3.9667525870789864,SPIKE
2023-02-11,P0045,W003,58,4.369178410714845,SPIKE
2023-02-11,P0017,W005,29,3.2667581598887354,SPIKE
2023-02-11,P0054,W003,53,4.246518847023496,SPIKE
2023-02-11,P0024,W005,77,3.2089096978997955,SPIKE
2023-02-11,P0014,W003,53,3.899948703734823,SPIKE
2023-02-11,P0022,W004,14,3.0530825897679805,SPIKE
2023-02-11,P0004,W004,102,3.6450190015982877,SPIKE
2023-02-11,P0054,W002,137,3.022025927042414,SPIKE
2023-02-11,P0045,W006,117,4.326612137311492,SPIKE
2023-02-11,P0030,W001,22,3.8007210945761782,SPIKE
2023-02-11,P0035,W003,17,3.805707731349512,SPIKE
2023-02-11,P0026,W005,12,3.746458250438719,SPIKE
2023-02-11,P0017,W006,33,3.393990696485625,SPIKE
2023-02-11,P0045,W004,102,4.671442420801178,SPIKE
2023-02-11,P0024,W004,109,3.8472974012813066,SPIKE
2023-02-11,P0002,W003,43,3.9932692138603803,SPIKE
2023-02-11,P0005,W004,23,3.370296227173012,SPIKE
2023-02-11,P0050,W001,150,4.334323064236428,SPIKE
2023-02-11,P0037,W003,62,4.327473315885124,SPIKE
2023-02-11,P0039,W003,62,3.2788618584026272,SPIKE
2023-02-11,P0054,W006,138,3.983280170326767,SPIKE
2023-02-11,P0023,W005,81,3.7557271811395863,SPIKE
2023-02-11,P0041,W004,38,3.2724989784108143,SPIKE
2023-02-11,P0009,W004,41,3.362885151145126,SPIKE
2023-02-11,P0022,W003,16,3.9500161406748675,SPIKE
2023-02-11,P0015,W005,17,3.0758758400970287,SPIKE
2023-02-11,P0043,W003,68,3.22122864737028,SPIKE
2023-02-11,P0045,W001,121,3.273278531066387,SPIKE
2023-02-11,P0014,W002,37,4.901480368615339,SPIKE
2023-02-11,P0021,W005,57,3.1000727997493995,SPIKE
2023-02-11,P0053,W005,23,4.436024655699374,SPIKE
2023-02-11,P0060,W001,52,3.190665622699352,SPIKE
2023-02-05,P0023,W003,47,3.3162699087975573,SPIKE
2023-02-05,P0033,W006,96,3.1091263510296048,SPIKE
2023-02-05,P0024,W004,100,3.288922106595569,SPIKE
2023-02-05,P0059,W002,45,3.3166240001069838,SPIKE
2023-02-05,P0029,W001,62,3.363890643704833,SPIKE
2023-02-05,P0041,W006,60,3.2454702148289463,SPIKE
2023-02-05,P0053,W005,19,3.0941688803298653,SPIKE
2023-02-05,P0026,W006,17,3.5167301686900774,SPIKE
2023-02-05,P0049,W003,63,3.3825330825647235,SPIKE
2023-02-05,P0027,W001,20,3.175426480542942,SPIKE
2023-02-05,P0038,W006,59,3.0649430208091575,SPIKE
2023-02-05,P0043,W004,57,3.3441098103682503,SPIKE
2023-02-05,P0045,W003,51,3.7475460343951705,SPIKE
2023-02-05,P0049,W001,74,3.0827919080796287,SPIKE
2023-02-05,P0016,W003,19,3.2335990653336886,SPIKE
2023-02-05,P0025,W004,88,3.184625587961153,SPIKE
2023-02-05,P0002,W002,34,3.345676487766122,SPIKE
2023-02-05,P0025,W003,83,3.257186967813153,SPIKE
2023-02-05,P0035,W001,13,3.277937124911306,SPIKE
2023-02-05,P0054,W006,125,3.3538554469107833,SPIKE
2023-02-05,P0045,W002,51,3.233620022453535,SPIKE
2023-02-05,P0056,W003,24,3.585332610662226,SPIKE
2023-02-05,P0001,W006,28,3.7416772426827647,SPIKE
2023-02-05,P0038,W003,53,3.1779916063247433,SPIKE
2023-02-05,P0001,W003,28,4.89595736112698,SPIKE
2023-02-05,P0017,W004,26,3.1048290077856904,SPIKE
2023-02-04,P0016,W002,17,3.0231216129055807,SPIKE
2023-02-04,P0005,W003,25,3.457657032856606,SPIKE
2023-02-04,P0006,W006,19,3.056983730066862,SPIKE
2023-02-04,P0015,W006,16,4.062275634829982,SPIKE
2023-02-04,P0036,W005,25,3.5365490929972228,SPIKE
2023-02-04,P0033,W002,83,3.001764332210964,SPIKE
2023-02-04,P0029,W006,73,3.2373471794089204,SPIKE
2023-02-04,P0017,W005,29,3.879298487921662,SPIKE
2023-02-04,P0059,W005,59,3.0005116863906744,SPIKE
2023-02-04,P0032,W005,57,3.194394940999835,SPIKE
2023-02-04,P0049,W002,47,3.671349344920449,SPIKE
2023-02-04,P0015,W004,45,3.4386549115814167,SPIKE
2023-02-04,P0025,W002,45,4.28533882181006,SPIKE
2023-02-04,P0009,W001,22,3.839252595009995,SPIKE
2023-02-04,P0002,W002,31,3.0486965821058223,SPIKE
2023-02-04,P0012,W006,28,3.214612657373228,SPIKE
2023-02-04,P0059,W004,40,3.654829312523146,SPIKE
2023-02-04,P0021,W002,71,3.0206992936917922,SPIKE
2023-02-04,P0036,W003,43,4.382773283473916,SPIKE
2023-02-04,P0002,W006,43,3.2427500843966697,SPIKE
2023-02-04,P0041,W006,57,3.343334128735343,SPIKE
2023-02-04,P0011,W006,39,3.1082302200552263,SPIKE
2023-02-04,P0047,W001,39,3.1852058654174873,SPIKE
2023-01-29,P0030,W004,17,3.2034558351816793,SPIKE
2023-01-29,P0020,W004,74,3.301477812280103,SPIKE
2023-01-29,P0026,W001,7,3.634054100635984,SPIKE
2023-01-29,P0008,W002,75,3.5671374502236723,SPIKE
2023-01-29,P0033,W004,104,4.72871725914883,SPIKE
2023-01-29,P0012,W003,28,3.172846303058816,SPIKE
2023-01-29,P0048,W004,73,4.2461520488806785,SPIKE
2023-01-29,P0006,W005,29,3.1017823764279115,SPIKE
2023-01-29,P0008,W006,71,3.038377793068217,SPIKE
2023-01-29,P0017,W004,25,3.0507213131014916,SPIKE
2023-01-29,P0052,W006,86,3.241368816800921,SPIKE
2023-01-29,P0024,W003,74,3.8547180560835645,SPIKE
2023-01-29,P0046,W001,33,3.1620219672347263,SPIKE
2023-01-29,P0037,W006,26,3.2077011534419304,SPIKE
2023-01-29,P0002,W005,51,4.279473327998991,SPIKE
2023-01-29,P0035,W001,12,3.0943642536686222,SPIKE
2023-01-29,P0053,W002,24,3.052505128289273,SPIKE
2023-01-28,P0048,W005,96,3.2860418378364336,SPIKE
2023-01-28,P0054,W005,80,4.285067555412283,SPIKE
2023-01-28,P0055,W003,59,3.240761236923967,SPIKE
2023-01-28,P0012,W005,35,3.9817058284359637,SPIKE
2023-01-28,P0051,W006,51,3.4275295396488494,SPIKE
2023-01-28,P0051,W003,80,3.916839891824333,SPIKE
2023-01-28,P0034,W003,12,4.583142310325994,SPIKE
2023-01-28,P0034,W005,21,3.4783729266436803,SPIKE
2023-01-28,P0039,W003,58,4.656213898528767,SPIKE
2023-01-28,P0005,W001,9,3.168353127172149,SPIKE
2023-01-28,P0049,W006,38,3.6004114991154776,SPIKE
2023-01-28,P0011,W003,44,3.366414373773482,SPIKE
2023-01-28,P0058,W004,81,3.2714873679386036,SPIKE
2023-01-28,P0001,W005,19,3.3996219895743116,SPIKE
2023-01-28,P0045,W002,48,3.3708474179921346,SPIKE
2023-01-28,P0050,W001,124,4.699494878761898,SPIKE
2023-01-28,P0057,W005,45,4.207582535691946,SPIKE
2023-01-28,P0034,W006,19,3.022801944381853,SPIKE
2023-01-28,P0050,W003,81,4.034585594068643,SPIKE
2023-01-28,P0026,W002,12,6.706686067578366,SPIKE
2023-01-28,P0042,W006,75,4.145876376785556,SPIKE
2023-01-28,P0053,W004,22,3.019409121735186,SPIKE
2023-01-28,P0004,W006,80,3.1033524507039534,SPIKE
2023-01-28,P0040,W004,65,3.0075669672369054,SPIKE
2023-01-28,P0040,W001,115,4.479843086541634,SPIKE
2023-01-28,P0015,W001,15,4.134169986191506,SPIKE
2023-01-28,P0049,W004,45,3.570006674685857,SPIKE
2023-01-28,P0041,W004,38,4.1374982013143295,SPIKE
2023-01-28,P0019,W006,127,4.220808134655248,SPIKE
2023-01-28,P0036,W002,35,3.8669459561826542,SPIKE
2023-01-28,P0018,W004,13,3.289059160309438,SPIKE
2023-01-28,P0046,W005,46,3.000248651592152,SPIKE
2023-01-28,P0038,W001,38,3.3107410786789315,SPIKE
2023-01-25,P0058,W004,27,-3.536851815499177,DROP
2023-01-22,P0037,W005,32,3.069600785051998,SPIKE
2023-01-22,P0013,W004,112,3.102865106507811,SPIKE
2023-01-22,P0020,W004,71,3.660828992433209,SPIKE
2023-01-22,P0029,W003,95,3.9412389829408796,SPIKE
2023-01-22,P0028,W001,21,3.430414251294422,SPIKE
2023-01-22,P0045,W004,74,3.1541795260776206,SPIKE
2023-01-22,P0048,W001,67,3.432838437671778,SPIKE
2023-01-22,P0001,W006,25,3.8925551453469223,SPIKE
2023-01-22,P0028,W002,13,3.8008619712031018,SPIKE
2023-01-22,P0036,W001,23,3.1486973695743914,SPIKE
2023-01-22,P0028,W005,25,3.3807506474648688,SPIKE
2023-01-22,P0022,W006,16,3.880384401177592,SPIKE
2023-01-22,P0050,W002,72,3.076467729725684,SPIKE
2023-01-22,P0004,W006,79,3.925783204676179,SPIKE
2023-01-22,P0024,W005,74,3.9465743502177184,SPIKE
2023-01-22,P0059,W006,22,3.415525176275453,SPIKE
2023-01-22,P0019,W003,46,3.9949464365311487,SPIKE
2023-01-22,P0024,W003,65,3.197024531797696,SPIKE
2023-01-22,P0040,W006,88,3.630629952088861,SPIKE
2023-01-22,P0034,W004,20,3.7095470114318663,SPIKE
2023-01-22,P0012,W005,31,3.6924379289741918,SPIKE
2023-01-22,P0053,W004,21,3.0431519572594814,SPIKE
2023-01-22,P0049,W002,41,3.770661066569118,SPIKE
2023-01-22,P0047,W005,64,3.478291784897601,SPIKE
2023-01-22,P0039,W004,57,3.0666924381913896,SPIKE
2023-01-22,P0046,W002,63,3.5096359871497746,SPIKE
2023-01-22,P0017,W003,47,3.2129333115523786,SPIKE
2023-01-22,P0041,W001,67,3.2817628017909626,SPIKE
2023-01-21,P0031,W001,139,3.687569841828079,SPIKE
2023-01-21,P0005,W002,14,3.6220250061783026,SPIKE
2023-01-21,P0042,W001,35,3.6978938065676195,SPIKE
2023-01-21,P0043,W003,61,3.1065308105424405,SPIKE
2023-01-21,P0016,W005,26,3.522531872544626,SPIKE
2023-01-21,P0031,W005,162,4.640406721974918,SPIKE
2023-01-21,P0051,W004,74,3.394200063582245,SPIKE
2023-01-21,P0032,W005,54,3.7719967997209793,SPIKE
2023-01-21,P0034,W004,17,3.6185275386702385,SPIKE
2023-01-21,P0034,W006,17,3.2913481435449174,SPIKE
2023-01-21,P0055,W002,62,3.8268832745606014,SPIKE
2023-01-21,P0054,W004,124,4.202403732251118,SPIKE
2023-01-21,P0053,W003,19,3.3245498310218426,SPIKE
2023-01-21,P0004,W005,121,4.437873989445188,SPIKE
2023-01-21,P0014,W002,27,3.4705128174942175,SPIKE
2023-01-21,P0018,W001,28,3.3387249591064814,SPIKE
2023-01-21,P0042,W006,63,3.027719202189692,SPIKE
2023-01-21,P0036,W003,39,4.284886800994049,SPIKE
2023-01-21,P0021,W002,63,3.5590104846123003,SPIKE
2023-01-21,P0034,W003,9,4.5783406390873544,SPIKE
2023-01-21,P0029,W005,113,3.600877424565814,SPIKE
2023-01-21,P0020,W003,86,3.0449178134282593,SPIKE
2023-01-21,P0028,W003,24,3.0899452178116746,SPIKE
2023-01-21,P0005,W003,22,3.056402354594057,SPIKE
2023-01-21,P0034,W005,17,3.3685265623991865,SPIKE
2023-01-21,P0049,W004,40,3.8349452856401567,SPIKE
2023-01-21,P0024,W005,64,3.3958384872397644,SPIKE
2023-01-21,P0051,W005,47,3.7232628526245732,SPIKE
2023-01-21,P0015,W003,29,4.778948196482324,SPIKE
2023-01-21,P0014,W003,43,3.170272396624545,SPIKE
2023-01-21,P0036,W002,29,3.176232914919398,SPIKE
2023-01-21,P0030,W005,24,3.003996873785638,SPIKE
2023-01-21,P0051,W002,30,3.7646257450154117,SPIKE
2023-01-21,P0060,W002,55,3.6410560268281134,SPIKE
2023-01-21,P0053,W001,38,4.2273541314573215,SPIKE
2023-01-21,P0034,W002,12,4.94128201407122,SPIKE
2023-01-21,P0057,W004,114,3.88665640900061,SPIKE
2023-01-21,P0054,W006,107,3.112912151826111,SPIKE
2023-01-21,P0048,W001,63,4.207485311234654,SPIKE
2023-01-21,P0035,W006,18,3.625123510700878,SPIKE
2023-01-20,P0034,W006,16,4.114613123036403,SPIKE
2023-01-20,P0025,W002,35,3.197790840175734,SPIKE
2023-01-18,P0048,W002,47,-3.2443435738940076,DROP
2023-01-17,P0031,W003,82,3.5417569414455214,SPIKE
2023-01-15,P0029,W005,103,4.787796777969325,SPIKE
2023-01-15,P0016,W005,24,3.436624799245738,SPIKE
2023-01-15,P0058,W006,86,3.682534902841513,SPIKE
2023-01-15,P0060,W002,49,3.6401066297965072,SPIKE
2023-01-15,P0054,W002,115,3.6682886484859667,SPIKE
2023-01-15,P0032,W005,49,4.604554601361903,SPIKE
2023-01-15,P0035,W004,16,3.5973602470180817,SPIKE
2023-01-15,P0005,W005,13,3.261876298115525,SPIKE
2023-01-15,P0040,W003,39,3.433076460845868,SPIKE
2023-01-15,P0010,W005,138,4.082650775641873,SPIKE
2023-01-15,P0051,W005,39,3.619267332751933,SPIKE
2023-01-15,P0032,W003,29,3.543581725389834,SPIKE
2023-01-15,P0030,W003,32,3.8831891164086487,SPIKE
2023-01-15,P0028,W001,17,3.206515609510035,SPIKE
2023-01-15,P0057,W003,50,3.4759447321299457,SPIKE
2023-01-15,P0052,W006,85,3.95902480311047,SPIKE
2023-01-15,P0038,W003,47,3.1752891288206535,SPIKE
2023-01-15,P0011,W001,18,3.3678226199388908,SPIKE
2023-01-15,P0003,W001,31,3.2001412655658044,SPIKE
2023-01-15,P0015,W002,30,3.962075351295762,SPIKE
2023-01-15,P0041,W005,40,3.167056777385293,SPIKE
2023-01-15,P0028,W005,23,4.10893838963622,SPIKE
2023-01-15,P0034,W006,12,3.0875241585879536,SPIKE
2023-01-15,P0009,W003,34,3.072549338995135,SPIKE
2023-01-15,P0057,W004,100,3.4989045361177933,SPIKE
2023-01-15,P0019,W006,100,3.141752169380068,SPIKE
2023-01-15,P0043,W006,29,3.007950890219559,SPIKE
2023-01-15,P0008,W005,43,3.535843222533525,SPIKE
2023-01-15,P0042,W005,55,3.223291856101522,SPIKE
2023-01-15,P0018,W002,12,3.1240758483416133,SPIKE
2023-01-15,P0023,W003,43,3.8174369302278386,SPIKE
2023-01-15,P0010,W006,138,3.2707335103254698,SPIKE
2023-01-14,P0025,W003,65,3.270990785923123,SPIKE
2023-01-14,P0013,W003,77,3.5889228803492115,SPIKE
2023-01-14,P0060,W005,57,3.5671092186146995,SPIKE
2023-01-14,P0046,W002,52,4.136312469052474,SPIKE
2023-01-14,P0010,W004,101,4.008075664468079,SPIKE
2023-01-14,P0048,W003,56,4.03430249396089,SPIKE
2023-01-14,P0020,W004,65,3.686227755463867,SPIKE
2023-01-14,P0010,W001,129,3.286639036027999,SPIKE
2023-01-14,P0026,W003,15,3.805697483160391,SPIKE
2023-01-14,P0045,W006,86,3.0357128912445273,SPIKE
2023-01-14,P0039,W001,72,3.255762485803458,SPIKE
2023-01-14,P0039,W004,53,5.309956423024894,SPIKE
2023-01-14,P0031,W003,72,4.0288593071827625,SPIKE
2023-01-14,P0003,W003,12,3.219531738527299,SPIKE
2023-01-14,P0037,W006,22,3.593610038331886,SPIKE
2023-01-14,P0056,W001,52,4.778264412926266,SPIKE
2023-01-14,P0010,W002,57,4.164391535716243,SPIKE
2023-01-14,P0060,W003,53,5.594202853509942,SPIKE
2023-01-14,P0032,W001,31,3.2362995735904425,SPIKE
2023-01-14,P0002,W005,39,3.208734848204825,SPIKE
2023-01-14,P0053,W006,39,3.3240197266046936,SPIKE
2023-01-14,P0004,W002,107,3.385855574347999,SPIKE
2023-01-14,P0038,W002,36,3.0204758171082426,SPIKE
2023-01-14,P0047,W006,23,4.185789451624786,SPIKE
2023-01-14,P0007,W005,27,4.003550928680145,SPIKE
2023-01-14,P0014,W005,57,4.228823474310392,SPIKE
2023-01-14,P0037,W002,59,3.813604377612743,SPIKE
2023-01-14,P0004,W006,62,3.089013285134932,SPIKE
2023-01-14,P0030,W002,39,3.6814953682302676,SPIKE
2023-01-14,P0038,W001,33,3.168583188295336,SPIKE
2023-01-14,P0059,W004,31,3.4734790298677836,SPIKE
2023-01-14,P0017,W003,43,4.698812235550367,SPIKE
2023-01-14,P0031,W002,107,3.0907523161257653,SPIKE
2023-01-14,P0060,W006,74,3.5934093804150304,SPIKE
2023-01-14,P0045,W004,68,4.008785819270263,SPIKE
2023-01-14,P0033,W001,44,4.641007933101222,SPIKE
2023-01-14,P0036,W006,57,3.761439245402003,SPIKE
2023-01-14,P0046,W001,30,3.656310469292022,SPIKE
2023-01-14,P0025,W006,38,4.434851930627036,SPIKE
2023-01-14,P0036,W001,21,3.483152730096181,SPIKE
2023-01-14,P0038,W006,53,3.274103959709818,SPIKE
2023-01-14,P0052,W006,71,3.444078988355196,SPIKE
2023-01-13,P0010,W006,107,3.828951121699357,SPIKE
2023-01-13,P0010,W004,82,4.3968175970035475,SPIKE
2023-01-13,P0018,W001,9,-4.429269920279063,DROP
2023-01-12,P0059,W003,10,-3.501482165953522,DROP
2023-01-12,P0057,W004,83,3.300345936125068,SPIKE
2023-01-10,P0018,W002,5,-3.744654309470487,DROP
2023-01-10,P0010,W006,30,-4.258917231103458,DROP
2023-01-09,P0044,W002,5,-3.268228676411533,DROP
2023-01-09,P0029,W005,55,-3.1273696672242957,DROP
2023-01-09,P0015,W004,14,-4.9506760928706015,DROP
2023-01-09,P0028,W001,14,3.4804375268278074,SPIKE
2023-01-09,P0016,W006,9,-4.0,DROP
2023-01-09,P0033,W001,33,3.4543206028201374,SPIKE
2023-01-09,P0037,W006,11,-3.4804375268278074,DROP
2023-01-08,P0012,W001,29,4.412332726516151,SPIKE
2023-01-08,P0057,W005,34,3.033899381084589,SPIKE
2023-01-08,P0027,W002,24,3.3210558207753578,SPIKE
2023-01-08,P0043,W003,49,3.162277660168379,SPIKE
2023-01-08,P0047,W003,20,3.9901193756050644,SPIKE
2023-01-08,P0055,W002,48,3.14339822182179,SPIKE
2023-01-08,P0050,W006,82,4.2378968976300655,SPIKE
2023-01-08,P0032,W005,40,3.806934938134404,SPIKE
2023-01-08,P0052,W001,60,3.2731467136597443,SPIKE
2023-01-08,P0044,W006,10,7.756717518813398,SPIKE
2023-01-08,P0027,W005,30,3.3709993123162105,SPIKE
2023-01-08,P0059,W006,20,5.590169943749475,SPIKE
2023-01-08,P0015,W005,16,4.189425026335004,SPIKE
2023-01-08,P0014,W001,37,12.655697004379752,SPIKE
2023-01-08,P0041,W006,44,3.0338993810845887,SPIKE
2023-01-08,P0002,W003,37,3.0056485662556773,SPIKE
2023-01-08,P0018,W002,10,5.307227776030219,SPIKE
2023-01-08,P0040,W004,53,6.780635036208105,SPIKE
2023-01-08,P0045,W001,83,7.850689990907382,SPIKE
2023-01-08,P0028,W002,10,4.472135954999579,SPIKE
2023-01-08,P0019,W001,78,4.031367029047078,SPIKE
2023-01-08,P0025,W003,61,3.63514589999985,SPIKE
2023-01-08,P0014,W006,22,3.045547950507522,SPIKE
2023-01-08,P0006,W001,15,4.419561100969557,SPIKE
2023-01-08,P0049,W003,54,3.4923587903942983,SPIKE
2023-01-08,P0024,W002,45,3.5982154565207343,SPIKE
2023-01-08,P0035,W002,9,4.564354645876384,SPIKE
2023-01-08,P0017,W004,22,3.0877011359723188,SPIKE
2023-01-08,P0014,W004,46,3.021079449250838,SPIKE
2023-01-08,P0032,W004,50,3.8978846151428996,SPIKE
2023-01-08,P0032,W003,24,3.0877011359723188,SPIKE
2023-01-08,P0019,W002,63,3.9139684383206537,SPIKE
2023-01-08,P0046,W002,44,4.260989130330458,SPIKE
2023-01-08,P0045,W003,42,3.5502347340234652,SPIKE
2023-01-08,P0054,W005,69,4.68024034655694,SPIKE
2023-01-08,P0060,W003,42,3.636381503672511,SPIKE
2023-01-08,P0030,W001,16,4.564354645876383,SPIKE
2023-01-08,P0014,W003,38,6.028035277130152,SPIKE
2023-01-08,P0049,W006,27,3.3608599402465145,SPIKE
2023-01-08,P0030,W005,24,3.903600291794133,SPIKE
2023-01-08,P0035,W003,14,3.2646431254950525,SPIKE
2023-01-08,P0034,W004,12,3.265986323710904,SPIKE
2023-01-08,P0004,W005,102,3.6445372880337494,SPIKE
2023-01-08,P0036,W006,47,3.3156582670096966,SPIKE
2023-01-08,P0010,W002,42,7.071067811865475,SPIKE
2023-01-08,P0054,W006,106,5.218183984123031,SPIKE
2023-01-08,P0050,W004,88,3.434710325928735,SPIKE
2023-01-08,P0045,W005,93,3.408816163705949,SPIKE
2023-01-08,P0006,W002,19,3.5802726236873488,SPIKE
2023-01-08,P0037,W004,51,3.0447110467253906,SPIKE
2023-01-08,P0013,W005,42,5.09672653943665,SPIKE
2023-01-08,P0042,W001,32,6.086976429335178,SPIKE
2023-01-08,P0007,W006,15,4.51848057057532,SPIKE
2023-01-08,P0049,W002,37,6.26962328219399,SPIKE
2023-01-08,P0055,W001,91,3.5925849560819954,SPIKE
2023-01-08,P0038,W006,49,6.226220585942175,SPIKE
2023-01-08,P0008,W002,61,3.491325980808434,SPIKE
2023-01-07,P0031,W004,74,3.2201339600495804,SPIKE
2023-01-07,P0003,W006,24,3.479096087928745,SPIKE
2023-01-07,P0053,W005,16,3.2659863237109046,SPIKE
2023-01-07,P0056,W004,27,3.315449862719657,SPIKE
2023-01-07,P0047,W002,37,12.000757551845709,SPIKE
2023-01-07,P0031,W002,98,9.799366622741315,SPIKE
2023-01-07,P0048,W004,55,4.313310928137536,SPIKE
2023-01-07,P0030,W006,29,3.0152764204782114,SPIKE
2023-01-07,P0012,W003,27,7.823042886243178,SPIKE
2023-01-07,P0031,W001,87,3.6511215329093982,SPIKE
2023-01-07,P0010,W003,116,13.292443383174165,SPIKE
2023-01-07,P0001,W002,48,6.490229342872017,SPIKE
2023-01-07,P0048,W005,72,5.122628457544973,SPIKE
2023-01-07,P0021,W001,52,3.515245464067302,SPIKE
2023-01-07,P0024,W006,81,5.874112256775044,SPIKE
2023-01-07,P0027,W001,15,3.221252953158955,SPIKE
2023-01-07,P0036,W005,18,4.448396935314748,SPIKE
2023-01-07,P0048,W003,45,5.879747322073337,SPIKE
2023-01-07,P0060,W002,42,5.403702434442519,SPIKE
2023-01-07,P0053,W002,21,8.127554543473877,SPIKE
2023-01-07,P0021,W002,47,4.583939353874569,SPIKE
2023-01-07,P0023,W001,71,3.1033075437622455,SPIKE
2023-01-07,P0060,W001,47,7.992449266840478,SPIKE
2023-01-07,P0049,W001,68,14.206980603644823,SPIKE
2023-01-07,P0008,W005,33,3.381611171859807,SPIKE
2023-01-07,P0016,W006,21,4.38178046004133,SPIKE
2023-01-07,P0060,W003,37,3.6925306510164067,SPIKE
2023-01-07,P0039,W004,42,7.0,SPIKE
2023-01-07,P0043,W004,43,5.585696017507576,SPIKE
2023-01-07,P0019,W005,62,3.24044635981487,SPIKE
2023-01-07,P0053,W003,15,3.8590552849509288,SPIKE
2023-01-07,P0058,W005,72,8.39767751549921,SPIKE
2023-01-07,P0041,W005,34,3.505839284808859,SPIKE
2023-01-07,P0007,W001,15,4.448396935314749,SPIKE
2023-01-07,P0045,W006,78,3.272063345578314,SPIKE
2023-01-07,P0033,W004,69,3.3965182667455713,SPIKE
2023-01-07,P0007,W002,34,3.771523597155722,SPIKE
2023-01-07,P0034,W005,13,3.16461922114096,SPIKE
2023-01-07,P0050,W005,55,4.589445903225153,SPIKE
2023-01-07,P0024,W001,39,3.0224386073393013,SPIKE
2023-01-07,P0033,W003,60,4.024922359499621,SPIKE
2023-01-07,P0042,W002,52,7.962105371773192,SPIKE
2023-01-07,P0050,W004,74,6.42561246693428,SPIKE
2023-01-07,P0028,W005,19,3.086354061890638,SPIKE
2023-01-07,P0033,W002,67,4.0749730557888855,SPIKE
2023-01-07,P0055,W005,100,5.612514542414826,SPIKE
2023-01-07,P0034,W006,10,4.746928831711438,SPIKE
2023-01-07,P0038,W004,37,5.497568172742697,SPIKE
2023-01-07,P0033,W001,30,3.221252953158955,SPIKE
2023-01-07,P0025,W002,31,3.426322013425263,SPIKE
2023-01-07,P0006,W003,22,5.258758927213289,SPIKE
2023-01-07,P0055,W004,73,7.51319641036702,SPIKE
2023-01-07,P0057,W006,74,8.849112730466533,SPIKE
2023-01-07,P0057,W002,55,5.133719919697971,SPIKE
2023-01-07,P0026,W005,9,4.242640687119286,SPIKE
2023-01-07,P0040,W002,39,4.242640687119285,SPIKE
2023-01-07,P0011,W006,31,8.244345381486074,SPIKE
2023-01-07,P0040,W006,69,3.7828912434401034,SPIKE
2023-01-07,P0018,W004,12,6.215188768538847,SPIKE
2023-01-07,P0051,W001,48,3.0297726291423817,SPIKE
2023-01-07,P0056,W005,53,3.268049021102978,SPIKE
2023-01-07,P0026,W004,4,-4.38178046004133,DROP
2023-01-07,P0045,W004,56,3.1993019543212644,SPIKE
2023-01-07,P0034,W002,7,4.746928831711438,SPIKE
2023-01-07,P0047,W001,37,4.49694967627807,SPIKE
2023-01-07,P0005,W003,17,3.5606545563372496,SPIKE
2023-01-07,P0038,W001,27,4.055026910298284,SPIKE
2023-01-07,P0018,W003,15,4.0,SPIKE
2023-01-07,P0056,W003,21,4.220035029733038,SPIKE
2023-01-07,P0022,W001,15,4.919349550499537,SPIKE
2023-01-07,P0029,W002,71,4.7656337631677825,SPIKE
2023-01-07,P0042,W003,42,17.68938341814903,SPIKE
2023-01-07,P0022,W002,16,4.351911124412195,SPIKE
2023-01-07,P0057,W001,89,8.537524254041651,SPIKE
2023-01-07,P0034,W003,6,4.381780460041329,SPIKE
2023-01-07,P0047,W005,51,10.055590167514847,SPIKE
2023-01-07,P0015,W004,28,8.033264176742433,SPIKE
2023-01-07,P0050,W003,65,4.209878492673741,SPIKE
2023-01-07,P0002,W003,32,3.4112114616897666,SPIKE
2023-01-07,P0058,W001,96,7.548294124240689,SPIKE
2023-01-07,P0017,W006,27,3.2505159065195457,SPIKE
2023-01-07,P0026,W006,13,3.03315017762062,SPIKE
2023-01-07,P0022,W005,16,6.572670690061995,SPIKE
2023-01-07,P0020,W002,47,3.2831307266724927,SPIKE
2023-01-07,P0052,W001,50,3.2304285768004393,SPIKE
2023-01-07,P0030,W003,24,3.5351516653882475,SPIKE
2023-01-07,P0043,W003,42,6.440940481460318,SPIKE
2023-01-07,P0059,W003,22,3.692530651016408,SPIKE
2023-01-07,P0046,W003,43,3.400181389305019,SPIKE
2023-01-07,P0031,W006,51,3.3466401061363023,SPIKE
2023-01-07,P0019,W003,36,5.614652645028394,SPIKE
2023-01-07,P0044,W003,15,9.859006035092994,SPIKE
2023-01-07,P0016,W003,16,3.9882179420063255,SPIKE
2023-01-07,P0021,W004,31,4.942476117842007,SPIKE
2023-01-07,P0031,W005,96,3.0653952509738014,SPIKE
2023-01-07,P0022,W006,13,6.037383539249432,SPIKE
2023-01-07,P0013,W001,41,3.2118202741878643,SPIKE
2023-01-07,P0019,W004,104,3.250515906519546,SPIKE
2023-01-07,P0017,W005,22,4.924696090008739,SPIKE
2023-01-07,P0059,W002,37,4.584559064750048,SPIKE
2023-01-07,P0020,W006,100,4.988933622474715,SPIKE
2023-01-07,P0044,W004,10,3.8013155617496435,SPIKE
2023-01-07,P0032,W004,38,3.022409527114666,SPIKE
2023-01-07,P0008,W004,31,3.5341650471709953,SPIKE
2023-01-07,P0020,W003,66,3.838579669298401,SPIKE
2023-01-07,P0058,W002,102,6.231252660518787,SPIKE
2023-01-07,P0013,W006,36,3.2216751467901106,SPIKE
2023-01-07,P0015,W006,13,6.207522318391883,SPIKE
2023-01-07,P0043,W001,49,4.489855398353863,SPIKE
2023-01-07,P0047,W003,17,4.242640687119286,SPIKE
2023-01-07,P0044,W005,15,5.7885829274263925,SPIKE
2023-01-07,P0035,W003,12,4.242640687119284,SPIKE
2023-01-07,P0039,W001,66,3.942628862107407,SPIKE
2023-01-07,P0007,W004,44,7.426539461424347,SPIKE
2023-01-07,P0008,W003,36,3.8903447930351427,SPIKE
2023-01-07,P0019,W002,51,7.3870441350131095,SPIKE
2023-01-07,P0030,W001,13,4.381780460041329,SPIKE
2023-01-07,P0054,W005,52,4.333333333333333,SPIKE
2023-01-07,P0005,W006,13,3.279566366999692,SPIKE
2023-01-07,P0002,W004,37,7.424683557292252,SPIKE
2023-01-07,P0059,W001,47,5.903232008666789,SPIKE
2023-01-07,P0050,W006,67,3.265986323710904,SPIKE
