month,product_id,warehouse_id,actual_demand,predicted_demand
2023-01-31,P0001,W001,375,375.7628
2023-01-31,P0001,W002,906,918.10004
2023-01-31,P0001,W003,421,412.99472
2023-01-31,P0001,W004,793,780.7005
2023-01-31,P0001,W005,376,385.24658
2023-01-31,P0001,W006,483,480.8609
2023-01-31,P0002,W001,960,962.3158
2023-01-31,P0002,W002,603,607.4961
2023-01-31,P0002,W003,808,826.6972
2023-01-31,P0002,W004,878,888.7343
2023-01-31,P0002,W005,825,838.29504
2023-01-31,P0002,W006,893,921.41266
2023-01-31,P0003,W001,613,636.46655
2023-01-31,P0003,W002,537,534.8894
2023-01-31,P0003,W003,281,286.9336
2023-01-31,P0003,W004,556,568.08826
2023-01-31,P0003,W005,566,565.942
2023-01-31,P0003,W006,559,547.0506
2023-01-31,P0004,W001,1021,1058.329
2023-01-31,P0004,W002,2020,1990.5896
2023-01-31,P0004,W003,1707,1678.079
2023-01-31,P0004,W004,1621,1624.5171
2023-01-31,P0004,W005,2194,2190.4126
2023-01-31,P0004,W006,1383,1311.9095
2023-01-31,P0005,W001,176,180.8963
2023-01-31,P0005,W002,301,294.63315
2023-01-31,P0005,W003,453,438.53223
2023-01-31,P0005,W004,454,449.8988
2023-01-31,P0005,W005,265,269.69748
2023-01-31,P0005,W006,304,300.12186
2023-01-31,P0006,W001,337,337.16748
2023-01-31,P0006,W002,461,450.13376
2023-01-31,P0006,W003,495,499.3104
2023-01-31,P0006,W004,252,254.61047
2023-01-31,P0006,W005,551,543.07135
2023-01-31,P0006,W006,385,390.55112
2023-01-31,P0007,W001,331,333.92105
2023-01-31,P0007,W002,857,845.6817
2023-01-31,P0007,W003,395,396.46597
2023-01-31,P0007,W004,926,969.1397
2023-01-31,P0007,W005,593,599.7562
2023-01-31,P0007,W006,337,345.47382
2023-01-31,P0008,W001,693,686.33325
2023-01-31,P0008,W002,1453,1485.1447
2023-01-31,P0008,W003,845,854.0824
2023-01-31,P0008,W004,787,821.0067
2023-01-31,P0008,W005,839,814.9026
2023-01-31,P0008,W006,1486,1480.4738
2023-01-31,P0009,W001,352,353.33148
2023-01-31,P0009,W002,513,516.86676
2023-01-31,P0009,W003,720,717.8807
2023-01-31,P0009,W004,708,747.80164
2023-01-31,P0009,W005,972,944.83234
2023-01-31,P0009,W006,437,442.0241
2023-01-31,P0010,W001,2335,2322.3613
2023-01-31,P0010,W002,1122,1184.9023
2023-01-31,P0010,W003,2451,2437.9902
2023-01-31,P0010,W004,1584,1610.8453
2023-01-31,P0010,W005,2031,2066.991
2023-01-31,P0010,W006,2099,2162.276
2023-01-31,P0011,W001,405,392.79474
2023-01-31,P0011,W002,382,377.15555
2023-01-31,P0011,W003,825,821.2738
2023-01-31,P0011,W004,390,388.76346
2023-01-31,P0011,W005,359,349.97226
2023-01-31,P0011,W006,761,765.55927
2023-01-31,P0012,W001,643,626.848
2023-01-31,P0012,W002,666,672.0275
2023-01-31,P0012,W003,529,532.6953
2023-01-31,P0012,W004,622,615.9149
2023-01-31,P0012,W005,603,607.78827
2023-01-31,P0012,W006,544,544.4736
2023-01-31,P0013,W001,941,996.37244
2023-01-31,P0013,W002,1722,1781.6748
2023-01-31,P0013,W003,1456,1468.7864
2023-01-31,P0013,W004,2195,2168.0767
2023-01-31,P0013,W005,1020,998.80505
2023-01-31,P0013,W006,816,837.4539
2023-01-31,P0014,W001,762,763.69763
2023-01-31,P0014,W002,555,544.50903
2023-01-31,P0014,W003,892,893.8497
2023-01-31,P0014,W004,1028,1083.6014
2023-01-31,P0014,W005,1164,1237.0073
2023-01-31,P0014,W006,524,544.2679
2023-01-31,P0015,W001,269,266.10822
2023-01-31,P0015,W002,616,612.08636
2023-01-31,P0015,W003,613,638.08997
2023-01-31,P0015,W004,792,787.73346
2023-01-31,P0015,W005,327,329.9514
2023-01-31,P0015,W006,302,308.11652
2023-01-31,P0016,W001,447,454.3187
2023-01-31,P0016,W002,322,329.44052
2023-01-31,P0016,W003,335,342.87033
2023-01-31,P0016,W004,498,508.99637
2023-01-31,P0016,W005,488,494.65637
2023-01-31,P0016,W006,491,510.19754
2023-01-31,P0017,W001,384,394.008
2023-01-31,P0017,W002,1015,1016.91785
2023-01-31,P0017,W003,877,861.2798
2023-01-31,P0017,W004,495,505.91452
2023-01-31,P0017,W005,464,454.4835
2023-01-31,P0017,W006,579,562.95233
2023-01-31,P0018,W001,548,559.86163
2023-01-31,P0018,W002,268,269.18948
2023-01-31,P0018,W003,334,337.65082
2023-01-31,P0018,W004,241,239.20312
2023-01-31,P0018,W005,525,537.37946
2023-01-31,P0018,W006,326,326.97595
2023-01-31,P0019,W001,1468,1526.4708
2023-01-31,P0019,W002,1232,1256.9465
2023-01-31,P0019,W003,905,891.4032
2023-01-31,P0019,W004,2391,2346.3162
2023-01-31,P0019,W005,1490,1568.4291
2023-01-31,P0019,W006,2145,2081.6997
2023-01-31,P0020,W001,1234,1294.7214
2023-01-31,P0020,W002,1184,1192.9407
2023-01-31,P0020,W003,1743,1662.836
2023-01-31,P0020,W004,1296,1284.0553
2023-01-31,P0020,W005,1591,1595.7528
2023-01-31,P0020,W006,2055,2101.774
2023-01-31,P0021,W001,1164,1196.1484
2023-01-31,P0021,W002,1333,1337.5927
2023-01-31,P0021,W003,740,747.01196
2023-01-31,P0021,W004,692,727.7499
2023-01-31,P0021,W005,1035,1041.4733
2023-01-31,P0021,W006,1094,1047.2749
2023-01-31,P0022,W001,350,356.69296
2023-01-31,P0022,W002,325,330.1646
2023-01-31,P0022,W003,297,308.0119
2023-01-31,P0022,W004,260,271.61212
2023-01-31,P0022,W005,322,319.06448
2023-01-31,P0022,W006,294,282.2852
2023-01-31,P0023,W001,1625,1684.3464
2023-01-31,P0023,W002,2216,2214.7546
2023-01-31,P0023,W003,848,860.1767
2023-01-31,P0023,W004,1850,1848.1621
2023-01-31,P0023,W005,1420,1427.3934
2023-01-31,P0023,W006,1779,1797.8859
2023-01-31,P0024,W001,974,996.9541
2023-01-31,P0024,W002,1033,1055.0225
2023-01-31,P0024,W003,1458,1474.976
2023-01-31,P0024,W004,2095,2115.1104
2023-01-31,P0024,W005,1419,1427.112
2023-01-31,P0024,W006,1815,1776.6405
2023-01-31,P0025,W001,670,667.96655
2023-01-31,P0025,W002,801,778.19934
2023-01-31,P0025,W003,1421,1424.4437
2023-01-31,P0025,W004,1572,1552.8677
2023-01-31,P0025,W005,1705,1675.8561
2023-01-31,P0025,W006,690,681.749
2023-01-31,P0026,W001,133,141.57838
2023-01-31,P0026,W002,206,202.17145
2023-01-31,P0026,W003,280,280.0918
2023-01-31,P0026,W004,198,199.86452
2023-01-31,P0026,W005,206,210.23915
2023-01-31,P0026,W006,298,299.93243
2023-01-31,P0027,W001,373,358.70465
2023-01-31,P0027,W002,505,526.474
2023-01-31,P0027,W003,682,659.1822
2023-01-31,P0027,W004,528,531.3065
2023-01-31,P0027,W005,690,680.45685
2023-01-31,P0027,W006,805,798.79974
2023-01-31,P0028,W001,369,357.0124
2023-01-31,P0028,W002,219,213.36147
2023-01-31,P0028,W003,443,429.8557
2023-01-31,P0028,W004,387,394.8617
2023-01-31,P0028,W005,445,444.9016
2023-01-31,P0028,W006,311,312.92575
2023-01-31,P0029,W001,1139,1132.9861
2023-01-31,P0029,W002,1409,1372.2651
2023-01-31,P0029,W003,1626,1601.3766
2023-01-31,P0029,W004,1109,1109.0767
2023-01-31,P0029,W005,2230,2213.6797
2023-01-31,P0029,W006,1440,1474.3915
2023-01-31,P0030,W001,392,380.92853
2023-01-31,P0030,W002,852,852.4297
2023-01-31,P0030,W003,613,621.84644
2023-01-31,P0030,W004,348,355.17657
2023-01-31,P0030,W005,430,430.47226
2023-01-31,P0030,W006,772,801.7856
2023-01-31,P0031,W001,2222,2202.5476
2023-01-31,P0031,W002,2116,2107.267
2023-01-31,P0031,W003,1625,1692.5206
2023-01-31,P0031,W004,1641,1680.2812
2023-01-31,P0031,W005,2428,2449.0657
2023-01-31,P0031,W006,1268,1340.6586
2023-01-31,P0032,W001,648,649.3753
2023-01-31,P0032,W002,966,978.6009
2023-01-31,P0032,W003,601,574.344
2023-01-31,P0032,W004,1012,994.28925
2023-01-31,P0032,W005,1031,1064.6575
2023-01-31,P0032,W006,519,503.00772
2023-01-31,P0033,W001,848,874.93304
2023-01-31,P0033,W002,1737,1716.7498
2023-01-31,P0033,W003,1472,1479.8364
2023-01-31,P0033,W004,1668,1657.4567
2023-01-31,P0033,W005,1412,1418.8124
2023-01-31,P0033,W006,1862,1899.4175
2023-01-31,P0034,W001,456,470.43655
2023-01-31,P0034,W002,189,193.48174
2023-01-31,P0034,W003,161,162.85562
2023-01-31,P0034,W004,294,293.09662
2023-01-31,P0034,W005,341,345.1556
2023-01-31,P0034,W006,320,318.56412
2023-01-31,P0035,W001,248,246.37946
2023-01-31,P0035,W002,219,221.08101
2023-01-31,P0035,W003,309,303.04242
2023-01-31,P0035,W004,321,326.46848
2023-01-31,P0035,W005,191,192.46489
2023-01-31,P0035,W006,411,391.47333
2023-01-31,P0036,W001,451,444.36896
2023-01-31,P0036,W002,602,592.11914
2023-01-31,P0036,W003,728,730.6684
2023-01-31,P0036,W004,1128,1138.9546
2023-01-31,P0036,W005,449,445.36432
2023-01-31,P0036,W006,1073,1063.8234
2023-01-31,P0037,W001,1250,1230.6771
2023-01-31,P0037,W002,1287,1244.8046
2023-01-31,P0037,W003,1005,1031.7435
2023-01-31,P0037,W004,1145,1141.0465
2023-01-31,P0037,W005,675,665.2231
2023-01-31,P0037,W006,501,503.95862
2023-01-31,P0038,W001,698,665.09515
2023-01-31,P0038,W002,853,864.18256
2023-01-31,P0038,W003,963,949.91187
2023-01-31,P0038,W004,787,833.7274
2023-01-31,P0038,W005,939,932.5966
2023-01-31,P0038,W006,1126,1114.4677
2023-01-31,P0039,W001,1495,1558.0149
2023-01-31,P0039,W002,1164,1173.0
2023-01-31,P0039,W003,1088,1088.6733
2023-01-31,P0039,W004,1199,1222.7686
2023-01-31,P0039,W005,1797,1877.9493
2023-01-31,P0039,W006,1300,1286.4868
2023-01-31,P0040,W001,2025,2047.7175
2023-01-31,P0040,W002,921,946.3085
2023-01-31,P0040,W003,877,903.90186
2023-01-31,P0040,W004,1245,1255.386
2023-01-31,P0040,W005,1506,1514.2393
2023-01-31,P0040,W006,1691,1746.7073
2023-01-31,P0041,W001,1336,1306.3381
2023-01-31,P0041,W002,1178,1193.6567
2023-01-31,P0041,W003,858,882.93774
2023-01-31,P0041,W004,683,726.25574
2023-01-31,P0041,W005,853,869.18695
2023-01-31,P0041,W006,1165,1178.1621
2023-01-31,P0042,W001,671,678.4882
2023-01-31,P0042,W002,996,1042.2662
2023-01-31,P0042,W003,959,984.7099
2023-01-31,P0042,W004,1266,1292.2571
2023-01-31,P0042,W005,1170,1163.9622
2023-01-31,P0042,W006,1415,1433.3949
2023-01-31,P0043,W001,962,961.77374
2023-01-31,P0043,W002,1301,1296.2004
2023-01-31,P0043,W003,1187,1131.1091
2023-01-31,P0043,W004,999,999.18085
2023-01-31,P0043,W005,898,892.6379
2023-01-31,P0043,W006,728,723.8793
2023-01-31,P0044,W001,327,327.42902
2023-01-31,P0044,W002,217,217.25072
2023-01-31,P0044,W003,311,318.45108
2023-01-31,P0044,W004,239,246.14616
2023-01-31,P0044,W005,352,344.15265
2023-01-31,P0044,W006,224,229.45438
2023-01-31,P0045,W001,2051,2053.1047
2023-01-31,P0045,W002,905,916.5401
2023-01-31,P0045,W003,918,899.86786
2023-01-31,P0045,W004,1459,1427.16
2023-01-31,P0045,W005,1986,1971.478
2023-01-31,P0045,W006,1772,1776.9141
2023-01-31,P0046,W001,645,643.6576
2023-01-31,P0046,W002,1192,1141.4355
2023-01-31,P0046,W003,1002,993.727
2023-01-31,P0046,W004,588,600.9242
2023-01-31,P0046,W005,926,954.8487
2023-01-31,P0046,W006,795,793.56964
2023-01-31,P0047,W001,713,726.35394
2023-01-31,P0047,W002,673,674.62823
2023-01-31,P0047,W003,460,478.8816
2023-01-31,P0047,W004,942,944.41895
2023-01-31,P0047,W005,1177,1145.8213
2023-01-31,P0047,W006,445,440.99017
2023-01-31,P0048,W001,1188,1215.0914
2023-01-31,P0048,W002,2431,2408.269
2023-01-31,P0048,W003,1144,1163.5725
2023-01-31,P0048,W004,1239,1236.7515
2023-01-31,P0048,W005,1830,1791.8115
2023-01-31,P0048,W006,1357,1370.036
2023-01-31,P0049,W001,1277,1292.2928
2023-01-31,P0049,W002,740,739.57336
2023-01-31,P0049,W003,1086,1074.8182
2023-01-31,P0049,W004,822,806.85443
2023-01-31,P0049,W005,834,834.214
2023-01-31,P0049,W006,744,740.5738
2023-01-31,P0050,W001,2305,2254.585
2023-01-31,P0050,W002,1363,1348.8816
2023-01-31,P0050,W003,1438,1418.7971
2023-01-31,P0050,W004,1935,1905.3556
2023-01-31,P0050,W005,1117,1092.2854
2023-01-31,P0050,W006,1769,1792.4916
2023-01-31,P0051,W001,1017,1064.2534
2023-01-31,P0051,W002,590,604.4337
2023-01-31,P0051,W003,1532,1461.8955
2023-01-31,P0051,W004,1518,1532.09
2023-01-31,P0051,W005,860,865.05664
2023-01-31,P0051,W006,1000,1032.2522
2023-01-31,P0052,W001,1259,1307.3423
2023-01-31,P0052,W002,1397,1413.188
2023-01-31,P0052,W003,1198,1203.4408
2023-01-31,P0052,W004,1443,1491.5303
2023-01-31,P0052,W005,698,708.3571
2023-01-31,P0052,W006,1615,1608.833
2023-01-31,P0053,W001,661,669.8795
2023-01-31,P0053,W002,469,472.19513
2023-01-31,P0053,W003,366,380.7599
2023-01-31,P0053,W004,427,405.59274
2023-01-31,P0053,W005,374,390.70596
2023-01-31,P0053,W006,772,756.91016
2023-01-31,P0054,W001,1362,1329.471
2023-01-31,P0054,W002,2449,2426.818
2023-01-31,P0054,W003,824,850.1397
2023-01-31,P0054,W004,2362,2405.0615
2023-01-31,P0054,W005,1430,1445.1829
2023-01-31,P0054,W006,2322,2321.8838
2023-01-31,P0055,W001,1877,1906.6161
2023-01-31,P0055,W002,1198,1198.0433
2023-01-31,P0055,W003,1112,1151.0107
2023-01-31,P0055,W004,1719,1685.5132
2023-01-31,P0055,W005,2169,2211.7285
2023-01-31,P0055,W006,1449,1457.7257
2023-01-31,P0056,W001,975,972.8373
2023-01-31,P0056,W002,829,825.0027
2023-01-31,P0056,W003,461,483.61682
2023-01-31,P0056,W004,627,617.77124
2023-01-31,P0056,W005,1294,1226.1373
2023-01-31,P0056,W006,635,642.5237
2023-01-31,P0057,W001,2138,2149.379
2023-01-31,P0057,W002,1160,1168.804
2023-01-31,P0057,W003,953,963.31036
2023-01-31,P0057,W004,2136,2097.1272
2023-01-31,P0057,W005,842,835.75073
2023-01-31,P0057,W006,1490,1549.7391
2023-01-31,P0058,W001,1984,1962.2286
2023-01-31,P0058,W002,2077,2016.6157
2023-01-31,P0058,W003,1077,1077.3887
2023-01-31,P0058,W004,1588,1618.048
2023-01-31,P0058,W005,1376,1389.9126
2023-01-31,P0058,W006,1664,1677.2357
2023-01-31,P0059,W001,951,951.4051
2023-01-31,P0059,W002,795,794.6479
2023-01-31,P0059,W003,530,540.89923
2023-01-31,P0059,W004,676,646.80005
2023-01-31,P0059,W005,1083,1118.492
2023-01-31,P0059,W006,455,483.68228
2023-01-31,P0060,W001,956,1001.91595
2023-01-31,P0060,W002,1020,1030.7478
2023-01-31,P0060,W003,1091,1092.8295
2023-01-31,P0060,W004,1738,1808.7253
2023-01-31,P0060,W005,1190,1144.7408
2023-01-31,P0060,W006,1719,1755.7449
2023-02-28,P0001,W001,385,393.96158
2023-02-28,P0001,W002,943,940.13025
2023-02-28,P0001,W003,481,471.4
2023-02-28,P0001,W004,841,838.5943
2023-02-28,P0001,W005,402,397.26227
2023-02-28,P0001,W006,481,496.4483
2023-02-28,P0002,W001,957,959.7478
2023-02-28,P0002,W002,653,642.46545
2023-02-28,P0002,W003,858,837.17163
2023-02-28,P0002,W004,897,911.3221
2023-02-28,P0002,W005,829,827.49744
2023-02-28,P0002,W006,928,918.54346
2023-02-28,P0003,W001,647,639.8723
2023-02-28,P0003,W002,560,560.6989
2023-02-28,P0003,W003,289,296.30573
2023-02-28,P0003,W004,594,586.9587
2023-02-28,P0003,W005,620,606.6623
2023-02-28,P0003,W006,582,588.57043
2023-02-28,P0004,W001,1043,1059.4274
2023-02-28,P0004,W002,2089,2105.742
2023-02-28,P0004,W003,1751,1766.6652
2023-02-28,P0004,W004,1825,1776.8115
2023-02-28,P0004,W005,2255,2218.0662
2023-02-28,P0004,W006,1471,1484.4219
2023-02-28,P0005,W001,184,189.36867
2023-02-28,P0005,W002,298,315.1422
2023-02-28,P0005,W003,469,471.9367
2023-02-28,P0005,W004,465,471.68155
2023-02-28,P0005,W005,248,257.27542
2023-02-28,P0005,W006,294,310.28308
2023-02-28,P0006,W001,354,359.99252
2023-02-28,P0006,W002,477,495.73752
2023-02-28,P0006,W003,552,545.3604
2023-02-28,P0006,W004,281,273.89175
2023-02-28,P0006,W005,552,559.6925
2023-02-28,P0006,W006,415,408.9577
2023-02-28,P0007,W001,419,406.61548
2023-02-28,P0007,W002,1034,1031.2864
2023-02-28,P0007,W003,442,450.73257
2023-02-28,P0007,W004,1042,1022.64136
2023-02-28,P0007,W005,714,700.02716
2023-02-28,P0007,W006,415,407.88922
2023-02-28,P0008,W001,677,699.5188
2023-02-28,P0008,W002,1393,1458.8696
2023-02-28,P0008,W003,879,871.9078
2023-02-28,P0008,W004,801,796.8161
2023-02-28,P0008,W005,834,855.98065
2023-02-28,P0008,W006,1656,1575.9535
2023-02-28,P0009,W001,371,374.34836
2023-02-28,P0009,W002,516,530.026
2023-02-28,P0009,W003,735,751.03955
2023-02-28,P0009,W004,783,754.0318
2023-02-28,P0009,W005,983,984.94147
2023-02-28,P0009,W006,457,463.971
2023-02-28,P0010,W001,2402,2379.432
2023-02-28,P0010,W002,1135,1182.8945
2023-02-28,P0010,W003,2360,2378.3555
2023-02-28,P0010,W004,1629,1651.4965
2023-02-28,P0010,W005,2170,2165.8948
2023-02-28,P0010,W006,2160,2130.2239
2023-02-28,P0011,W001,452,448.50372
2023-02-28,P0011,W002,425,412.1423
2023-02-28,P0011,W003,870,868.43097
2023-02-28,P0011,W004,384,386.1828
2023-02-28,P0011,W005,410,406.34415
2023-02-28,P0011,W006,778,784.23755
2023-02-28,P0012,W001,660,660.0804
2023-02-28,P0012,W002,661,666.2982
2023-02-28,P0012,W003,562,560.5625
2023-02-28,P0012,W004,624,635.0493
2023-02-28,P0012,W005,635,638.3347
2023-02-28,P0012,W006,603,590.9895
2023-02-28,P0013,W001,959,950.08154
2023-02-28,P0013,W002,1864,1792.5865
2023-02-28,P0013,W003,1654,1559.1567
2023-02-28,P0013,W004,2180,2221.8965
2023-02-28,P0013,W005,1074,1083.3647
2023-02-28,P0013,W006,858,862.4181
2023-02-28,P0014,W001,781,784.421
2023-02-28,P0014,W002,613,623.6668
2023-02-28,P0014,W003,924,932.46375
2023-02-28,P0014,W004,1036,1022.587
2023-02-28,P0014,W005,1249,1224.1234
2023-02-28,P0014,W006,536,538.72705
2023-02-28,P0015,W001,290,293.4625
2023-02-28,P0015,W002,611,622.6376
2023-02-28,P0015,W003,652,644.07117
2023-02-28,P0015,W004,833,823.9976
2023-02-28,P0015,W005,327,336.17493
2023-02-28,P0015,W006,315,316.73334
2023-02-28,P0016,W001,468,467.4707
2023-02-28,P0016,W002,350,341.76294
2023-02-28,P0016,W003,353,349.3281
2023-02-28,P0016,W004,508,490.7335
2023-02-28,P0016,W005,506,508.75647
2023-02-28,P0016,W006,525,516.73474
2023-02-28,P0017,W001,401,392.95108
2023-02-28,P0017,W002,1019,1023.74725
2023-02-28,P0017,W003,895,908.66174
2023-02-28,P0017,W004,501,502.85675
2023-02-28,P0017,W005,514,504.99466
2023-02-28,P0017,W006,596,613.9097
2023-02-28,P0018,W001,580,587.40137
2023-02-28,P0018,W002,288,292.65454
2023-02-28,P0018,W003,379,362.27557
2023-02-28,P0018,W004,244,245.92828
2023-02-28,P0018,W005,521,521.39185
2023-02-28,P0018,W006,336,336.60574
2023-02-28,P0019,W001,1484,1482.3206
2023-02-28,P0019,W002,1264,1251.7251
2023-02-28,P0019,W003,940,945.1199
2023-02-28,P0019,W004,2420,2415.9746
2023-02-28,P0019,W005,1508,1513.4282
2023-02-28,P0019,W006,2294,2264.6519
2023-02-28,P0020,W001,1299,1287.103
2023-02-28,P0020,W002,1314,1273.2188
2023-02-28,P0020,W003,1829,1825.1514
2023-02-28,P0020,W004,1328,1355.3861
2023-02-28,P0020,W005,1690,1680.1765
2023-02-28,P0020,W006,2202,2154.081
2023-02-28,P0021,W001,1234,1191.46
2023-02-28,P0021,W002,1406,1400.474
2023-02-28,P0021,W003,829,801.7482
2023-02-28,P0021,W004,761,737.4257
2023-02-28,P0021,W005,1156,1107.2346
2023-02-28,P0021,W006,1117,1141.2408
2023-02-28,P0022,W001,376,375.0315
2023-02-28,P0022,W002,349,349.176
2023-02-28,P0022,W003,336,322.14844
2023-02-28,P0022,W004,276,277.6658
2023-02-28,P0022,W005,344,342.91318
2023-02-28,P0022,W006,304,308.458
2023-02-28,P0023,W001,1741,1701.2357
2023-02-28,P0023,W002,2388,2333.6023
2023-02-28,P0023,W003,889,898.81213
2023-02-28,P0023,W004,1877,1893.1686
2023-02-28,P0023,W005,1545,1538.6268
2023-02-28,P0023,W006,1788,1802.0457
2023-02-28,P0024,W001,1020,1019.3453
2023-02-28,P0024,W002,1063,1068.4963
2023-02-28,P0024,W003,1530,1507.957
2023-02-28,P0024,W004,2144,2147.3223
2023-02-28,P0024,W005,1478,1490.1162
2023-02-28,P0024,W006,1833,1889.551
2023-02-28,P0025,W001,718,715.95233
2023-02-28,P0025,W002,854,868.8008
2023-02-28,P0025,W003,1567,1520.8918
2023-02-28,P0025,W004,1691,1671.4254
2023-02-28,P0025,W005,1775,1775.3892
2023-02-28,P0025,W006,738,742.2274
2023-02-28,P0026,W001,130,143.06372
2023-02-28,P0026,W002,221,229.18843
2023-02-28,P0026,W003,295,301.52365
2023-02-28,P0026,W004,216,224.08247
2023-02-28,P0026,W005,215,225.1746
2023-02-28,P0026,W006,305,310.3483
2023-02-28,P0027,W001,378,383.46487
2023-02-28,P0027,W002,537,536.6416
2023-02-28,P0027,W003,722,720.0157
2023-02-28,P0027,W004,576,559.3602
2023-02-28,P0027,W005,737,743.74384
2023-02-28,P0027,W006,864,858.6551
2023-02-28,P0028,W001,391,390.7941
2023-02-28,P0028,W002,219,227.45253
2023-02-28,P0028,W003,435,447.3271
2023-02-28,P0028,W004,377,381.9344
2023-02-28,P0028,W005,443,451.32205
2023-02-28,P0028,W006,302,307.51584
2023-02-28,P0029,W001,1172,1140.3715
2023-02-28,P0029,W002,1499,1490.869
2023-02-28,P0029,W003,1751,1713.8231
2023-02-28,P0029,W004,1077,1090.8645
2023-02-28,P0029,W005,2318,2311.8628
2023-02-28,P0029,W006,1494,1474.29
2023-02-28,P0030,W001,408,414.71793
2023-02-28,P0030,W002,877,887.54956
2023-02-28,P0030,W003,670,659.8038
2023-02-28,P0030,W004,364,371.30975
2023-02-28,P0030,W005,451,448.44034
2023-02-28,P0030,W006,843,826.68445
2023-02-28,P0031,W001,2244,2230.2964
2023-02-28,P0031,W002,2145,2138.4688
2023-02-28,P0031,W003,1509,1521.553
2023-02-28,P0031,W004,1566,1599.5597
2023-02-28,P0031,W005,2299,2282.8015
2023-02-28,P0031,W006,1216,1232.3826
2023-02-28,P0032,W001,677,671.8284
2023-02-28,P0032,W002,1033,1041.825
2023-02-28,P0032,W003,629,638.05475
2023-02-28,P0032,W004,1033,1043.2781
2023-02-28,P0032,W005,1097,1067.9706
2023-02-28,P0032,W006,547,542.4886
2023-02-28,P0033,W001,931,911.4229
2023-02-28,P0033,W002,1727,1739.2662
2023-02-28,P0033,W003,1490,1476.9761
2023-02-28,P0033,W004,1682,1695.2256
2023-02-28,P0033,W005,1459,1453.2509
2023-02-28,P0033,W006,2125,2081.6104
2023-02-28,P0034,W001,396,421.54984
2023-02-28,P0034,W002,157,167.2784
2023-02-28,P0034,W003,138,135.4781
2023-02-28,P0034,W004,256,261.76083
2023-02-28,P0034,W005,293,314.26773
2023-02-28,P0034,W006,282,295.9388
2023-02-28,P0035,W001,289,285.72604
2023-02-28,P0035,W002,239,252.90514
2023-02-28,P0035,W003,349,347.35062
2023-02-28,P0035,W004,340,353.3985
2023-02-28,P0035,W005,208,215.59404
2023-02-28,P0035,W006,433,441.2735
2023-02-28,P0036,W001,471,471.73273
2023-02-28,P0036,W002,672,667.1448
2023-02-28,P0036,W003,807,782.1507
2023-02-28,P0036,W004,1179,1166.1666
2023-02-28,P0036,W005,462,467.5267
2023-02-28,P0036,W006,1127,1115.1769
2023-02-28,P0037,W001,1492,1482.3541
2023-02-28,P0037,W002,1456,1466.0369
2023-02-28,P0037,W003,1168,1111.7023
2023-02-28,P0037,W004,1398,1388.6875
2023-02-28,P0037,W005,813,799.2212
2023-02-28,P0037,W006,571,552.0394
2023-02-28,P0038,W001,699,716.78064
2023-02-28,P0038,W002,922,917.33655
2023-02-28,P0038,W003,1046,1021.0049
2023-02-28,P0038,W004,817,813.4193
2023-02-28,P0038,W005,958,963.1834
2023-02-28,P0038,W006,1300,1252.4131
2023-02-28,P0039,W001,1473,1521.0962
2023-02-28,P0039,W002,1190,1204.3639
2023-02-28,P0039,W003,1150,1154.3062
2023-02-28,P0039,W004,1261,1269.701
2023-02-28,P0039,W005,1837,1779.5052
2023-02-28,P0039,W006,1302,1330.8092
2023-02-28,P0040,W001,2223,2201.1736
2023-02-28,P0040,W002,989,972.4846
2023-02-28,P0040,W003,927,921.5453
2023-02-28,P0040,W004,1324,1339.2281
2023-02-28,P0040,W005,1667,1621.6414
2023-02-28,P0040,W006,1798,1785.6536
2023-02-28,P0041,W001,1331,1365.1144
2023-02-28,P0041,W002,1230,1195.7384
2023-02-28,P0041,W003,900,870.4977
2023-02-28,P0041,W004,680,684.4181
2023-02-28,P0041,W005,882,884.9044
2023-02-28,P0041,W006,1242,1230.1515
2023-02-28,P0042,W001,689,706.8224
2023-02-28,P0042,W002,1121,1067.7458
2023-02-28,P0042,W003,991,990.31323
2023-02-28,P0042,W004,1288,1282.2893
2023-02-28,P0042,W005,1339,1275.4054
2023-02-28,P0042,W006,1522,1509.1453
2023-02-28,P0043,W001,994,1013.56067
2023-02-28,P0043,W002,1409,1388.511
2023-02-28,P0043,W003,1217,1238.7693
2023-02-28,P0043,W004,1040,1055.557
2023-02-28,P0043,W005,947,953.90063
2023-02-28,P0043,W006,777,774.82446
2023-02-28,P0044,W001,318,325.79593
2023-02-28,P0044,W002,220,227.22159
2023-02-28,P0044,W003,319,318.70294
2023-02-28,P0044,W004,241,243.01685
2023-02-28,P0044,W005,374,373.7536
2023-02-28,P0044,W006,232,237.0888
2023-02-28,P0045,W001,2538,2521.418
2023-02-28,P0045,W002,1119,1135.1267
2023-02-28,P0045,W003,1081,1137.5286
2023-02-28,P0045,W004,1869,1852.9016
2023-02-28,P0045,W005,2415,2411.3513
2023-02-28,P0045,W006,2168,2181.5337
2023-02-28,P0046,W001,644,650.9481
2023-02-28,P0046,W002,1267,1245.9548
2023-02-28,P0046,W003,1091,1070.3085
2023-02-28,P0046,W004,607,602.936
2023-02-28,P0046,W005,1032,1006.11615
2023-02-28,P0046,W006,849,839.6576
2023-02-28,P0047,W001,755,758.35474
2023-02-28,P0047,W002,684,674.5388
2023-02-28,P0047,W003,516,499.25354
2023-02-28,P0047,W004,997,994.1539
2023-02-28,P0047,W005,1176,1198.6451
2023-02-28,P0047,W006,475,467.7414
2023-02-28,P0048,W001,1244,1229.3291
2023-02-28,P0048,W002,2442,2450.5562
2023-02-28,P0048,W003,1145,1146.1659
2023-02-28,P0048,W004,1261,1278.0181
2023-02-28,P0048,W005,1817,1842.4982
2023-02-28,P0048,W006,1349,1330.0652
2023-02-28,P0049,W001,1262,1284.1641
2023-02-28,P0049,W002,815,804.15375
2023-02-28,P0049,W003,1153,1140.1223
2023-02-28,P0049,W004,879,875.9263
2023-02-28,P0049,W005,891,890.66455
2023-02-28,P0049,W006,756,768.1006
2023-02-28,P0050,W001,2456,2429.7227
2023-02-28,P0050,W002,1565,1507.1455
2023-02-28,P0050,W003,1408,1414.8127
2023-02-28,P0050,W004,2060,2048.8608
2023-02-28,P0050,W005,1237,1209.3148
2023-02-28,P0050,W006,1937,1910.0221
2023-02-28,P0051,W001,1058,1049.1631
2023-02-28,P0051,W002,642,639.09827
2023-02-28,P0051,W003,1629,1625.1351
2023-02-28,P0051,W004,1558,1574.4255
2023-02-28,P0051,W005,917,901.28674
2023-02-28,P0051,W006,1101,1089.2866
2023-02-28,P0052,W001,1260,1258.4939
2023-02-28,P0052,W002,1487,1448.9585
2023-02-28,P0052,W003,1254,1263.0085
2023-02-28,P0052,W004,1660,1610.0481
2023-02-28,P0052,W005,760,748.0821
2023-02-28,P0052,W006,1750,1729.0211
2023-02-28,P0053,W001,670,672.6097
2023-02-28,P0053,W002,503,497.85056
2023-02-28,P0053,W003,388,384.29825
2023-02-28,P0053,W004,462,455.10162
2023-02-28,P0053,W005,424,406.80798
2023-02-28,P0053,W006,765,764.8381
2023-02-28,P0054,W001,1472,1583.3318
2023-02-28,P0054,W002,2815,2814.9072
2023-02-28,P0054,W003,955,979.5499
2023-02-28,P0054,W004,2692,2653.5134
2023-02-28,P0054,W005,1700,1683.2062
2023-02-28,P0054,W006,2748,2768.7087
2023-02-28,P0055,W001,2004,1952.4565
2023-02-28,P0055,W002,1254,1280.169
2023-02-28,P0055,W003,1229,1185.0883
2023-02-28,P0055,W004,1707,1743.618
2023-02-28,P0055,W005,2126,2149.95
2023-02-28,P0055,W006,1545,1547.5112
2023-02-28,P0056,W001,1028,1028.9474
2023-02-28,P0056,W002,876,892.2804
2023-02-28,P0056,W003,518,507.6383
2023-02-28,P0056,W004,636,645.4958
2023-02-28,P0056,W005,1264,1303.7439
2023-02-28,P0056,W006,695,671.3094
2023-02-28,P0057,W001,2197,2241.0513
2023-02-28,P0057,W002,1207,1220.8004
2023-02-28,P0057,W003,1066,1029.189
2023-02-28,P0057,W004,2118,2193.9326
2023-02-28,P0057,W005,900,901.5922
2023-02-28,P0057,W006,1579,1565.8281
2023-02-28,P0058,W001,2073,2064.6548
2023-02-28,P0058,W002,2049,2097.1821
2023-02-28,P0058,W003,1071,1084.5938
2023-02-28,P0058,W004,1621,1582.9388
2023-02-28,P0058,W005,1432,1427.4427
2023-02-28,P0058,W006,1632,1666.8816
2023-02-28,P0059,W001,947,969.07416
2023-02-28,P0059,W002,820,832.90027
2023-02-28,P0059,W003,562,566.36053
2023-02-28,P0059,W004,738,730.1673
2023-02-28,P0059,W005,1118,1105.7853
2023-02-28,P0059,W006,487,477.08917
2023-02-28,P0060,W001,1027,1010.0679
2023-02-28,P0060,W002,1069,1060.1656
2023-02-28,P0060,W003,1088,1115.4161
2023-02-28,P0060,W004,1816,1794.6581
2023-02-28,P0060,W005,1225,1270.3157
2023-02-28,P0060,W006,1815,1772.4741
2023-03-31,P0001,W001,461,469.87375
2023-03-31,P0001,W002,1108,1090.0499
2023-03-31,P0001,W003,570,563.3585
2023-03-31,P0001,W004,1026,1026.1266
2023-03-31,P0001,W005,476,481.98047
2023-03-31,P0001,W006,559,541.522
2023-03-31,P0002,W001,1159,1160.3958
2023-03-31,P0002,W002,754,769.8357
2023-03-31,P0002,W003,978,1003.1521
2023-03-31,P0002,W004,1134,1094.0013
2023-03-31,P0002,W005,1091,1050.6512
2023-03-31,P0002,W006,1072,1074.617
2023-03-31,P0003,W001,769,774.3717
2023-03-31,P0003,W002,674,661.6568
2023-03-31,P0003,W003,357,356.79977
2023-03-31,P0003,W004,722,705.32874
2023-03-31,P0003,W005,686,705.76605
2023-03-31,P0003,W006,663,668.81866
2023-03-31,P0004,W001,1255,1249.1011
2023-03-31,P0004,W002,2567,2535.6736
2023-03-31,P0004,W003,2089,2054.238
2023-03-31,P0004,W004,2094,2124.0476
2023-03-31,P0004,W005,2521,2576.1677
2023-03-31,P0004,W006,1637,1679.0044
2023-03-31,P0005,W001,215,219.0404
2023-03-31,P0005,W002,357,358.44476
2023-03-31,P0005,W003,600,589.73236
2023-03-31,P0005,W004,560,547.334
2023-03-31,P0005,W005,302,295.49533
2023-03-31,P0005,W006,369,368.0606
2023-03-31,P0006,W001,417,410.03342
2023-03-31,P0006,W002,564,560.3708
2023-03-31,P0006,W003,645,647.98566
2023-03-31,P0006,W004,300,312.8324
2023-03-31,P0006,W005,656,661.0042
2023-03-31,P0006,W006,497,499.09488
2023-03-31,P0007,W001,434,459.67212
2023-03-31,P0007,W002,1121,1177.6875
2023-03-31,P0007,W003,469,486.5195
2023-03-31,P0007,W004,1136,1168.4143
2023-03-31,P0007,W005,772,820.9237
2023-03-31,P0007,W006,418,455.435
2023-03-31,P0008,W001,840,831.45886
2023-03-31,P0008,W002,1667,1666.3591
2023-03-31,P0008,W003,1024,1046.1096
2023-03-31,P0008,W004,954,982.579
2023-03-31,P0008,W005,1024,1025.8911
2023-03-31,P0008,W006,1892,1934.8347
2023-03-31,P0009,W001,422,417.3588
2023-03-31,P0009,W002,625,617.53326
2023-03-31,P0009,W003,919,898.8158
2023-03-31,P0009,W004,930,926.7582
2023-03-31,P0009,W005,1104,1142.4401
2023-03-31,P0009,W006,539,531.5609
2023-03-31,P0010,W001,2713,2735.4683
2023-03-31,P0010,W002,1322,1309.3624
2023-03-31,P0010,W003,2923,2863.4255
2023-03-31,P0010,W004,1783,1828.4268
2023-03-31,P0010,W005,2454,2478.0286
2023-03-31,P0010,W006,2383,2466.7698
2023-03-31,P0011,W001,520,524.4231
2023-03-31,P0011,W002,476,477.20428
2023-03-31,P0011,W003,1069,1055.9241
2023-03-31,P0011,W004,485,484.97214
2023-03-31,P0011,W005,460,462.7916
2023-03-31,P0011,W006,900,915.94635
2023-03-31,P0012,W001,799,789.3379
2023-03-31,P0012,W002,761,772.5722
2023-03-31,P0012,W003,658,657.3589
2023-03-31,P0012,W004,737,734.36395
2023-03-31,P0012,W005,733,735.38184
2023-03-31,P0012,W006,655,675.2497
2023-03-31,P0013,W001,1060,1106.1173
2023-03-31,P0013,W002,2206,2219.9314
2023-03-31,P0013,W003,1836,1872.0309
2023-03-31,P0013,W004,2669,2652.423
2023-03-31,P0013,W005,1197,1207.5084
2023-03-31,P0013,W006,997,1000.2533
2023-03-31,P0014,W001,900,914.73865
2023-03-31,P0014,W002,715,726.7198
2023-03-31,P0014,W003,1063,1077.2566
2023-03-31,P0014,W004,1282,1273.373
2023-03-31,P0014,W005,1418,1432.0562
2023-03-31,P0014,W006,627,646.0099
2023-03-31,P0015,W001,341,348.82535
2023-03-31,P0015,W002,751,753.9193
2023-03-31,P0015,W003,792,776.5756
2023-03-31,P0015,W004,933,950.1177
2023-03-31,P0015,W005,379,378.227
2023-03-31,P0015,W006,375,377.846
2023-03-31,P0016,W001,553,551.717
2023-03-31,P0016,W002,417,415.9771
2023-03-31,P0016,W003,419,426.0261
2023-03-31,P0016,W004,599,598.0746
2023-03-31,P0016,W005,594,577.53467
2023-03-31,P0016,W006,605,614.8698
2023-03-31,P0017,W001,520,529.1683
2023-03-31,P0017,W002,1305,1276.6334
2023-03-31,P0017,W003,1136,1132.2657
2023-03-31,P0017,W004,667,659.9619
2023-03-31,P0017,W005,619,641.43384
2023-03-31,P0017,W006,800,805.16205
2023-03-31,P0018,W001,679,679.8053
2023-03-31,P0018,W002,347,349.42783
2023-03-31,P0018,W003,418,433.98035
2023-03-31,P0018,W004,291,292.6511
2023-03-31,P0018,W005,646,632.63416
2023-03-31,P0018,W006,419,413.91138
2023-03-31,P0019,W001,1682,1728.1027
2023-03-31,P0019,W002,1487,1509.8811
2023-03-31,P0019,W003,1104,1111.9485
2023-03-31,P0019,W004,3067,2996.1829
2023-03-31,P0019,W005,1812,1799.0626
2023-03-31,P0019,W006,2616,2640.4883
2023-03-31,P0020,W001,1423,1483.3171
2023-03-31,P0020,W002,1655,1602.3982
2023-03-31,P0020,W003,2187,2158.2107
2023-03-31,P0020,W004,1548,1543.1616
2023-03-31,P0020,W005,1957,1893.6061
2023-03-31,P0020,W006,2463,2482.3828
2023-03-31,P0021,W001,1484,1469.6969
2023-03-31,P0021,W002,1585,1585.1958
2023-03-31,P0021,W003,964,976.94135
2023-03-31,P0021,W004,891,899.88727
2023-03-31,P0021,W005,1350,1330.6478
2023-03-31,P0021,W006,1332,1333.8123
2023-03-31,P0022,W001,429,431.69516
2023-03-31,P0022,W002,405,409.48233
2023-03-31,P0022,W003,367,377.2724
2023-03-31,P0022,W004,331,329.4814
2023-03-31,P0022,W005,376,380.94897
2023-03-31,P0022,W006,351,354.76297
2023-03-31,P0023,W001,2076,2064.8823
2023-03-31,P0023,W002,2752,2708.052
2023-03-31,P0023,W003,1072,1066.0424
2023-03-31,P0023,W004,2182,2238.703
2023-03-31,P0023,W005,1728,1745.9413
2023-03-31,P0023,W006,2196,2135.0884
2023-03-31,P0024,W001,1135,1165.0614
2023-03-31,P0024,W002,1244,1234.3584
2023-03-31,P0024,W003,1794,1800.3274
2023-03-31,P0024,W004,2528,2501.4214
2023-03-31,P0024,W005,1708,1728.4816
2023-03-31,P0024,W006,2219,2165.722
2023-03-31,P0025,W001,871,877.0706
2023-03-31,P0025,W002,1017,1004.2632
2023-03-31,P0025,W003,1721,1724.2253
2023-03-31,P0025,W004,2044,2024.8286
2023-03-31,P0025,W005,2150,2133.5454
2023-03-31,P0025,W006,875,871.82745
2023-03-31,P0026,W001,160,161.67252
2023-03-31,P0026,W002,249,252.71501
2023-03-31,P0026,W003,329,332.5632
2023-03-31,P0026,W004,260,266.28226
2023-03-31,P0026,W005,246,244.03123
2023-03-31,P0026,W006,370,367.33084
2023-03-31,P0027,W001,445,444.02716
2023-03-31,P0027,W002,614,613.8073
2023-03-31,P0027,W003,843,855.27386
2023-03-31,P0027,W004,690,684.2714
2023-03-31,P0027,W005,848,837.1932
2023-03-31,P0027,W006,972,981.7207
2023-03-31,P0028,W001,432,443.73822
2023-03-31,P0028,W002,255,255.31334
2023-03-31,P0028,W003,526,519.8504
2023-03-31,P0028,W004,469,458.1182
2023-03-31,P0028,W005,517,514.30035
2023-03-31,P0028,W006,343,350.2168
2023-03-31,P0029,W001,1361,1400.8469
2023-03-31,P0029,W002,1802,1810.4442
2023-03-31,P0029,W003,1956,1975.3575
2023-03-31,P0029,W004,1317,1312.4333
2023-03-31,P0029,W005,2761,2746.914
2023-03-31,P0029,W006,1773,1779.5892
2023-03-31,P0030,W001,482,483.54654
2023-03-31,P0030,W002,1116,1079.6816
2023-03-31,P0030,W003,778,786.5301
2023-03-31,P0030,W004,437,433.61475
2023-03-31,P0030,W005,522,528.1467
2023-03-31,P0030,W006,906,925.227
2023-03-31,P0031,W001,2577,2553.6729
2023-03-31,P0031,W002,2349,2420.8718
2023-03-31,P0031,W003,1898,1889.127
2023-03-31,P0031,W004,1741,1781.2744
2023-03-31,P0031,W005,2830,2785.3499
2023-03-31,P0031,W006,1390,1411.3755
2023-03-31,P0032,W001,795,796.55743
2023-03-31,P0032,W002,1206,1189.8065
2023-03-31,P0032,W003,808,787.2051
2023-03-31,P0032,W004,1234,1219.509
2023-03-31,P0032,W005,1315,1309.4883
2023-03-31,P0032,W006,674,658.99335
2023-03-31,P0033,W001,1064,1073.6105
2023-03-31,P0033,W002,2137,2090.6406
2023-03-31,P0033,W003,1754,1772.9302
2023-03-31,P0033,W004,2003,1929.8306
2023-03-31,P0033,W005,1907,1834.586
2023-03-31,P0033,W006,2434,2408.8962
2023-03-31,P0034,W001,463,456.89307
2023-03-31,P0034,W002,191,200.77693
2023-03-31,P0034,W003,164,170.92055
2023-03-31,P0034,W004,299,304.33054
2023-03-31,P0034,W005,341,337.7432
2023-03-31,P0034,W006,322,323.3255
2023-03-31,P0035,W001,343,370.13654
2023-03-31,P0035,W002,287,310.94766
2023-03-31,P0035,W003,411,436.1383
2023-03-31,P0035,W004,409,447.42725
2023-03-31,P0035,W005,245,241.77332
2023-03-31,P0035,W006,543,574.4838
2023-03-31,P0036,W001,581,573.8323
2023-03-31,P0036,W002,762,776.8718
2023-03-31,P0036,W003,942,935.53564
2023-03-31,P0036,W004,1408,1389.3135
2023-03-31,P0036,W005,556,549.7737
2023-03-31,P0036,W006,1329,1329.6147
2023-03-31,P0037,W001,1539,1517.9111
2023-03-31,P0037,W002,1561,1546.652
2023-03-31,P0037,W003,1273,1283.0348
2023-03-31,P0037,W004,1554,1537.8767
2023-03-31,P0037,W005,810,843.8949
2023-03-31,P0037,W006,598,612.26196
2023-03-31,P0038,W001,810,815.2189
2023-03-31,P0038,W002,1050,1054.6476
2023-03-31,P0038,W003,1227,1213.9691
2023-03-31,P0038,W004,983,963.23444
2023-03-31,P0038,W005,1159,1127.9543
2023-03-31,P0038,W006,1418,1445.2224
2023-03-31,P0039,W001,1791,1758.274
2023-03-31,P0039,W002,1363,1361.0336
2023-03-31,P0039,W003,1414,1369.6454
2023-03-31,P0039,W004,1445,1456.8553
2023-03-31,P0039,W005,2147,2184.7852
2023-03-31,P0039,W006,1639,1599.2189
2023-03-31,P0040,W001,2632,2623.6013
2023-03-31,P0040,W002,1134,1133.7574
2023-03-31,P0040,W003,1149,1144.191
2023-03-31,P0040,W004,1585,1556.6494
2023-03-31,P0040,W005,1909,1873.0685
2023-03-31,P0040,W006,2078,2029.3519
2023-03-31,P0041,W001,1652,1606.2114
2023-03-31,P0041,W002,1414,1425.3544
2023-03-31,P0041,W003,1078,1074.3182
2023-03-31,P0041,W004,835,826.4076
2023-03-31,P0041,W005,1045,1046.1772
2023-03-31,P0041,W006,1484,1486.0062
2023-03-31,P0042,W001,763,783.82007
2023-03-31,P0042,W002,1243,1252.804
2023-03-31,P0042,W003,1182,1179.0227
2023-03-31,P0042,W004,1559,1565.2094
2023-03-31,P0042,W005,1472,1529.0848
2023-03-31,P0042,W006,1761,1778.3119
2023-03-31,P0043,W001,1235,1201.2617
2023-03-31,P0043,W002,1733,1687.7635
2023-03-31,P0043,W003,1459,1440.0892
2023-03-31,P0043,W004,1227,1184.895
2023-03-31,P0043,W005,1146,1135.037
2023-03-31,P0043,W006,879,893.45654
2023-03-31,P0044,W001,413,405.1629
2023-03-31,P0044,W002,270,265.23834
2023-03-31,P0044,W003,376,382.88126
2023-03-31,P0044,W004,292,296.35986
2023-03-31,P0044,W005,440,440.67218
2023-03-31,P0044,W006,276,276.12036
2023-03-31,P0045,W001,2388,2444.6301
2023-03-31,P0045,W002,1101,1120.1658
2023-03-31,P0045,W003,1075,1106.0869
2023-03-31,P0045,W004,1749,1927.6523
2023-03-31,P0045,W005,2541,2560.6504
2023-03-31,P0045,W006,2118,2208.7466
2023-03-31,P0046,W001,826,802.23834
2023-03-31,P0046,W002,1425,1425.1456
2023-03-31,P0046,W003,1270,1263.7988
2023-03-31,P0046,W004,754,737.54596
2023-03-31,P0046,W005,1223,1210.9783
2023-03-31,P0046,W006,959,963.1369
2023-03-31,P0047,W001,929,907.4448
2023-03-31,P0047,W002,834,833.7887
2023-03-31,P0047,W003,613,610.1829
2023-03-31,P0047,W004,1174,1175.8486
2023-03-31,P0047,W005,1331,1324.6915
2023-03-31,P0047,W006,567,566.77997
2023-03-31,P0048,W001,1523,1508.9907
2023-03-31,P0048,W002,2800,2855.6997
2023-03-31,P0048,W003,1423,1392.6085
2023-03-31,P0048,W004,1534,1530.363
2023-03-31,P0048,W005,2239,2208.6157
2023-03-31,P0048,W006,1612,1627.5922
2023-03-31,P0049,W001,1614,1596.5946
2023-03-31,P0049,W002,1016,1017.27875
2023-03-31,P0049,W003,1307,1404.9381
2023-03-31,P0049,W004,1172,1167.9178
2023-03-31,P0049,W005,1120,1139.6177
2023-03-31,P0049,W006,906,953.13696
2023-03-31,P0050,W001,2876,2826.5488
2023-03-31,P0050,W002,1705,1749.384
2023-03-31,P0050,W003,1739,1721.4564
2023-03-31,P0050,W004,2283,2349.984
2023-03-31,P0050,W005,1419,1423.9669
2023-03-31,P0050,W006,2351,2295.0642
2023-03-31,P0051,W001,1270,1277.6337
2023-03-31,P0051,W002,749,759.4653
2023-03-31,P0051,W003,1901,1900.6918
2023-03-31,P0051,W004,1781,1810.0525
2023-03-31,P0051,W005,1082,1092.508
2023-03-31,P0051,W006,1254,1248.5557
2023-03-31,P0052,W001,1541,1529.5742
2023-03-31,P0052,W002,1719,1723.0417
2023-03-31,P0052,W003,1544,1505.3112
2023-03-31,P0052,W004,1903,1887.0591
2023-03-31,P0052,W005,840,856.677
2023-03-31,P0052,W006,2141,2090.7637
2023-03-31,P0053,W001,775,771.80115
2023-03-31,P0053,W002,596,605.01184
2023-03-31,P0053,W003,442,447.27795
2023-03-31,P0053,W004,517,534.5817
2023-03-31,P0053,W005,482,492.54514
2023-03-31,P0053,W006,864,878.12726
2023-03-31,P0054,W001,1656,1653.2312
2023-03-31,P0054,W002,3013,2989.9678
2023-03-31,P0054,W003,1054,1087.5083
2023-03-31,P0054,W004,2791,2832.923
2023-03-31,P0054,W005,1719,1743.9077
2023-03-31,P0054,W006,2724,2796.3018
2023-03-31,P0055,W001,2516,2442.4922
2023-03-31,P0055,W002,1439,1425.473
2023-03-31,P0055,W003,1384,1402.4332
2023-03-31,P0055,W004,2071,2105.7068
2023-03-31,P0055,W005,2596,2604.3748
2023-03-31,P0055,W006,1847,1802.2198
2023-03-31,P0056,W001,1178,1185.443
2023-03-31,P0056,W002,1005,1015.772
2023-03-31,P0056,W003,587,588.0206
2023-03-31,P0056,W004,779,769.0832
2023-03-31,P0056,W005,1534,1507.047
2023-03-31,P0056,W006,870,856.49817
2023-03-31,P0057,W001,2725,2589.8145
2023-03-31,P0057,W002,1400,1412.6542
2023-03-31,P0057,W003,1217,1210.8302
2023-03-31,P0057,W004,2590,2494.487
2023-03-31,P0057,W005,1089,1091.3438
2023-03-31,P0057,W006,1905,1868.7091
2023-03-31,P0058,W001,2351,2383.443
2023-03-31,P0058,W002,2333,2328.9539
2023-03-31,P0058,W003,1264,1239.2638
2023-03-31,P0058,W004,1932,1861.7039
2023-03-31,P0058,W005,1683,1687.1519
2023-03-31,P0058,W006,1916,1897.901
2023-03-31,P0059,W001,1091,1102.6122
2023-03-31,P0059,W002,939,943.922
2023-03-31,P0059,W003,654,650.15515
2023-03-31,P0059,W004,865,861.99664
2023-03-31,P0059,W005,1316,1299.4287
2023-03-31,P0059,W006,575,571.5197
2023-03-31,P0060,W001,1178,1183.6019
2023-03-31,P0060,W002,1270,1279.745
2023-03-31,P0060,W003,1285,1273.1888
2023-03-31,P0060,W004,2118,2115.9185
2023-03-31,P0060,W005,1444,1441.0789
2023-03-31,P0060,W006,2170,2154.1091
2023-04-30,P0001,W001,431,429.58292
2023-04-30,P0001,W002,1084,1074.3922
2023-04-30,P0001,W003,573,577.9036
2023-04-30,P0001,W004,1030,1039.3553
2023-04-30,P0001,W005,472,460.12384
2023-04-30,P0001,W006,555,563.7323
2023-04-30,P0002,W001,1136,1126.9451
2023-04-30,P0002,W002,742,729.2375
2023-04-30,P0002,W003,958,938.0842
2023-04-30,P0002,W004,1083,1092.7432
2023-04-30,P0002,W005,1007,1012.1057
2023-04-30,P0002,W006,1048,1041.9924
2023-04-30,P0003,W001,737,730.16223
2023-04-30,P0003,W002,669,667.18286
2023-04-30,P0003,W003,347,350.66064
2023-04-30,P0003,W004,641,668.54144
2023-04-30,P0003,W005,714,705.531
2023-04-30,P0003,W006,646,635.65125
2023-04-30,P0004,W001,1481,1473.772
2023-04-30,P0004,W002,2811,2852.5132
2023-04-30,P0004,W003,2406,2393.6692
2023-04-30,P0004,W004,2342,2392.2366
2023-04-30,P0004,W005,2897,2875.3726
2023-04-30,P0004,W006,1896,1881.8607
2023-04-30,P0005,W001,220,229.88538
2023-04-30,P0005,W002,332,341.1748
2023-04-30,P0005,W003,561,571.4526
2023-04-30,P0005,W004,553,547.8865
2023-04-30,P0005,W005,311,313.6376
2023-04-30,P0005,W006,349,348.31882
2023-04-30,P0006,W001,424,423.45572
2023-04-30,P0006,W002,576,561.4609
2023-04-30,P0006,W003,598,617.1993
2023-04-30,P0006,W004,303,305.6886
2023-04-30,P0006,W005,681,669.6502
2023-04-30,P0006,W006,466,474.65753
2023-04-30,P0007,W001,407,412.13376
2023-04-30,P0007,W002,1064,1060.5831
2023-04-30,P0007,W003,455,454.36838
2023-04-30,P0007,W004,1041,1063.4265
2023-04-30,P0007,W005,706,724.22186
2023-04-30,P0007,W006,425,412.81747
2023-04-30,P0008,W001,799,814.495
2023-04-30,P0008,W002,1558,1573.2272
2023-04-30,P0008,W003,1007,1005.90704
2023-04-30,P0008,W004,901,907.7943
2023-04-30,P0008,W005,937,950.1998
2023-04-30,P0008,W006,2034,1971.7186
2023-04-30,P0009,W001,452,449.06473
2023-04-30,P0009,W002,628,623.18726
2023-04-30,P0009,W003,897,905.0896
2023-04-30,P0009,W004,872,868.61816
2023-04-30,P0009,W005,1154,1118.8763
2023-04-30,P0009,W006,525,532.4504
2023-04-30,P0010,W001,2670,2675.968
2023-04-30,P0010,W002,1232,1280.0173
2023-04-30,P0010,W003,2896,2875.5771
2023-04-30,P0010,W004,1800,1765.1044
2023-04-30,P0010,W005,2455,2413.683
2023-04-30,P0010,W006,2425,2421.002
2023-04-30,P0011,W001,501,511.58438
2023-04-30,P0011,W002,467,477.0043
2023-04-30,P0011,W003,1006,1022.7939
2023-04-30,P0011,W004,491,470.57898
2023-04-30,P0011,W005,437,450.37103
2023-04-30,P0011,W006,894,884.80334
2023-04-30,P0012,W001,789,787.4759
2023-04-30,P0012,W002,758,741.2783
2023-04-30,P0012,W003,622,631.6106
2023-04-30,P0012,W004,737,718.9043
2023-04-30,P0012,W005,736,734.5792
2023-04-30,P0012,W006,714,688.863
2023-04-30,P0013,W001,1097,1070.8593
2023-04-30,P0013,W002,2042,2035.2109
2023-04-30,P0013,W003,1866,1821.1017
2023-04-30,P0013,W004,2596,2608.5142
2023-04-30,P0013,W005,1219,1206.2491
2023-04-30,P0013,W006,970,975.7391
2023-04-30,P0014,W001,928,919.65515
2023-04-30,P0014,W002,678,675.858
2023-04-30,P0014,W003,1029,1028.0675
2023-04-30,P0014,W004,1299,1294.3707
2023-04-30,P0014,W005,1418,1373.9633
2023-04-30,P0014,W006,602,604.26434
2023-04-30,P0015,W001,322,329.8924
2023-04-30,P0015,W002,752,746.1798
2023-04-30,P0015,W003,726,750.5044
2023-04-30,P0015,W004,946,926.3085
2023-04-30,P0015,W005,397,395.11923
2023-04-30,P0015,W006,362,363.63385
2023-04-30,P0016,W001,545,550.8269
2023-04-30,P0016,W002,389,396.13052
2023-04-30,P0016,W003,412,408.55792
2023-04-30,P0016,W004,595,598.31635
2023-04-30,P0016,W005,591,599.4586
2023-04-30,P0016,W006,607,598.0156
2023-04-30,P0017,W001,542,552.3065
2023-04-30,P0017,W002,1321,1300.9851
2023-04-30,P0017,W003,1187,1232.7778
2023-04-30,P0017,W004,662,682.1917
2023-04-30,P0017,W005,619,652.59204
2023-04-30,P0017,W006,775,818.40894
2023-04-30,P0018,W001,692,677.8959
2023-04-30,P0018,W002,345,352.163
2023-04-30,P0018,W003,426,418.68088
2023-04-30,P0018,W004,291,289.069
2023-04-30,P0018,W005,592,607.60236
2023-04-30,P0018,W006,409,412.78693
2023-04-30,P0019,W001,1695,1671.8582
2023-04-30,P0019,W002,1514,1456.2288
2023-04-30,P0019,W003,1098,1093.0302
2023-04-30,P0019,W004,2832,2833.9646
2023-04-30,P0019,W005,1857,1811.449
2023-04-30,P0019,W006,2730,2708.123
2023-04-30,P0020,W001,1417,1402.6815
2023-04-30,P0020,W002,1493,1548.5304
2023-04-30,P0020,W003,2088,2066.6572
2023-04-30,P0020,W004,1505,1528.088
2023-04-30,P0020,W005,1995,2015.0446
2023-04-30,P0020,W006,2558,2509.6582
2023-04-30,P0021,W001,1446,1434.1622
2023-04-30,P0021,W002,1652,1589.2184
2023-04-30,P0021,W003,993,973.3627
2023-04-30,P0021,W004,874,860.9374
2023-04-30,P0021,W005,1264,1295.2084
2023-04-30,P0021,W006,1303,1296.532
2023-04-30,P0022,W001,423,422.23956
2023-04-30,P0022,W002,389,387.68854
2023-04-30,P0022,W003,384,374.21744
2023-04-30,P0022,W004,325,326.46304
2023-04-30,P0022,W005,388,385.60608
2023-04-30,P0022,W006,360,353.9636
2023-04-30,P0023,W001,2080,2056.6956
2023-04-30,P0023,W002,2647,2666.0444
2023-04-30,P0023,W003,1028,1034.4948
2023-04-30,P0023,W004,2196,2132.371
2023-04-30,P0023,W005,1740,1743.6206
2023-04-30,P0023,W006,2111,2100.8433
2023-04-30,P0024,W001,1129,1124.0957
2023-04-30,P0024,W002,1215,1240.5303
2023-04-30,P0024,W003,1785,1775.9325
2023-04-30,P0024,W004,2438,2430.748
2023-04-30,P0024,W005,1566,1619.1158
2023-04-30,P0024,W006,2144,2148.5527
2023-04-30,P0025,W001,814,836.3999
2023-04-30,P0025,W002,990,999.45264
2023-04-30,P0025,W003,1677,1708.6359
2023-04-30,P0025,W004,1896,1952.4124
2023-04-30,P0025,W005,2007,2036.6609
2023-04-30,P0025,W006,868,860.31116
2023-04-30,P0026,W001,155,156.48567
2023-04-30,P0026,W002,258,260.3607
2023-04-30,P0026,W003,326,329.57397
2023-04-30,P0026,W004,246,250.95892
2023-04-30,P0026,W005,244,248.59479
2023-04-30,P0026,W006,343,350.5168
2023-04-30,P0027,W001,445,446.38324
2023-04-30,P0027,W002,612,625.1325
2023-04-30,P0027,W003,788,778.6192
2023-04-30,P0027,W004,671,677.3777
2023-04-30,P0027,W005,785,809.1358
2023-04-30,P0027,W006,978,991.1206
2023-04-30,P0028,W001,432,427.42444
2023-04-30,P0028,W002,260,260.88217
2023-04-30,P0028,W003,526,526.63556
2023-04-30,P0028,W004,470,469.03067
2023-04-30,P0028,W005,480,481.41214
2023-04-30,P0028,W006,356,350.1052
2023-04-30,P0029,W001,1353,1355.8947
2023-04-30,P0029,W002,1808,1738.0056
2023-04-30,P0029,W003,1795,1837.0415
2023-04-30,P0029,W004,1355,1338.5919
2023-04-30,P0029,W005,2654,2620.2473
2023-04-30,P0029,W006,1739,1720.7429
2023-04-30,P0030,W001,515,525.3726
2023-04-30,P0030,W002,1137,1203.2654
2023-04-30,P0030,W003,819,849.3468
2023-04-30,P0030,W004,458,472.59763
2023-04-30,P0030,W005,546,558.0105
2023-04-30,P0030,W006,993,1012.19006
2023-04-30,P0031,W001,2494,2540.8088
2023-04-30,P0031,W002,2367,2314.799
2023-04-30,P0031,W003,1893,1844.3274
2023-04-30,P0031,W004,1771,1767.0477
2023-04-30,P0031,W005,2657,2702.527
2023-04-30,P0031,W006,1438,1419.907
2023-04-30,P0032,W001,801,796.5367
2023-04-30,P0032,W002,1166,1149.2526
2023-04-30,P0032,W003,734,762.81177
2023-04-30,P0032,W004,1165,1176.5992
2023-04-30,P0032,W005,1292,1308.7286
2023-04-30,P0032,W006,623,634.7607
2023-04-30,P0033,W001,1078,1087.6144
2023-04-30,P0033,W002,2138,2088.968
2023-04-30,P0033,W003,1769,1758.3671
2023-04-30,P0033,W004,2014,2030.7112
2023-04-30,P0033,W005,1828,1858.8354
2023-04-30,P0033,W006,2403,2391.4548
2023-04-30,P0034,W001,464,459.70624
2023-04-30,P0034,W002,182,190.35109
2023-04-30,P0034,W003,160,161.92929
2023-04-30,P0034,W004,284,285.9396
2023-04-30,P0034,W005,317,327.1397
2023-04-30,P0034,W006,307,318.8589
2023-04-30,P0035,W001,306,314.4413
2023-04-30,P0035,W002,285,282.92526
2023-04-30,P0035,W003,364,362.01724
2023-04-30,P0035,W004,373,368.66254
2023-04-30,P0035,W005,234,223.47047
2023-04-30,P0035,W006,519,514.12744
2023-04-30,P0036,W001,542,560.1878
2023-04-30,P0036,W002,712,715.75696
2023-04-30,P0036,W003,870,899.21045
2023-04-30,P0036,W004,1355,1380.4498
2023-04-30,P0036,W005,543,550.4415
2023-04-30,P0036,W006,1347,1308.7559
2023-04-30,P0037,W001,1466,1457.9697
2023-04-30,P0037,W002,1540,1520.6793
2023-04-30,P0037,W003,1136,1157.5846
2023-04-30,P0037,W004,1427,1412.2799
2023-04-30,P0037,W005,834,815.20636
2023-04-30,P0037,W006,577,556.6125
2023-04-30,P0038,W001,827,816.5553
2023-04-30,P0038,W002,1003,1009.5442
2023-04-30,P0038,W003,1141,1150.9154
2023-04-30,P0038,W004,957,976.32275
2023-04-30,P0038,W005,1136,1146.1932
2023-04-30,P0038,W006,1420,1418.1715
2023-04-30,P0039,W001,1775,1771.9598
2023-04-30,P0039,W002,1338,1323.4135
2023-04-30,P0039,W003,1326,1352.5706
2023-04-30,P0039,W004,1470,1451.7153
2023-04-30,P0039,W005,2168,2124.6233
2023-04-30,P0039,W006,1451,1489.0054
2023-04-30,P0040,W001,2519,2503.4954
2023-04-30,P0040,W002,1033,1060.4423
2023-04-30,P0040,W003,1081,1115.809
2023-04-30,P0040,W004,1458,1501.1497
2023-04-30,P0040,W005,1899,1893.7642
2023-04-30,P0040,W006,2094,2080.4558
2023-04-30,P0041,W001,1538,1562.5133
2023-04-30,P0041,W002,1383,1371.0261
2023-04-30,P0041,W003,1033,1038.1857
2023-04-30,P0041,W004,844,831.32837
2023-04-30,P0041,W005,1023,1030.3081
2023-04-30,P0041,W006,1428,1414.9332
2023-04-30,P0042,W001,790,769.9541
2023-04-30,P0042,W002,1228,1207.5702
2023-04-30,P0042,W003,1124,1143.1061
2023-04-30,P0042,W004,1528,1533.9581
2023-04-30,P0042,W005,1431,1419.7659
2023-04-30,P0042,W006,1708,1712.7273
2023-04-30,P0043,W001,1201,1207.9277
2023-04-30,P0043,W002,1633,1646.3585
2023-04-30,P0043,W003,1347,1360.2991
2023-04-30,P0043,W004,1230,1202.0836
2023-04-30,P0043,W005,1161,1144.2196
2023-04-30,P0043,W006,871,880.856
2023-04-30,P0044,W001,398,401.37354
2023-04-30,P0044,W002,275,273.63226
2023-04-30,P0044,W003,369,372.11932
2023-04-30,P0044,W004,280,274.50226
2023-04-30,P0044,W005,425,426.7056
2023-04-30,P0044,W006,277,278.2993
2023-04-30,P0045,W001,2383,2360.1494
2023-04-30,P0045,W002,1149,1125.6595
2023-04-30,P0045,W003,1105,1069.6704
2023-04-30,P0045,W004,1767,1727.0988
2023-04-30,P0045,W005,2448,2417.4065
2023-04-30,P0045,W006,2114,2126.7354
2023-04-30,P0046,W001,775,778.2662
2023-04-30,P0046,W002,1450,1397.593
2023-04-30,P0046,W003,1230,1227.4319
2023-04-30,P0046,W004,738,746.1655
2023-04-30,P0046,W005,1180,1174.6995
2023-04-30,P0046,W006,908,927.7566
2023-04-30,P0047,W001,867,873.08136
2023-04-30,P0047,W002,810,805.86536
2023-04-30,P0047,W003,566,590.9735
2023-04-30,P0047,W004,1170,1137.861
2023-04-30,P0047,W005,1372,1366.5452
2023-04-30,P0047,W006,535,544.0412
2023-04-30,P0048,W001,1544,1577.058
2023-04-30,P0048,W002,2860,2927.2532
2023-04-30,P0048,W003,1436,1490.247
2023-04-30,P0048,W004,1611,1608.4869
2023-04-30,P0048,W005,2231,2277.774
2023-04-30,P0048,W006,1752,1722.2266
2023-04-30,P0049,W001,1553,1538.7913
2023-04-30,P0049,W002,943,981.29193
2023-04-30,P0049,W003,1332,1264.198
2023-04-30,P0049,W004,1113,1107.0631
2023-04-30,P0049,W005,1066,1056.9244
2023-04-30,P0049,W006,884,872.1701
2023-04-30,P0050,W001,2810,2787.5476
2023-04-30,P0050,W002,1664,1677.2473
2023-04-30,P0050,W003,1700,1707.6282
2023-04-30,P0050,W004,2340,2325.8608
2023-04-30,P0050,W005,1414,1407.7521
2023-04-30,P0050,W006,2218,2290.0776
2023-04-30,P0051,W001,1230,1251.7397
2023-04-30,P0051,W002,775,759.832
2023-04-30,P0051,W003,1906,1891.7089
2023-04-30,P0051,W004,1769,1768.315
2023-04-30,P0051,W005,1070,1051.6471
2023-04-30,P0051,W006,1246,1247.9158
2023-04-30,P0052,W001,1475,1498.5691
2023-04-30,P0052,W002,1649,1663.3416
2023-04-30,P0052,W003,1388,1430.1932
2023-04-30,P0052,W004,1926,1897.7174
2023-04-30,P0052,W005,858,864.51825
2023-04-30,P0052,W006,1991,2026.8593
2023-04-30,P0053,W001,772,772.9665
2023-04-30,P0053,W002,584,579.3201
2023-04-30,P0053,W003,447,449.25458
2023-04-30,P0053,W004,543,527.00494
2023-04-30,P0053,W005,462,460.3242
2023-04-30,P0053,W006,908,883.54095
2023-04-30,P0054,W001,1662,1660.8556
2023-04-30,P0054,W002,2924,2910.4155
2023-04-30,P0054,W003,1034,1039.5524
2023-04-30,P0054,W004,2752,2731.452
2023-04-30,P0054,W005,1778,1782.7352
2023-04-30,P0054,W006,2785,2753.0566
2023-04-30,P0055,W001,2395,2383.447
2023-04-30,P0055,W002,1412,1421.7064
2023-04-30,P0055,W003,1405,1341.9348
2023-04-30,P0055,W004,2023,1990.1683
2023-04-30,P0055,W005,2546,2491.039
2023-04-30,P0055,W006,1823,1854.363
2023-04-30,P0056,W001,1199,1189.5494
2023-04-30,P0056,W002,1005,993.7137
2023-04-30,P0056,W003,565,564.3736
2023-04-30,P0056,W004,709,723.0259
2023-04-30,P0056,W005,1569,1506.8772
2023-04-30,P0056,W006,819,836.46515
2023-04-30,P0057,W001,2566,2589.678
2023-04-30,P0057,W002,1352,1344.755
2023-04-30,P0057,W003,1214,1202.351
2023-04-30,P0057,W004,2380,2457.04
2023-04-30,P0057,W005,1062,1090.897
2023-04-30,P0057,W006,1772,1825.4231
2023-04-30,P0058,W001,2339,2327.44
2023-04-30,P0058,W002,2294,2308.8027
2023-04-30,P0058,W003,1291,1287.8265
2023-04-30,P0058,W004,1932,1958.9851
2023-04-30,P0058,W005,1724,1707.8458
2023-04-30,P0058,W006,1890,1881.8643
2023-04-30,P0059,W001,1176,1140.7565
2023-04-30,P0059,W002,939,930.8306
2023-04-30,P0059,W003,639,643.9611
2023-04-30,P0059,W004,811,828.5959
2023-04-30,P0059,W005,1282,1276.1814
2023-04-30,P0059,W006,563,550.19824
2023-04-30,P0060,W001,1116,1172.4255
2023-04-30,P0060,W002,1267,1268.5132
2023-04-30,P0060,W003,1257,1251.702
2023-04-30,P0060,W004,2043,2043.8427
2023-04-30,P0060,W005,1323,1347.565
2023-04-30,P0060,W006,2013,2022.6793
2023-05-31,P0001,W001,427,426.52142
2023-05-31,P0001,W002,993,1014.5929
2023-05-31,P0001,W003,528,539.8634
2023-05-31,P0001,W004,884,909.70276
2023-05-31,P0001,W005,443,452.76804
2023-05-31,P0001,W006,533,528.0568
2023-05-31,P0002,W001,1100,1073.7311
2023-05-31,P0002,W002,710,716.45593
2023-05-31,P0002,W003,929,947.368
2023-05-31,P0002,W004,985,1001.1479
2023-05-31,P0002,W005,994,1003.99615
2023-05-31,P0002,W006,1045,1015.9096
2023-05-31,P0003,W001,697,709.18164
2023-05-31,P0003,W002,661,659.4904
2023-05-31,P0003,W003,304,311.96262
2023-05-31,P0003,W004,618,603.6816
2023-05-31,P0003,W005,666,667.742
2023-05-31,P0003,W006,654,635.001
2023-05-31,P0004,W001,1202,1253.9769
2023-05-31,P0004,W002,2367,2425.5203
2023-05-31,P0004,W003,1920,2024.0072
2023-05-31,P0004,W004,1858,1901.8822
2023-05-31,P0004,W005,2407,2353.3657
2023-05-31,P0004,W006,1645,1683.8406
2023-05-31,P0005,W001,226,222.95032
2023-05-31,P0005,W002,342,331.21146
2023-05-31,P0005,W003,538,536.4816
2023-05-31,P0005,W004,528,523.2091
2023-05-31,P0005,W005,301,301.18887
2023-05-31,P0005,W006,350,344.32745
2023-05-31,P0006,W001,405,398.87686
2023-05-31,P0006,W002,529,543.0732
2023-05-31,P0006,W003,581,564.7666
2023-05-31,P0006,W004,272,273.72812
2023-05-31,P0006,W005,642,641.87616
2023-05-31,P0006,W006,450,442.86905
2023-05-31,P0007,W001,385,385.33862
2023-05-31,P0007,W002,1026,1037.5038
2023-05-31,P0007,W003,449,443.32315
2023-05-31,P0007,W004,1081,1047.7899
2023-05-31,P0007,W005,709,694.2051
2023-05-31,P0007,W006,390,397.1379
2023-05-31,P0008,W001,772,773.58246
2023-05-31,P0008,W002,1543,1520.9049
2023-05-31,P0008,W003,962,958.26715
2023-05-31,P0008,W004,857,859.84796
2023-05-31,P0008,W005,932,931.3825
2023-05-31,P0008,W006,1801,1865.687
2023-05-31,P0009,W001,433,438.39987
2023-05-31,P0009,W002,570,566.36505
2023-05-31,P0009,W003,788,819.9188
2023-05-31,P0009,W004,830,839.27783
2023-05-31,P0009,W005,1065,1064.6926
2023-05-31,P0009,W006,525,519.9476
2023-05-31,P0010,W001,2727,2643.9253
2023-05-31,P0010,W002,1217,1204.1265
2023-05-31,P0010,W003,2734,2705.2556
2023-05-31,P0010,W004,1693,1710.7118
2023-05-31,P0010,W005,2193,2244.9028
2023-05-31,P0010,W006,2236,2217.9614
2023-05-31,P0011,W001,503,485.23056
2023-05-31,P0011,W002,444,443.9641
2023-05-31,P0011,W003,1018,1000.2793
2023-05-31,P0011,W004,437,454.67447
2023-05-31,P0011,W005,445,434.9233
2023-05-31,P0011,W006,885,881.9977
2023-05-31,P0012,W001,758,755.6627
2023-05-31,P0012,W002,751,747.8478
2023-05-31,P0012,W003,624,616.88416
2023-05-31,P0012,W004,707,710.7318
2023-05-31,P0012,W005,682,687.84235
2023-05-31,P0012,W006,676,666.84985
2023-05-31,P0013,W001,1087,1072.2244
2023-05-31,P0013,W002,2038,2006.8202
2023-05-31,P0013,W003,1741,1745.2712
2023-05-31,P0013,W004,2475,2457.4883
2023-05-31,P0013,W005,1181,1174.0042
2023-05-31,P0013,W006,882,918.05536
2023-05-31,P0014,W001,896,905.1827
2023-05-31,P0014,W002,644,649.4872
2023-05-31,P0014,W003,1019,1030.972
2023-05-31,P0014,W004,1162,1167.9546
2023-05-31,P0014,W005,1320,1325.3259
2023-05-31,P0014,W006,588,593.54816
2023-05-31,P0015,W001,317,309.90598
2023-05-31,P0015,W002,650,658.5189
2023-05-31,P0015,W003,720,708.4669
2023-05-31,P0015,W004,885,910.7266
2023-05-31,P0015,W005,358,361.46237
2023-05-31,P0015,W006,337,337.23178
2023-05-31,P0016,W001,488,489.32465
2023-05-31,P0016,W002,381,383.87732
2023-05-31,P0016,W003,405,402.53778
2023-05-31,P0016,W004,589,565.08923
2023-05-31,P0016,W005,543,549.6487
2023-05-31,P0016,W006,546,560.0114
2023-05-31,P0017,W001,475,478.9204
2023-05-31,P0017,W002,1227,1204.9631
2023-05-31,P0017,W003,1007,1021.54553
2023-05-31,P0017,W004,559,551.00946
2023-05-31,P0017,W005,572,559.3915
2023-05-31,P0017,W006,696,669.3094
2023-05-31,P0018,W001,675,662.029
2023-05-31,P0018,W002,330,332.64642
2023-05-31,P0018,W003,443,445.92334
2023-05-31,P0018,W004,277,284.45135
2023-05-31,P0018,W005,620,628.2558
2023-05-31,P0018,W006,429,425.3783
2023-05-31,P0019,W001,1540,1566.8506
2023-05-31,P0019,W002,1420,1448.0138
2023-05-31,P0019,W003,1018,1033.6947
2023-05-31,P0019,W004,2691,2713.8357
2023-05-31,P0019,W005,1751,1763.7162
2023-05-31,P0019,W006,2441,2487.1472
2023-05-31,P0020,W001,1453,1417.0684
2023-05-31,P0020,W002,1431,1428.9109
2023-05-31,P0020,W003,1987,1929.0732
2023-05-31,P0020,W004,1516,1476.5577
2023-05-31,P0020,W005,1956,1971.9612
2023-05-31,P0020,W006,2452,2455.5352
2023-05-31,P0021,W001,1287,1310.5671
2023-05-31,P0021,W002,1501,1509.9469
2023-05-31,P0021,W003,926,916.7873
2023-05-31,P0021,W004,860,857.6555
2023-05-31,P0021,W005,1243,1235.0408
2023-05-31,P0021,W006,1241,1257.7365
2023-05-31,P0022,W001,415,412.91364
2023-05-31,P0022,W002,338,350.91083
2023-05-31,P0022,W003,331,352.90955
2023-05-31,P0022,W004,292,298.43536
2023-05-31,P0022,W005,374,375.8106
2023-05-31,P0022,W006,336,342.6471
2023-05-31,P0023,W001,1924,1996.8434
2023-05-31,P0023,W002,2575,2559.726
2023-05-31,P0023,W003,1022,1020.9645
2023-05-31,P0023,W004,2243,2165.2122
2023-05-31,P0023,W005,1638,1646.7594
2023-05-31,P0023,W006,2080,2056.203
2023-05-31,P0024,W001,1106,1106.8508
2023-05-31,P0024,W002,1241,1193.3152
2023-05-31,P0024,W003,1683,1683.2759
2023-05-31,P0024,W004,2401,2346.647
2023-05-31,P0024,W005,1591,1556.2382
2023-05-31,P0024,W006,2208,2204.9473
2023-05-31,P0025,W001,791,784.7158
2023-05-31,P0025,W002,921,945.09247
2023-05-31,P0025,W003,1643,1607.0604
2023-05-31,P0025,W004,1898,1885.7428
2023-05-31,P0025,W005,1924,1918.9204
2023-05-31,P0025,W006,792,830.6702
2023-05-31,P0026,W001,156,169.89203
2023-05-31,P0026,W002,255,278.0674
2023-05-31,P0026,W003,358,369.16235
2023-05-31,P0026,W004,263,272.555
2023-05-31,P0026,W005,261,276.79977
2023-05-31,P0026,W006,348,370.26526
2023-05-31,P0027,W001,403,409.96307
2023-05-31,P0027,W002,596,576.9506
2023-05-31,P0027,W003,773,782.76385
2023-05-31,P0027,W004,588,603.92444
2023-05-31,P0027,W005,760,763.25726
2023-05-31,P0027,W006,900,913.79333
2023-05-31,P0028,W001,408,412.84106
2023-05-31,P0028,W002,236,236.06044
2023-05-31,P0028,W003,510,504.50464
2023-05-31,P0028,W004,431,436.46075
2023-05-31,P0028,W005,487,479.7168
2023-05-31,P0028,W006,331,330.94064
2023-05-31,P0029,W001,1271,1293.9585
2023-05-31,P0029,W002,1700,1719.3357
2023-05-31,P0029,W003,1823,1763.7273
2023-05-31,P0029,W004,1233,1269.6686
2023-05-31,P0029,W005,2497,2502.6128
2023-05-31,P0029,W006,1618,1665.6804
2023-05-31,P0030,W001,427,444.36194
2023-05-31,P0030,W002,995,1012.1017
2023-05-31,P0030,W003,722,732.2093
2023-05-31,P0030,W004,389,407.15146
2023-05-31,P0030,W005,495,500.9425
2023-05-31,P0030,W006,836,876.01807
2023-05-31,P0031,W001,2410,2417.8057
2023-05-31,P0031,W002,2283,2282.6135
2023-05-31,P0031,W003,1677,1720.8582
2023-05-31,P0031,W004,1805,1762.0182
2023-05-31,P0031,W005,2716,2664.2612
2023-05-31,P0031,W006,1319,1345.891
2023-05-31,P0032,W001,800,792.12573
2023-05-31,P0032,W002,1106,1117.929
2023-05-31,P0032,W003,733,713.2997
2023-05-31,P0032,W004,1085,1088.4049
2023-05-31,P0032,W005,1197,1206.962
2023-05-31,P0032,W006,594,591.67017
2023-05-31,P0033,W001,1019,1037.6356
2023-05-31,P0033,W002,1971,1988.851
2023-05-31,P0033,W003,1728,1694.7781
2023-05-31,P0033,W004,1919,1882.7778
2023-05-31,P0033,W005,1689,1702.8369
2023-05-31,P0033,W006,2228,2249.1545
2023-05-31,P0034,W001,424,435.69626
2023-05-31,P0034,W002,169,178.21785
2023-05-31,P0034,W003,156,160.41328
2023-05-31,P0034,W004,279,271.2589
2023-05-31,P0034,W005,306,303.40616
2023-05-31,P0034,W006,296,289.29382
2023-05-31,P0035,W001,315,308.1159
2023-05-31,P0035,W002,256,261.68466
2023-05-31,P0035,W003,368,366.61194
2023-05-31,P0035,W004,360,356.57068
2023-05-31,P0035,W005,230,231.3336
2023-05-31,P0035,W006,488,492.29047
2023-05-31,P0036,W001,531,516.49664
2023-05-31,P0036,W002,687,686.1198
2023-05-31,P0036,W003,913,890.49445
2023-05-31,P0036,W004,1336,1293.2603
2023-05-31,P0036,W005,542,530.4434
2023-05-31,P0036,W006,1228,1265.0712
2023-05-31,P0037,W001,1433,1406.5144
2023-05-31,P0037,W002,1424,1417.9371
2023-05-31,P0037,W003,1128,1113.466
2023-05-31,P0037,W004,1388,1395.9642
2023-05-31,P0037,W005,762,773.4098
2023-05-31,P0037,W006,540,561.1705
2023-05-31,P0038,W001,798,786.71387
2023-05-31,P0038,W002,954,963.4672
2023-05-31,P0038,W003,1135,1090.2732
2023-05-31,P0038,W004,906,895.27167
2023-05-31,P0038,W005,1059,1065.1487
2023-05-31,P0038,W006,1271,1308.1648
2023-05-31,P0039,W001,1725,1708.22
2023-05-31,P0039,W002,1291,1324.5343
2023-05-31,P0039,W003,1300,1280.4321
2023-05-31,P0039,W004,1347,1368.0074
2023-05-31,P0039,W005,2133,2073.685
2023-05-31,P0039,W006,1496,1465.6829
2023-05-31,P0040,W001,2524,2438.8354
2023-05-31,P0040,W002,1010,1011.553
2023-05-31,P0040,W003,1047,1017.6727
2023-05-31,P0040,W004,1495,1468.5696
2023-05-31,P0040,W005,1778,1800.0856
2023-05-31,P0040,W006,1800,1816.9144
2023-05-31,P0041,W001,1472,1446.264
2023-05-31,P0041,W002,1370,1358.1057
2023-05-31,P0041,W003,990,986.30524
2023-05-31,P0041,W004,766,778.9046
2023-05-31,P0041,W005,955,963.9021
2023-05-31,P0041,W006,1482,1442.9412
2023-05-31,P0042,W001,774,774.4322
2023-05-31,P0042,W002,1212,1248.401
2023-05-31,P0042,W003,1152,1133.41
2023-05-31,P0042,W004,1455,1488.0621
2023-05-31,P0042,W005,1460,1468.0289
2023-05-31,P0042,W006,1831,1789.5065
2023-05-31,P0043,W001,1089,1101.7671
2023-05-31,P0043,W002,1635,1576.794
2023-05-31,P0043,W003,1360,1322.268
2023-05-31,P0043,W004,1151,1142.193
2023-05-31,P0043,W005,1060,1068.41
2023-05-31,P0043,W006,856,850.021
2023-05-31,P0044,W001,364,366.90506
2023-05-31,P0044,W002,252,258.28192
2023-05-31,P0044,W003,344,339.31903
2023-05-31,P0044,W004,274,275.13974
2023-05-31,P0044,W005,414,414.73187
2023-05-31,P0044,W006,250,251.9089
2023-05-31,P0045,W001,2358,2352.731
2023-05-31,P0045,W002,1056,1081.6097
2023-05-31,P0045,W003,1056,1081.8645
2023-05-31,P0045,W004,1658,1685.6903
2023-05-31,P0045,W005,2303,2305.7793
2023-05-31,P0045,W006,2154,2104.49
2023-05-31,P0046,W001,713,726.5638
2023-05-31,P0046,W002,1398,1400.3074
2023-05-31,P0046,W003,1185,1180.8789
2023-05-31,P0046,W004,672,672.3613
2023-05-31,P0046,W005,1137,1133.3512
2023-05-31,P0046,W006,928,912.44305
2023-05-31,P0047,W001,863,870.5304
2023-05-31,P0047,W002,742,737.0567
2023-05-31,P0047,W003,541,536.3302
2023-05-31,P0047,W004,1054,1094.585
2023-05-31,P0047,W005,1259,1279.7264
2023-05-31,P0047,W006,521,507.79935
2023-05-31,P0048,W001,1623,1696.3577
2023-05-31,P0048,W002,3205,3186.397
2023-05-31,P0048,W003,1503,1568.2662
2023-05-31,P0048,W004,1664,1739.3105
2023-05-31,P0048,W005,2429,2455.0989
2023-05-31,P0048,W006,1789,1903.3164
2023-05-31,P0049,W001,1464,1452.8134
2023-05-31,P0049,W002,874,877.45514
2023-05-31,P0049,W003,1174,1210.2205
2023-05-31,P0049,W004,978,1005.5052
2023-05-31,P0049,W005,959,973.6975
2023-05-31,P0049,W006,854,863.791
2023-05-31,P0050,W001,2632,2653.356
2023-05-31,P0050,W002,1645,1623.9055
2023-05-31,P0050,W003,1535,1564.9359
2023-05-31,P0050,W004,2263,2252.4697
2023-05-31,P0050,W005,1323,1366.1879
2023-05-31,P0050,W006,1975,2048.0818
2023-05-31,P0051,W001,1150,1145.3049
2023-05-31,P0051,W002,745,744.36914
2023-05-31,P0051,W003,1803,1814.8634
2023-05-31,P0051,W004,1656,1656.7734
2023-05-31,P0051,W005,1021,1029.2277
2023-05-31,P0051,W006,1205,1215.9955
2023-05-31,P0052,W001,1400,1398.8441
2023-05-31,P0052,W002,1660,1627.6754
2023-05-31,P0052,W003,1394,1361.737
2023-05-31,P0052,W004,1705,1759.214
2023-05-31,P0052,W005,816,821.7437
2023-05-31,P0052,W006,2025,1976.9036
2023-05-31,P0053,W001,724,738.14465
2023-05-31,P0053,W002,540,531.9506
2023-05-31,P0053,W003,419,411.45544
2023-05-31,P0053,W004,484,492.27
2023-05-31,P0053,W005,446,447.91562
2023-05-31,P0053,W006,861,856.3868
2023-05-31,P0054,W001,1547,1567.5109
2023-05-31,P0054,W002,2733,2755.0618
2023-05-31,P0054,W003,953,964.9897
2023-05-31,P0054,W004,2594,2606.0842
2023-05-31,P0054,W005,1598,1627.4202
2023-05-31,P0054,W006,2718,2682.142
2023-05-31,P0055,W001,2193,2264.742
2023-05-31,P0055,W002,1386,1357.5118
2023-05-31,P0055,W003,1362,1362.9487
2023-05-31,P0055,W004,1988,1954.7811
2023-05-31,P0055,W005,2508,2489.1506
2023-05-31,P0055,W006,1682,1713.3546
2023-05-31,P0056,W001,1138,1134.6484
2023-05-31,P0056,W002,918,924.96674
2023-05-31,P0056,W003,553,559.9654
2023-05-31,P0056,W004,725,711.10986
2023-05-31,P0056,W005,1533,1525.8563
2023-05-31,P0056,W006,750,771.11304
2023-05-31,P0057,W001,2619,2629.3745
2023-05-31,P0057,W002,1417,1429.7992
2023-05-31,P0057,W003,1221,1239.1237
2023-05-31,P0057,W004,2583,2482.9595
2023-05-31,P0057,W005,991,1016.3687
2023-05-31,P0057,W006,1863,1857.1754
2023-05-31,P0058,W001,2261,2278.3887
2023-05-31,P0058,W002,2335,2195.7964
2023-05-31,P0058,W003,1182,1176.2797
2023-05-31,P0058,W004,1815,1827.7136
2023-05-31,P0058,W005,1643,1631.1617
2023-05-31,P0058,W006,1894,1866.3799
2023-05-31,P0059,W001,1069,1078.9955
2023-05-31,P0059,W002,845,869.9686
2023-05-31,P0059,W003,598,586.63617
2023-05-31,P0059,W004,776,782.4653
2023-05-31,P0059,W005,1283,1262.4506
2023-05-31,P0059,W006,540,552.4583
2023-05-31,P0060,W001,1109,1080.9796
2023-05-31,P0060,W002,1223,1212.1338
2023-05-31,P0060,W003,1235,1213.6171
2023-05-31,P0060,W004,1998,1988.1716
2023-05-31,P0060,W005,1332,1297.0887
2023-05-31,P0060,W006,1971,1974.1505
2023-06-30,P0001,W001,379,378.71686
2023-06-30,P0001,W002,902,883.4537
2023-06-30,P0001,W003,455,456.07785
2023-06-30,P0001,W004,799,770.60425
2023-06-30,P0001,W005,400,393.8183
2023-06-30,P0001,W006,453,446.12357
2023-06-30,P0002,W001,943,956.53796
2023-06-30,P0002,W002,611,621.6942
2023-06-30,P0002,W003,783,779.5076
2023-06-30,P0002,W004,888,882.8474
2023-06-30,P0002,W005,873,859.6924
2023-06-30,P0002,W006,860,862.8885
2023-06-30,P0003,W001,757,737.0057
2023-06-30,P0003,W002,672,689.2582
2023-06-30,P0003,W003,360,353.80814
2023-06-30,P0003,W004,659,697.3035
2023-06-30,P0003,W005,719,715.43274
2023-06-30,P0003,W006,672,678.35406
2023-06-30,P0004,W001,1021,1028.8823
2023-06-30,P0004,W002,2099,2078.1477
2023-06-30,P0004,W003,1649,1640.2993
2023-06-30,P0004,W004,1738,1687.2416
2023-06-30,P0004,W005,2120,2090.4546
2023-06-30,P0004,W006,1363,1394.6182
2023-06-30,P0005,W001,186,190.35257
2023-06-30,P0005,W002,291,292.0054
2023-06-30,P0005,W003,477,464.62723
2023-06-30,P0005,W004,457,454.1474
2023-06-30,P0005,W005,249,248.83585
2023-06-30,P0005,W006,283,291.64316
2023-06-30,P0006,W001,346,350.37347
2023-06-30,P0006,W002,464,457.9642
2023-06-30,P0006,W003,504,500.55322
2023-06-30,P0006,W004,260,252.20294
2023-06-30,P0006,W005,534,541.5618
2023-06-30,P0006,W006,376,382.79977
2023-06-30,P0007,W001,354,379.8011
2023-06-30,P0007,W002,904,949.20013
2023-06-30,P0007,W003,422,451.9513
2023-06-30,P0007,W004,1010,1063.3217
2023-06-30,P0007,W005,650,689.0481
2023-06-30,P0007,W006,368,396.9108
2023-06-30,P0008,W001,685,661.43384
2023-06-30,P0008,W002,1369,1356.4634
2023-06-30,P0008,W003,828,843.15247
2023-06-30,P0008,W004,781,776.45917
2023-06-30,P0008,W005,857,849.3338
2023-06-30,P0008,W006,1583,1540.6641
2023-06-30,P0009,W001,352,346.0517
2023-06-30,P0009,W002,496,507.41647
2023-06-30,P0009,W003,694,673.35065
2023-06-30,P0009,W004,737,737.4693
2023-06-30,P0009,W005,884,901.7368
2023-06-30,P0009,W006,438,442.1458
2023-06-30,P0010,W001,2244,2226.4414
2023-06-30,P0010,W002,995,1002.05835
2023-06-30,P0010,W003,2303,2278.6523
2023-06-30,P0010,W004,1469,1462.166
2023-06-30,P0010,W005,1966,1936.5995
2023-06-30,P0010,W006,1942,1942.0618
2023-06-30,P0011,W001,422,437.7915
2023-06-30,P0011,W002,399,393.40787
2023-06-30,P0011,W003,884,873.6015
2023-06-30,P0011,W004,393,382.4841
2023-06-30,P0011,W005,380,380.83072
2023-06-30,P0011,W006,732,745.1388
2023-06-30,P0012,W001,621,627.66724
2023-06-30,P0012,W002,630,636.6924
2023-06-30,P0012,W003,514,522.87616
2023-06-30,P0012,W004,586,598.2516
2023-06-30,P0012,W005,589,590.4355
2023-06-30,P0012,W006,559,566.1354
2023-06-30,P0013,W001,1163,1221.606
2023-06-30,P0013,W002,2112,2163.484
2023-06-30,P0013,W003,1854,1949.3057
2023-06-30,P0013,W004,2690,2679.913
2023-06-30,P0013,W005,1149,1270.5132
2023-06-30,P0013,W006,994,998.1935
2023-06-30,P0014,W001,795,795.4193
2023-06-30,P0014,W002,557,556.15515
2023-06-30,P0014,W003,890,880.78125
2023-06-30,P0014,W004,1032,1035.3573
2023-06-30,P0014,W005,1205,1184.1254
2023-06-30,P0014,W006,502,495.6124
2023-06-30,P0015,W001,274,272.26068
2023-06-30,P0015,W002,605,590.7599
2023-06-30,P0015,W003,641,639.7876
2023-06-30,P0015,W004,783,759.9875
2023-06-30,P0015,W005,313,313.79276
2023-06-30,P0015,W006,301,300.5424
2023-06-30,P0016,W001,423,421.02774
2023-06-30,P0016,W002,337,334.53928
2023-06-30,P0016,W003,341,343.8981
2023-06-30,P0016,W004,520,522.2329
2023-06-30,P0016,W005,467,466.07547
2023-06-30,P0016,W006,490,466.7796
2023-06-30,P0017,W001,405,412.3033
2023-06-30,P0017,W002,1082,1108.5704
2023-06-30,P0017,W003,912,948.046
2023-06-30,P0017,W004,534,530.9563
2023-06-30,P0017,W005,515,513.7279
2023-06-30,P0017,W006,594,611.0787
2023-06-30,P0018,W001,543,572.62976
2023-06-30,P0018,W002,279,281.65063
2023-06-30,P0018,W003,364,380.75458
2023-06-30,P0018,W004,222,239.65208
2023-06-30,P0018,W005,514,534.67206
2023-06-30,P0018,W006,344,355.67725
2023-06-30,P0019,W001,1242,1277.7932
2023-06-30,P0019,W002,1228,1203.849
2023-06-30,P0019,W003,944,908.89417
2023-06-30,P0019,W004,2396,2362.6318
2023-06-30,P0019,W005,1485,1472.0426
2023-06-30,P0019,W006,2185,2108.445
2023-06-30,P0020,W001,1149,1170.8973
2023-06-30,P0020,W002,1194,1197.022
2023-06-30,P0020,W003,1745,1725.9677
2023-06-30,P0020,W004,1196,1234.3934
2023-06-30,P0020,W005,1692,1658.4963
2023-06-30,P0020,W006,2081,2071.7168
2023-06-30,P0021,W001,1099,1099.6454
2023-06-30,P0021,W002,1368,1336.1787
2023-06-30,P0021,W003,803,822.82513
2023-06-30,P0021,W004,730,736.20355
2023-06-30,P0021,W005,1036,1049.3024
2023-06-30,P0021,W006,1021,1028.4359
2023-06-30,P0022,W001,353,353.16553
2023-06-30,P0022,W002,322,309.91785
2023-06-30,P0022,W003,293,285.32025
2023-06-30,P0022,W004,267,260.04575
2023-06-30,P0022,W005,329,323.68954
2023-06-30,P0022,W006,292,291.386
2023-06-30,P0023,W001,1605,1576.7719
2023-06-30,P0023,W002,2121,2120.383
2023-06-30,P0023,W003,833,845.94305
2023-06-30,P0023,W004,1828,1884.5382
2023-06-30,P0023,W005,1459,1447.803
2023-06-30,P0023,W006,1767,1775.321
2023-06-30,P0024,W001,934,935.88477
2023-06-30,P0024,W002,1035,1052.6428
2023-06-30,P0024,W003,1489,1470.7279
2023-06-30,P0024,W004,2001,2025.0626
2023-06-30,P0024,W005,1397,1391.059
2023-06-30,P0024,W006,1819,1804.6959
2023-06-30,P0025,W001,659,665.7921
2023-06-30,P0025,W002,827,824.5371
2023-06-30,P0025,W003,1434,1431.84
2023-06-30,P0025,W004,1682,1696.2711
2023-06-30,P0025,W005,1670,1679.4839
2023-06-30,P0025,W006,691,666.1191
2023-06-30,P0026,W001,134,138.39441
2023-06-30,P0026,W002,208,207.51282
2023-06-30,P0026,W003,279,284.73108
2023-06-30,P0026,W004,196,201.76295
2023-06-30,P0026,W005,207,209.91856
2023-06-30,P0026,W006,285,287.02258
2023-06-30,P0027,W001,369,363.24118
2023-06-30,P0027,W002,494,510.96768
2023-06-30,P0027,W003,687,679.5928
2023-06-30,P0027,W004,527,513.089
2023-06-30,P0027,W005,683,670.4424
2023-06-30,P0027,W006,802,793.9703
2023-06-30,P0028,W001,352,343.53754
2023-06-30,P0028,W002,215,215.9099
2023-06-30,P0028,W003,434,444.8378
2023-06-30,P0028,W004,377,373.54367
2023-06-30,P0028,W005,398,401.62494
2023-06-30,P0028,W006,303,302.24173
2023-06-30,P0029,W001,1125,1093.4741
2023-06-30,P0029,W002,1474,1461.6075
2023-06-30,P0029,W003,1677,1659.3005
2023-06-30,P0029,W004,1046,1052.3922
2023-06-30,P0029,W005,2167,2149.0151
2023-06-30,P0029,W006,1485,1454.2542
2023-06-30,P0030,W001,390,383.11798
2023-06-30,P0030,W002,870,853.32733
2023-06-30,P0030,W003,615,628.10065
2023-06-30,P0030,W004,348,332.35492
2023-06-30,P0030,W005,426,421.86243
2023-06-30,P0030,W006,769,745.39825
2023-06-30,P0031,W001,2183,2272.32
2023-06-30,P0031,W002,2116,2211.1494
2023-06-30,P0031,W003,1815,1813.5029
2023-06-30,P0031,W004,1527,1681.3169
2023-06-30,P0031,W005,2514,2512.733
2023-06-30,P0031,W006,1277,1349.7006
2023-06-30,P0032,W001,627,637.6093
2023-06-30,P0032,W002,1015,983.84406
2023-06-30,P0032,W003,624,621.8041
2023-06-30,P0032,W004,942,931.9719
2023-06-30,P0032,W005,1008,996.45355
2023-06-30,P0032,W006,540,538.50525
2023-06-30,P0033,W001,853,848.226
2023-06-30,P0033,W002,1615,1645.4688
2023-06-30,P0033,W003,1406,1471.8796
2023-06-30,P0033,W004,1695,1701.571
2023-06-30,P0033,W005,1522,1502.9796
2023-06-30,P0033,W006,1955,1920.4093
2023-06-30,P0034,W001,396,378.23257
2023-06-30,P0034,W002,153,152.40533
2023-06-30,P0034,W003,130,137.01248
2023-06-30,P0034,W004,242,242.24367
2023-06-30,P0034,W005,269,265.49765
2023-06-30,P0034,W006,267,265.26883
2023-06-30,P0035,W001,250,250.35938
2023-06-30,P0035,W002,220,220.68721
2023-06-30,P0035,W003,303,304.0115
2023-06-30,P0035,W004,313,317.01645
2023-06-30,P0035,W005,192,194.0606
2023-06-30,P0035,W006,418,410.17572
2023-06-30,P0036,W001,444,445.50235
2023-06-30,P0036,W002,638,621.27783
2023-06-30,P0036,W003,753,765.59106
2023-06-30,P0036,W004,1159,1166.9595
2023-06-30,P0036,W005,453,450.8059
2023-06-30,P0036,W006,1069,1058.1425
2023-06-30,P0037,W001,1164,1195.1881
2023-06-30,P0037,W002,1287,1271.9689
2023-06-30,P0037,W003,1000,975.74304
2023-06-30,P0037,W004,1187,1180.8636
2023-06-30,P0037,W005,675,660.9623
2023-06-30,P0037,W006,480,469.8629
2023-06-30,P0038,W001,664,685.022
2023-06-30,P0038,W002,817,819.83997
2023-06-30,P0038,W003,968,982.5395
2023-06-30,P0038,W004,818,808.75433
2023-06-30,P0038,W005,919,904.3764
2023-06-30,P0038,W006,1109,1081.233
2023-06-30,P0039,W001,1415,1392.3967
2023-06-30,P0039,W002,1113,1129.4615
2023-06-30,P0039,W003,1189,1167.6301
2023-06-30,P0039,W004,1172,1183.6876
2023-06-30,P0039,W005,1808,1824.3617
2023-06-30,P0039,W006,1326,1322.3793
2023-06-30,P0040,W001,2036,2064.2156
2023-06-30,P0040,W002,873,873.2286
2023-06-30,P0040,W003,864,888.32874
2023-06-30,P0040,W004,1271,1286.849
2023-06-30,P0040,W005,1483,1496.7366
2023-06-30,P0040,W006,1654,1617.7267
2023-06-30,P0041,W001,1240,1234.1233
2023-06-30,P0041,W002,1130,1144.5671
2023-06-30,P0041,W003,907,900.5894
2023-06-30,P0041,W004,666,662.8919
2023-06-30,P0041,W005,871,840.9189
2023-06-30,P0041,W006,1185,1207.7529
2023-06-30,P0042,W001,648,672.19916
2023-06-30,P0042,W002,1024,1058.6274
2023-06-30,P0042,W003,955,1022.64526
2023-06-30,P0042,W004,1248,1295.7692
2023-06-30,P0042,W005,1190,1256.7012
2023-06-30,P0042,W006,1423,1465.5249
2023-06-30,P0043,W001,989,955.3978
2023-06-30,P0043,W002,1295,1339.6499
2023-06-30,P0043,W003,1183,1185.564
2023-06-30,P0043,W004,998,1006.577
2023-06-30,P0043,W005,904,892.8904
2023-06-30,P0043,W006,717,709.5661
2023-06-30,P0044,W001,319,316.5396
2023-06-30,P0044,W002,217,217.0563
2023-06-30,P0044,W003,301,307.4678
2023-06-30,P0044,W004,243,241.91756
2023-06-30,P0044,W005,343,343.75488
2023-06-30,P0044,W006,208,210.31033
2023-06-30,P0045,W001,2102,2018.1058
2023-06-30,P0045,W002,874,879.7805
2023-06-30,P0045,W003,936,911.10114
2023-06-30,P0045,W004,1448,1438.6099
2023-06-30,P0045,W005,1983,1962.9182
2023-06-30,P0045,W006,1652,1700.3126
2023-06-30,P0046,W001,621,620.1517
2023-06-30,P0046,W002,1195,1196.7996
2023-06-30,P0046,W003,994,987.0099
2023-06-30,P0046,W004,593,597.38464
2023-06-30,P0046,W005,1008,1005.3815
2023-06-30,P0046,W006,826,806.75214
2023-06-30,P0047,W001,674,692.0663
2023-06-30,P0047,W002,651,671.313
2023-06-30,P0047,W003,483,484.4984
2023-06-30,P0047,W004,936,903.8941
2023-06-30,P0047,W005,1114,1071.2341
2023-06-30,P0047,W006,452,454.73672
2023-06-30,P0048,W001,1211,1214.2468
2023-06-30,P0048,W002,2420,2388.804
2023-06-30,P0048,W003,1099,1111.0905
2023-06-30,P0048,W004,1198,1249.5559
2023-06-30,P0048,W005,1757,1802.7955
2023-06-30,P0048,W006,1285,1322.3116
2023-06-30,P0049,W001,1294,1273.5026
2023-06-30,P0049,W002,791,769.515
2023-06-30,P0049,W003,1046,1013.2204
2023-06-30,P0049,W004,869,862.84875
2023-06-30,P0049,W005,846,847.5246
2023-06-30,P0049,W006,713,701.10565
2023-06-30,P0050,W001,2286,2218.49
2023-06-30,P0050,W002,1400,1413.0695
2023-06-30,P0050,W003,1406,1354.9209
2023-06-30,P0050,W004,1860,1871.5211
2023-06-30,P0050,W005,1141,1118.7892
2023-06-30,P0050,W006,1711,1697.0441
2023-06-30,P0051,W001,1007,996.6707
2023-06-30,P0051,W002,622,635.63855
2023-06-30,P0051,W003,1640,1622.556
2023-06-30,P0051,W004,1448,1457.1754
2023-06-30,P0051,W005,881,871.71576
2023-06-30,P0051,W006,1064,1051.0138
2023-06-30,P0052,W001,1216,1205.8505
2023-06-30,P0052,W002,1424,1427.596
2023-06-30,P0052,W003,1183,1187.8062
2023-06-30,P0052,W004,1512,1488.7505
2023-06-30,P0052,W005,686,706.9172
2023-06-30,P0052,W006,1629,1662.7401
2023-06-30,P0053,W001,616,616.1927
2023-06-30,P0053,W002,467,477.0417
2023-06-30,P0053,W003,362,361.6161
2023-06-30,P0053,W004,423,418.80798
2023-06-30,P0053,W005,380,375.91367
2023-06-30,P0053,W006,702,713.8677
2023-06-30,P0054,W001,1446,1419.166
2023-06-30,P0054,W002,2590,2571.8152
2023-06-30,P0054,W003,875,865.8729
2023-06-30,P0054,W004,2421,2333.545
2023-06-30,P0054,W005,1496,1467.45
2023-06-30,P0054,W006,2355,2385.7043
2023-06-30,P0055,W001,2076,1967.0867
2023-06-30,P0055,W002,1211,1232.6573
2023-06-30,P0055,W003,1181,1182.5187
2023-06-30,P0055,W004,1675,1708.2726
2023-06-30,P0055,W005,2101,2068.2017
2023-06-30,P0055,W006,1419,1391.8972
2023-06-30,P0056,W001,950,952.9544
2023-06-30,P0056,W002,821,806.8746
2023-06-30,P0056,W003,488,480.7484
2023-06-30,P0056,W004,648,629.8602
2023-06-30,P0056,W005,1184,1213.2993
2023-06-30,P0056,W006,676,650.2156
2023-06-30,P0057,W001,2128,2076.8962
2023-06-30,P0057,W002,1113,1163.5565
2023-06-30,P0057,W003,995,1019.12634
2023-06-30,P0057,W004,1986,2038.1736
2023-06-30,P0057,W005,859,875.7615
2023-06-30,P0057,W006,1437,1505.6163
2023-06-30,P0058,W001,2004,1956.4567
2023-06-30,P0058,W002,1950,2010.7979
2023-06-30,P0058,W003,1077,1062.2556
2023-06-30,P0058,W004,1550,1517.7961
2023-06-30,P0058,W005,1373,1385.6038
2023-06-30,P0058,W006,1652,1634.3219
2023-06-30,P0059,W001,919,907.19995
2023-06-30,P0059,W002,760,748.3543
2023-06-30,P0059,W003,533,537.3076
2023-06-30,P0059,W004,699,690.46735
2023-06-30,P0059,W005,1003,1026.8464
2023-06-30,P0059,W006,463,456.36685
2023-06-30,P0060,W001,923,936.5396
2023-06-30,P0060,W002,1049,1054.9999
2023-06-30,P0060,W003,1042,1053.6039
2023-06-30,P0060,W004,1719,1715.6085
2023-06-30,P0060,W005,1216,1202.449
2023-06-30,P0060,W006,1730,1719.0013
2023-07-31,P0001,W001,343,339.4209
2023-07-31,P0001,W002,804,816.36615
2023-07-31,P0001,W003,404,408.5366
2023-07-31,P0001,W004,729,739.1257
2023-07-31,P0001,W005,356,355.18103
2023-07-31,P0001,W006,405,406.37332
2023-07-31,P0002,W001,867,856.9488
2023-07-31,P0002,W002,550,543.6212
2023-07-31,P0002,W003,730,717.6552
2023-07-31,P0002,W004,772,789.86475
2023-07-31,P0002,W005,810,808.38776
2023-07-31,P0002,W006,793,791.17236
2023-07-31,P0003,W001,539,569.0188
2023-07-31,P0003,W002,523,527.2443
2023-07-31,P0003,W003,263,271.00696
2023-07-31,P0003,W004,522,518.5982
2023-07-31,P0003,W005,522,536.773
2023-07-31,P0003,W006,504,517.05365
2023-07-31,P0004,W001,918,937.32434
2023-07-31,P0004,W002,1838,1810.0916
2023-07-31,P0004,W003,1521,1519.044
2023-07-31,P0004,W004,1449,1506.6282
2023-07-31,P0004,W005,1981,1935.4865
2023-07-31,P0004,W006,1278,1272.7732
2023-07-31,P0005,W001,164,161.74356
2023-07-31,P0005,W002,266,258.04813
2023-07-31,P0005,W003,431,433.48465
2023-07-31,P0005,W004,419,420.70255
2023-07-31,P0005,W005,227,234.81454
2023-07-31,P0005,W006,273,267.11554
2023-07-31,P0006,W001,314,311.57446
2023-07-31,P0006,W002,417,415.17896
2023-07-31,P0006,W003,447,454.42722
2023-07-31,P0006,W004,218,220.9659
2023-07-31,P0006,W005,489,489.59515
2023-07-31,P0006,W006,353,345.79028
2023-07-31,P0007,W001,314,304.62836
2023-07-31,P0007,W002,760,774.74493
2023-07-31,P0007,W003,355,344.65546
2023-07-31,P0007,W004,814,826.0101
2023-07-31,P0007,W005,549,542.35474
2023-07-31,P0007,W006,310,305.63174
2023-07-31,P0008,W001,577,607.64276
2023-07-31,P0008,W002,1208,1208.5259
2023-07-31,P0008,W003,760,758.3799
2023-07-31,P0008,W004,723,720.73254
2023-07-31,P0008,W005,745,774.5133
2023-07-31,P0008,W006,1377,1390.4177
2023-07-31,P0009,W001,314,313.1107
2023-07-31,P0009,W002,447,450.0273
2023-07-31,P0009,W003,637,639.6345
2023-07-31,P0009,W004,671,666.33044
2023-07-31,P0009,W005,865,840.1525
2023-07-31,P0009,W006,399,392.7993
2023-07-31,P0010,W001,1982,1970.2511
2023-07-31,P0010,W002,952,934.7604
2023-07-31,P0010,W003,2177,2149.5579
2023-07-31,P0010,W004,1357,1349.4281
2023-07-31,P0010,W005,1806,1799.1567
2023-07-31,P0010,W006,1862,1813.6091
2023-07-31,P0011,W001,379,377.6727
2023-07-31,P0011,W002,356,364.68085
2023-07-31,P0011,W003,780,784.53894
2023-07-31,P0011,W004,337,352.02444
2023-07-31,P0011,W005,339,342.3461
2023-07-31,P0011,W006,649,654.6946
2023-07-31,P0012,W001,587,587.9407
2023-07-31,P0012,W002,555,558.0317
2023-07-31,P0012,W003,477,472.84818
2023-07-31,P0012,W004,545,538.51526
2023-07-31,P0012,W005,561,563.8586
2023-07-31,P0012,W006,513,509.6375
2023-07-31,P0013,W001,828,857.34174
2023-07-31,P0013,W002,1540,1537.0659
2023-07-31,P0013,W003,1445,1402.2977
2023-07-31,P0013,W004,2030,2020.407
2023-07-31,P0013,W005,843,849.21497
2023-07-31,P0013,W006,737,757.7035
2023-07-31,P0014,W001,660,682.33545
2023-07-31,P0014,W002,526,534.44684
2023-07-31,P0014,W003,827,831.40717
2023-07-31,P0014,W004,968,964.8444
2023-07-31,P0014,W005,1078,1098.4185
2023-07-31,P0014,W006,460,459.293
2023-07-31,P0015,W001,243,245.01265
2023-07-31,P0015,W002,568,565.93463
2023-07-31,P0015,W003,571,579.63416
2023-07-31,P0015,W004,689,708.7949
2023-07-31,P0015,W005,272,276.34174
2023-07-31,P0015,W006,268,267.67184
2023-07-31,P0016,W001,390,392.82364
2023-07-31,P0016,W002,304,306.47888
2023-07-31,P0016,W003,305,311.9226
2023-07-31,P0016,W004,441,450.67862
2023-07-31,P0016,W005,443,433.46057
2023-07-31,P0016,W006,439,448.32153
2023-07-31,P0017,W001,378,378.90176
2023-07-31,P0017,W002,878,920.8291
2023-07-31,P0017,W003,783,792.39514
2023-07-31,P0017,W004,426,452.3019
2023-07-31,P0017,W005,431,459.7476
2023-07-31,P0017,W006,515,520.602
2023-07-31,P0018,W001,519,512.8528
2023-07-31,P0018,W002,246,249.0139
2023-07-31,P0018,W003,325,329.00507
2023-07-31,P0018,W004,214,210.67346
2023-07-31,P0018,W005,474,465.14844
2023-07-31,P0018,W006,311,306.97046
2023-07-31,P0019,W001,1205,1167.7452
2023-07-31,P0019,W002,1138,1140.3534
2023-07-31,P0019,W003,839,863.95734
2023-07-31,P0019,W004,2164,2145.2935
2023-07-31,P0019,W005,1368,1386.2902
2023-07-31,P0019,W006,2011,1981.6462
2023-07-31,P0020,W001,1108,1075.1652
2023-07-31,P0020,W002,1092,1117.5039
2023-07-31,P0020,W003,1503,1510.1564
2023-07-31,P0020,W004,1104,1127.1829
2023-07-31,P0020,W005,1492,1530.8911
2023-07-31,P0020,W006,1862,1844.3076
2023-07-31,P0021,W001,1006,993.42737
2023-07-31,P0021,W002,1194,1205.5432
2023-07-31,P0021,W003,680,698.0693
2023-07-31,P0021,W004,661,663.07
2023-07-31,P0021,W005,993,979.06085
2023-07-31,P0021,W006,946,941.92975
2023-07-31,P0022,W001,321,321.08258
2023-07-31,P0022,W002,295,286.83
2023-07-31,P0022,W003,269,270.55606
2023-07-31,P0022,W004,225,228.86134
2023-07-31,P0022,W005,292,295.35135
2023-07-31,P0022,W006,261,255.32065
2023-07-31,P0023,W001,1490,1501.8159
2023-07-31,P0023,W002,1959,1903.7831
2023-07-31,P0023,W003,796,807.1135
2023-07-31,P0023,W004,1649,1619.1405
2023-07-31,P0023,W005,1311,1298.1409
2023-07-31,P0023,W006,1608,1593.7438
2023-07-31,P0024,W001,847,862.74084
2023-07-31,P0024,W002,942,951.5223
2023-07-31,P0024,W003,1334,1356.3746
2023-07-31,P0024,W004,1833,1837.7367
2023-07-31,P0024,W005,1207,1244.5616
2023-07-31,P0024,W006,1626,1633.5896
2023-07-31,P0025,W001,591,595.30756
2023-07-31,P0025,W002,704,715.8931
2023-07-31,P0025,W003,1324,1331.6715
2023-07-31,P0025,W004,1543,1516.7661
2023-07-31,P0025,W005,1579,1560.8942
2023-07-31,P0025,W006,656,653.6184
2023-07-31,P0026,W001,121,112.316956
2023-07-31,P0026,W002,191,188.93825
2023-07-31,P0026,W003,244,246.07355
2023-07-31,P0026,W004,182,178.91692
2023-07-31,P0026,W005,186,191.07481
2023-07-31,P0026,W006,243,239.16394
2023-07-31,P0027,W001,329,324.45645
2023-07-31,P0027,W002,452,447.8729
2023-07-31,P0027,W003,628,630.2464
2023-07-31,P0027,W004,484,485.69464
2023-07-31,P0027,W005,660,647.76666
2023-07-31,P0027,W006,751,739.2645
2023-07-31,P0028,W001,339,331.4987
2023-07-31,P0028,W002,195,191.13054
2023-07-31,P0028,W003,393,391.03235
2023-07-31,P0028,W004,358,353.33505
2023-07-31,P0028,W005,361,362.8797
2023-07-31,P0028,W006,266,263.7013
2023-07-31,P0029,W001,1021,1031.1072
2023-07-31,P0029,W002,1338,1336.5082
2023-07-31,P0029,W003,1366,1426.2958
2023-07-31,P0029,W004,1000,991.5838
2023-07-31,P0029,W005,2013,1983.0308
2023-07-31,P0029,W006,1328,1333.2897
2023-07-31,P0030,W001,352,348.90247
2023-07-31,P0030,W002,765,783.66626
2023-07-31,P0030,W003,572,560.21265
2023-07-31,P0030,W004,329,328.47415
2023-07-31,P0030,W005,372,378.09448
2023-07-31,P0030,W006,701,701.45886
2023-07-31,P0031,W001,1831,1826.4618
2023-07-31,P0031,W002,1768,1759.2886
2023-07-31,P0031,W003,1395,1400.6299
2023-07-31,P0031,W004,1381,1381.2979
2023-07-31,P0031,W005,2117,2090.003
2023-07-31,P0031,W006,1069,1053.668
2023-07-31,P0032,W001,614,603.0163
2023-07-31,P0032,W002,875,891.31903
2023-07-31,P0032,W003,586,587.06775
2023-07-31,P0032,W004,926,909.6232
2023-07-31,P0032,W005,962,946.4058
2023-07-31,P0032,W006,474,479.6924
2023-07-31,P0033,W001,823,813.22235
2023-07-31,P0033,W002,1539,1517.9557
2023-07-31,P0033,W003,1318,1284.8906
2023-07-31,P0033,W004,1537,1564.4159
2023-07-31,P0033,W005,1367,1374.6271
2023-07-31,P0033,W006,1799,1797.2714
2023-07-31,P0034,W001,345,352.4476
2023-07-31,P0034,W002,135,133.15776
2023-07-31,P0034,W003,118,112.40686
2023-07-31,P0034,W004,219,217.66064
2023-07-31,P0034,W005,249,246.27974
2023-07-31,P0034,W006,241,239.11618
2023-07-31,P0035,W001,232,231.91393
2023-07-31,P0035,W002,190,192.57451
2023-07-31,P0035,W003,284,281.73306
2023-07-31,P0035,W004,287,284.3628
2023-07-31,P0035,W005,167,166.78265
2023-07-31,P0035,W006,373,378.4614
2023-07-31,P0036,W001,420,415.16318
2023-07-31,P0036,W002,546,557.63464
2023-07-31,P0036,W003,686,680.1302
2023-07-31,P0036,W004,949,977.37317
2023-07-31,P0036,W005,406,406.90115
2023-07-31,P0036,W006,956,946.4183
2023-07-31,P0037,W001,1081,1061.281
2023-07-31,P0037,W002,1106,1119.4728
2023-07-31,P0037,W003,843,859.288
2023-07-31,P0037,W004,1074,1077.912
2023-07-31,P0037,W005,593,615.68
2023-07-31,P0037,W006,446,436.10983
2023-07-31,P0038,W001,590,581.3809
2023-07-31,P0038,W002,748,739.5754
2023-07-31,P0038,W003,923,917.9483
2023-07-31,P0038,W004,708,726.49084
2023-07-31,P0038,W005,842,846.4568
2023-07-31,P0038,W006,1044,1027.0618
2023-07-31,P0039,W001,1362,1360.3171
2023-07-31,P0039,W002,1042,1012.31213
2023-07-31,P0039,W003,996,1020.03265
2023-07-31,P0039,W004,1084,1088.4222
2023-07-31,P0039,W005,1665,1671.3519
2023-07-31,P0039,W006,1152,1171.0596
2023-07-31,P0040,W001,1762,1767.7284
2023-07-31,P0040,W002,778,790.0682
2023-07-31,P0040,W003,818,802.6536
2023-07-31,P0040,W004,1139,1160.3834
2023-07-31,P0040,W005,1378,1385.3422
2023-07-31,P0040,W006,1513,1518.4474
2023-07-31,P0041,W001,1221,1200.2529
2023-07-31,P0041,W002,1027,1030.0762
2023-07-31,P0041,W003,787,797.9462
2023-07-31,P0041,W004,604,600.26465
2023-07-31,P0041,W005,774,797.9971
2023-07-31,P0041,W006,1077,1063.3152
2023-07-31,P0042,W001,594,590.53357
2023-07-31,P0042,W002,944,938.43176
2023-07-31,P0042,W003,898,861.23065
2023-07-31,P0042,W004,1123,1134.1302
2023-07-31,P0042,W005,1061,1077.2433
2023-07-31,P0042,W006,1285,1323.4619
2023-07-31,P0043,W001,909,916.85535
2023-07-31,P0043,W002,1223,1199.8799
2023-07-31,P0043,W003,1014,1017.7906
2023-07-31,P0043,W004,894,906.5582
2023-07-31,P0043,W005,800,815.90845
2023-07-31,P0043,W006,656,667.7118
2023-07-31,P0044,W001,294,286.1773
2023-07-31,P0044,W002,205,203.56656
2023-07-31,P0044,W003,278,277.6081
2023-07-31,P0044,W004,211,209.43611
2023-07-31,P0044,W005,305,307.19238
2023-07-31,P0044,W006,202,202.14421
2023-07-31,P0045,W001,1805,1870.3187
2023-07-31,P0045,W002,834,824.9182
2023-07-31,P0045,W003,826,844.47
2023-07-31,P0045,W004,1319,1340.6014
2023-07-31,P0045,W005,1803,1813.4464
2023-07-31,P0045,W006,1550,1528.065
2023-07-31,P0046,W001,557,560.6809
2023-07-31,P0046,W002,1087,1066.0316
2023-07-31,P0046,W003,872,899.5013
2023-07-31,P0046,W004,541,537.76135
2023-07-31,P0046,W005,878,882.2674
2023-07-31,P0046,W006,680,707.9601
2023-07-31,P0047,W001,660,641.38153
2023-07-31,P0047,W002,611,596.0737
2023-07-31,P0047,W003,417,418.42844
2023-07-31,P0047,W004,853,872.225
2023-07-31,P0047,W005,1020,1041.8074
2023-07-31,P0047,W006,403,399.94708
2023-07-31,P0048,W001,1124,1139.0018
2023-07-31,P0048,W002,2191,2118.6475
2023-07-31,P0048,W003,1001,990.2585
2023-07-31,P0048,W004,1109,1103.4364
2023-07-31,P0048,W005,1586,1573.9183
2023-07-31,P0048,W006,1223,1206.5544
2023-07-31,P0049,W001,1108,1141.1317
2023-07-31,P0049,W002,678,698.7628
2023-07-31,P0049,W003,957,958.1181
2023-07-31,P0049,W004,754,765.8469
2023-07-31,P0049,W005,767,766.6764
2023-07-31,P0049,W006,670,667.0863
2023-07-31,P0050,W001,2123,2115.773
2023-07-31,P0050,W002,1267,1251.718
2023-07-31,P0050,W003,1299,1293.35
2023-07-31,P0050,W004,1820,1776.8544
2023-07-31,P0050,W005,1046,1060.5042
2023-07-31,P0050,W006,1603,1574.2926
2023-07-31,P0051,W001,903,920.74457
2023-07-31,P0051,W002,543,545.5593
2023-07-31,P0051,W003,1450,1454.3461
2023-07-31,P0051,W004,1345,1305.2379
2023-07-31,P0051,W005,803,825.3485
2023-07-31,P0051,W006,989,970.5405
2023-07-31,P0052,W001,1153,1138.1351
2023-07-31,P0052,W002,1270,1276.5024
2023-07-31,P0052,W003,1063,1082.791
2023-07-31,P0052,W004,1383,1388.7964
2023-07-31,P0052,W005,656,635.44226
2023-07-31,P0052,W006,1510,1485.606
2023-07-31,P0053,W001,562,546.6604
2023-07-31,P0053,W002,419,414.96793
2023-07-31,P0053,W003,328,328.5246
2023-07-31,P0053,W004,386,384.56876
2023-07-31,P0053,W005,357,351.20724
2023-07-31,P0053,W006,655,649.9983
2023-07-31,P0054,W001,1227,1318.5355
2023-07-31,P0054,W002,2258,2283.7107
2023-07-31,P0054,W003,893,909.8836
2023-07-31,P0054,W004,2158,2178.3872
2023-07-31,P0054,W005,1412,1461.2365
2023-07-31,P0054,W006,2166,2202.862
2023-07-31,P0055,W001,1766,1798.0686
2023-07-31,P0055,W002,1073,1079.3739
2023-07-31,P0055,W003,1055,1054.9933
2023-07-31,P0055,W004,1473,1500.4296
2023-07-31,P0055,W005,1929,1930.3596
2023-07-31,P0055,W006,1288,1313.6552
2023-07-31,P0056,W001,857,864.3557
2023-07-31,P0056,W002,758,767.6943
2023-07-31,P0056,W003,475,474.40286
2023-07-31,P0056,W004,520,542.0836
2023-07-31,P0056,W005,1153,1110.653
2023-07-31,P0056,W006,586,590.40894
2023-07-31,P0057,W001,1974,1964.0504
2023-07-31,P0057,W002,1008,1005.9963
2023-07-31,P0057,W003,898,898.7767
2023-07-31,P0057,W004,1752,1782.9808
2023-07-31,P0057,W005,785,798.6575
2023-07-31,P0057,W006,1361,1307.0609
2023-07-31,P0058,W001,1817,1832.1528
2023-07-31,P0058,W002,1643,1659.2897
2023-07-31,P0058,W003,964,983.90204
2023-07-31,P0058,W004,1530,1498.7625
2023-07-31,P0058,W005,1225,1244.9214
2023-07-31,P0058,W006,1478,1484.839
2023-07-31,P0059,W001,837,847.3124
2023-07-31,P0059,W002,694,681.20294
2023-07-31,P0059,W003,488,490.3654
2023-07-31,P0059,W004,632,627.6389
2023-07-31,P0059,W005,947,949.9132
2023-07-31,P0059,W006,434,433.2192
2023-07-31,P0060,W001,860,865.51556
2023-07-31,P0060,W002,986,978.7774
2023-07-31,P0060,W003,944,949.8279
2023-07-31,P0060,W004,1631,1663.0881
2023-07-31,P0060,W005,1065,1077.7139
2023-07-31,P0060,W006,1582,1582.2002
2023-08-31,P0001,W001,272,277.7932
2023-08-31,P0001,W002,664,668.9397
2023-08-31,P0001,W003,349,335.05402
2023-08-31,P0001,W004,613,614.7201
2023-08-31,P0001,W005,301,300.0038
2023-08-31,P0001,W006,339,335.48135
2023-08-31,P0002,W001,672,685.2565
2023-08-31,P0002,W002,444,442.5741
2023-08-31,P0002,W003,593,608.8233
2023-08-31,P0002,W004,685,663.443
2023-08-31,P0002,W005,672,684.25793
2023-08-31,P0002,W006,669,668.03406
2023-08-31,P0003,W001,465,444.29065
2023-08-31,P0003,W002,412,420.64813
2023-08-31,P0003,W003,216,220.14062
2023-08-31,P0003,W004,428,436.62686
2023-08-31,P0003,W005,428,430.30005
2023-08-31,P0003,W006,390,396.03616
2023-08-31,P0004,W001,780,775.4721
2023-08-31,P0004,W002,1540,1500.4274
2023-08-31,P0004,W003,1256,1269.7338
2023-08-31,P0004,W004,1314,1278.2202
2023-08-31,P0004,W005,1564,1589.6943
2023-08-31,P0004,W006,1065,1077.0604
2023-08-31,P0005,W001,137,140.01323
2023-08-31,P0005,W002,214,221.69193
2023-08-31,P0005,W003,362,361.16595
2023-08-31,P0005,W004,370,360.9778
2023-08-31,P0005,W005,197,188.70801
2023-08-31,P0005,W006,216,219.19354
2023-08-31,P0006,W001,266,267.46573
2023-08-31,P0006,W002,342,346.3947
2023-08-31,P0006,W003,376,367.3901
2023-08-31,P0006,W004,186,183.86874
2023-08-31,P0006,W005,406,405.10483
2023-08-31,P0006,W006,279,285.06934
2023-08-31,P0007,W001,246,247.70097
2023-08-31,P0007,W002,644,627.8803
2023-08-31,P0007,W003,292,295.56802
2023-08-31,P0007,W004,678,678.96844
2023-08-31,P0007,W005,469,471.9366
2023-08-31,P0007,W006,242,236.66902
2023-08-31,P0008,W001,623,637.62274
2023-08-31,P0008,W002,1270,1315.4067
2023-08-31,P0008,W003,786,828.4403
2023-08-31,P0008,W004,709,773.058
2023-08-31,P0008,W005,779,798.5347
2023-08-31,P0008,W006,1383,1489.0227
2023-08-31,P0009,W001,263,263.65308
2023-08-31,P0009,W002,383,371.92804
2023-08-31,P0009,W003,538,540.1579
2023-08-31,P0009,W004,575,573.68713
2023-08-31,P0009,W005,678,687.0517
2023-08-31,P0009,W006,343,342.25247
2023-08-31,P0010,W001,1662,1651.6552
2023-08-31,P0010,W002,776,779.146
2023-08-31,P0010,W003,1804,1779.842
2023-08-31,P0010,W004,1133,1153.562
2023-08-31,P0010,W005,1478,1499.5452
2023-08-31,P0010,W006,1446,1478.7545
2023-08-31,P0011,W001,321,318.51645
2023-08-31,P0011,W002,295,294.42102
2023-08-31,P0011,W003,663,671.3673
2023-08-31,P0011,W004,286,277.50705
2023-08-31,P0011,W005,295,284.38422
2023-08-31,P0011,W006,560,551.50446
2023-08-31,P0012,W001,481,479.72733
2023-08-31,P0012,W002,486,487.89264
2023-08-31,P0012,W003,393,396.8586
2023-08-31,P0012,W004,460,458.64438
2023-08-31,P0012,W005,459,447.42572
2023-08-31,P0012,W006,411,421.8457
2023-08-31,P0013,W001,648,673.86005
2023-08-31,P0013,W002,1260,1275.0953
2023-08-31,P0013,W003,1180,1178.6079
2023-08-31,P0013,W004,1580,1588.0254
2023-08-31,P0013,W005,741,733.9845
2023-08-31,P0013,W006,605,602.12506
2023-08-31,P0014,W001,569,566.3166
2023-08-31,P0014,W002,424,426.12506
2023-08-31,P0014,W003,724,716.1488
2023-08-31,P0014,W004,783,805.71234
2023-08-31,P0014,W005,891,880.80505
2023-08-31,P0014,W006,371,365.46518
2023-08-31,P0015,W001,194,196.79808
2023-08-31,P0015,W002,441,449.9726
2023-08-31,P0015,W003,470,471.62677
2023-08-31,P0015,W004,614,601.0122
2023-08-31,P0015,W005,238,232.35397
2023-08-31,P0015,W006,227,226.51192
2023-08-31,P0016,W001,338,328.7361
2023-08-31,P0016,W002,238,240.08308
2023-08-31,P0016,W003,262,254.09181
2023-08-31,P0016,W004,370,367.59314
2023-08-31,P0016,W005,368,367.72168
2023-08-31,P0016,W006,393,386.3346
2023-08-31,P0017,W001,290,295.15088
2023-08-31,P0017,W002,769,756.47504
2023-08-31,P0017,W003,664,668.0463
2023-08-31,P0017,W004,369,354.51172
2023-08-31,P0017,W005,358,350.95084
2023-08-31,P0017,W006,429,432.9329
2023-08-31,P0018,W001,416,417.06546
2023-08-31,P0018,W002,204,204.90567
2023-08-31,P0018,W003,264,268.82755
2023-08-31,P0018,W004,174,173.86977
2023-08-31,P0018,W005,383,383.15155
2023-08-31,P0018,W006,253,247.19011
2023-08-31,P0019,W001,991,996.3976
2023-08-31,P0019,W002,938,932.6954
2023-08-31,P0019,W003,661,674.25146
2023-08-31,P0019,W004,1856,1801.8235
2023-08-31,P0019,W005,1123,1123.9829
2023-08-31,P0019,W006,1592,1581.9664
2023-08-31,P0020,W001,992,1024.6342
2023-08-31,P0020,W002,972,968.92896
2023-08-31,P0020,W003,1414,1433.5009
2023-08-31,P0020,W004,990,997.9668
2023-08-31,P0020,W005,1321,1345.4342
2023-08-31,P0020,W006,1647,1677.7988
2023-08-31,P0021,W001,886,871.8375
2023-08-31,P0021,W002,975,973.7
2023-08-31,P0021,W003,577,568.09595
2023-08-31,P0021,W004,554,550.791
2023-08-31,P0021,W005,821,811.1022
2023-08-31,P0021,W006,783,791.83856
2023-08-31,P0022,W001,281,277.06732
2023-08-31,P0022,W002,244,247.19931
2023-08-31,P0022,W003,243,233.93515
2023-08-31,P0022,W004,193,188.96153
2023-08-31,P0022,W005,257,250.17319
2023-08-31,P0022,W006,217,218.82205
2023-08-31,P0023,W001,1216,1222.4916
2023-08-31,P0023,W002,1678,1643.2975
2023-08-31,P0023,W003,640,652.9499
2023-08-31,P0023,W004,1319,1369.4692
2023-08-31,P0023,W005,1075,1094.4174
2023-08-31,P0023,W006,1377,1368.167
2023-08-31,P0024,W001,712,711.10455
2023-08-31,P0024,W002,782,762.29236
2023-08-31,P0024,W003,1099,1104.1312
2023-08-31,P0024,W004,1469,1481.7091
2023-08-31,P0024,W005,1055,1025.5219
2023-08-31,P0024,W006,1372,1381.4266
2023-08-31,P0025,W001,527,516.85657
2023-08-31,P0025,W002,651,629.4273
2023-08-31,P0025,W003,1102,1079.9915
2023-08-31,P0025,W004,1154,1217.3552
2023-08-31,P0025,W005,1287,1274.0923
2023-08-31,P0025,W006,541,544.39886
2023-08-31,P0026,W001,100,104.8405
2023-08-31,P0026,W002,157,158.23955
2023-08-31,P0026,W003,208,204.3658
2023-08-31,P0026,W004,155,150.94923
2023-08-31,P0026,W005,161,153.98665
2023-08-31,P0026,W006,218,216.16545
2023-08-31,P0027,W001,261,263.37616
2023-08-31,P0027,W002,388,385.0911
2023-08-31,P0027,W003,510,517.6157
2023-08-31,P0027,W004,410,404.99066
2023-08-31,P0027,W005,512,524.0719
2023-08-31,P0027,W006,611,619.4603
2023-08-31,P0028,W001,269,271.05435
2023-08-31,P0028,W002,166,166.94708
2023-08-31,P0028,W003,311,313.62482
2023-08-31,P0028,W004,279,283.0054
2023-08-31,P0028,W005,331,320.56195
2023-08-31,P0028,W006,217,221.16287
2023-08-31,P0029,W001,870,866.241
2023-08-31,P0029,W002,1079,1082.879
2023-08-31,P0029,W003,1187,1178.8322
2023-08-31,P0029,W004,835,830.3113
2023-08-31,P0029,W005,1657,1637.4792
2023-08-31,P0029,W006,1081,1096.1392
2023-08-31,P0030,W001,292,292.61804
2023-08-31,P0030,W002,676,665.5413
2023-08-31,P0030,W003,474,481.32056
2023-08-31,P0030,W004,265,264.28073
2023-08-31,P0030,W005,315,314.3204
2023-08-31,P0030,W006,564,575.4447
2023-08-31,P0031,W001,1550,1539.9094
2023-08-31,P0031,W002,1486,1424.4363
2023-08-31,P0031,W003,1164,1161.6888
2023-08-31,P0031,W004,1087,1112.765
2023-08-31,P0031,W005,1715,1721.4329
2023-08-31,P0031,W006,893,892.89307
2023-08-31,P0032,W001,505,514.7573
2023-08-31,P0032,W002,732,734.3497
2023-08-31,P0032,W003,468,471.0587
2023-08-31,P0032,W004,761,759.08014
2023-08-31,P0032,W005,807,802.9829
2023-08-31,P0032,W006,399,393.1719
2023-08-31,P0033,W001,674,677.09406
2023-08-31,P0033,W002,1306,1263.588
2023-08-31,P0033,W003,1122,1108.7766
2023-08-31,P0033,W004,1269,1272.5515
2023-08-31,P0033,W005,1137,1141.3005
2023-08-31,P0033,W006,1495,1477.9673
2023-08-31,P0034,W001,295,286.0731
2023-08-31,P0034,W002,111,105.78304
2023-08-31,P0034,W003,98,105.00122
2023-08-31,P0034,W004,177,177.10587
2023-08-31,P0034,W005,212,207.24063
2023-08-31,P0034,W006,196,193.8376
2023-08-31,P0035,W001,197,190.49483
2023-08-31,P0035,W002,171,171.0724
2023-08-31,P0035,W003,230,234.74373
2023-08-31,P0035,W004,237,238.02878
2023-08-31,P0035,W005,139,141.71361
2023-08-31,P0035,W006,305,303.4391
2023-08-31,P0036,W001,358,357.0688
2023-08-31,P0036,W002,468,465.90332
2023-08-31,P0036,W003,566,564.502
2023-08-31,P0036,W004,859,838.2681
2023-08-31,P0036,W005,335,337.2027
2023-08-31,P0036,W006,822,803.7641
2023-08-31,P0037,W001,918,902.2533
2023-08-31,P0037,W002,915,909.03827
2023-08-31,P0037,W003,744,730.0991
2023-08-31,P0037,W004,917,888.9624
2023-08-31,P0037,W005,518,499.09952
2023-08-31,P0037,W006,394,384.9495
2023-08-31,P0038,W001,521,511.19016
2023-08-31,P0038,W002,620,623.4546
2023-08-31,P0038,W003,749,744.11975
2023-08-31,P0038,W004,597,593.7966
2023-08-31,P0038,W005,648,671.031
2023-08-31,P0038,W006,823,833.2099
2023-08-31,P0039,W001,1160,1184.457
2023-08-31,P0039,W002,912,922.07025
2023-08-31,P0039,W003,864,879.425
2023-08-31,P0039,W004,952,977.79065
2023-08-31,P0039,W005,1419,1458.2618
2023-08-31,P0039,W006,1030,1024.4954
2023-08-31,P0040,W001,1607,1565.7924
2023-08-31,P0040,W002,671,660.19507
2023-08-31,P0040,W003,684,697.2111
2023-08-31,P0040,W004,957,952.08154
2023-08-31,P0040,W005,1194,1163.4076
2023-08-31,P0040,W006,1256,1256.595
2023-08-31,P0041,W001,956,966.22424
2023-08-31,P0041,W002,847,850.95856
2023-08-31,P0041,W003,636,656.13806
2023-08-31,P0041,W004,511,511.0224
2023-08-31,P0041,W005,648,650.3528
2023-08-31,P0041,W006,902,902.9724
2023-08-31,P0042,W001,520,516.67255
2023-08-31,P0042,W002,784,785.4973
2023-08-31,P0042,W003,719,747.95496
2023-08-31,P0042,W004,907,917.3455
2023-08-31,P0042,W005,884,877.39404
2023-08-31,P0042,W006,1085,1060.1202
2023-08-31,P0043,W001,729,738.11084
2023-08-31,P0043,W002,1018,1000.02435
2023-08-31,P0043,W003,887,887.30176
2023-08-31,P0043,W004,800,767.1167
2023-08-31,P0043,W005,689,688.7933
2023-08-31,P0043,W006,537,525.30023
2023-08-31,P0044,W001,235,237.19063
2023-08-31,P0044,W002,163,168.40248
2023-08-31,P0044,W003,226,223.97633
2023-08-31,P0044,W004,179,177.30894
2023-08-31,P0044,W005,266,259.5483
2023-08-31,P0044,W006,166,164.0566
2023-08-31,P0045,W001,1508,1491.4523
2023-08-31,P0045,W002,718,711.2103
2023-08-31,P0045,W003,712,710.2552
2023-08-31,P0045,W004,1105,1082.7316
2023-08-31,P0045,W005,1462,1469.1398
2023-08-31,P0045,W006,1298,1320.1223
2023-08-31,P0046,W001,463,456.23187
2023-08-31,P0046,W002,911,896.7268
2023-08-31,P0046,W003,769,750.3679
2023-08-31,P0046,W004,460,456.42978
2023-08-31,P0046,W005,770,774.977
2023-08-31,P0046,W006,586,582.1188
2023-08-31,P0047,W001,538,540.30676
2023-08-31,P0047,W002,489,499.3111
2023-08-31,P0047,W003,373,366.87823
2023-08-31,P0047,W004,699,687.3447
2023-08-31,P0047,W005,804,812.2118
2023-08-31,P0047,W006,338,343.05997
2023-08-31,P0048,W001,957,938.3224
2023-08-31,P0048,W002,1734,1702.3552
2023-08-31,P0048,W003,823,835.2399
2023-08-31,P0048,W004,944,950.44354
2023-08-31,P0048,W005,1243,1291.4983
2023-08-31,P0048,W006,949,967.9926
2023-08-31,P0049,W001,948,928.6644
2023-08-31,P0049,W002,599,581.4658
2023-08-31,P0049,W003,787,805.0149
2023-08-31,P0049,W004,682,662.58856
2023-08-31,P0049,W005,643,649.9473
2023-08-31,P0049,W006,529,530.7324
2023-08-31,P0050,W001,1682,1685.0902
2023-08-31,P0050,W002,1060,1065.3994
2023-08-31,P0050,W003,1083,1065.239
2023-08-31,P0050,W004,1442,1500.1447
2023-08-31,P0050,W005,896,881.75836
2023-08-31,P0050,W006,1367,1371.8131
2023-08-31,P0051,W001,782,788.0099
2023-08-31,P0051,W002,482,503.0677
2023-08-31,P0051,W003,1223,1269.5248
2023-08-31,P0051,W004,1109,1191.493
2023-08-31,P0051,W005,671,691.26843
2023-08-31,P0051,W006,801,842.26263
2023-08-31,P0052,W001,1004,990.0203
2023-08-31,P0052,W002,1044,1039.5203
2023-08-31,P0052,W003,964,925.51154
2023-08-31,P0052,W004,1168,1162.4012
2023-08-31,P0052,W005,528,548.51483
2023-08-31,P0052,W006,1233,1246.4817
2023-08-31,P0053,W001,484,479.57642
2023-08-31,P0053,W002,359,356.43015
2023-08-31,P0053,W003,265,264.21454
2023-08-31,P0053,W004,328,322.13596
2023-08-31,P0053,W005,287,292.22513
2023-08-31,P0053,W006,558,560.0508
2023-08-31,P0054,W001,1073,1043.4857
2023-08-31,P0054,W002,1853,1833.7134
2023-08-31,P0054,W003,651,656.83636
2023-08-31,P0054,W004,1725,1707.4327
2023-08-31,P0054,W005,1129,1134.3767
2023-08-31,P0054,W006,1785,1756.414
2023-08-31,P0055,W001,1449,1462.754
2023-08-31,P0055,W002,903,904.4397
2023-08-31,P0055,W003,849,867.902
2023-08-31,P0055,W004,1270,1234.0074
2023-08-31,P0055,W005,1626,1576.2198
2023-08-31,P0055,W006,1163,1117.781
2023-08-31,P0056,W001,763,741.8792
2023-08-31,P0056,W002,620,623.18585
2023-08-31,P0056,W003,352,365.63156
2023-08-31,P0056,W004,479,460.97852
2023-08-31,P0056,W005,942,961.2618
2023-08-31,P0056,W006,511,517.0726
2023-08-31,P0057,W001,1549,1562.7512
2023-08-31,P0057,W002,852,830.86273
2023-08-31,P0057,W003,753,756.95984
2023-08-31,P0057,W004,1503,1480.5662
2023-08-31,P0057,W005,663,654.59015
2023-08-31,P0057,W006,1141,1154.9497
2023-08-31,P0058,W001,1478,1470.9813
2023-08-31,P0058,W002,1525,1444.3506
2023-08-31,P0058,W003,794,805.1362
2023-08-31,P0058,W004,1170,1195.9314
2023-08-31,P0058,W005,1071,1049.1018
2023-08-31,P0058,W006,1197,1192.996
2023-08-31,P0059,W001,722,701.25323
2023-08-31,P0059,W002,601,590.02576
2023-08-31,P0059,W003,396,401.4631
2023-08-31,P0059,W004,541,536.59235
2023-08-31,P0059,W005,819,800.5984
2023-08-31,P0059,W006,351,351.07788
2023-08-31,P0060,W001,710,715.1649
2023-08-31,P0060,W002,784,802.6359
2023-08-31,P0060,W003,787,782.13196
2023-08-31,P0060,W004,1240,1237.947
2023-08-31,P0060,W005,825,854.0723
2023-08-31,P0060,W006,1269,1287.6416
2023-09-30,P0001,W001,240,240.22311
2023-09-30,P0001,W002,620,598.54663
2023-09-30,P0001,W003,317,317.85324
2023-09-30,P0001,W004,530,537.5193
2023-09-30,P0001,W005,264,260.82922
2023-09-30,P0001,W006,318,311.44147
2023-09-30,P0002,W001,613,596.01245
2023-09-30,P0002,W002,405,391.4051
2023-09-30,P0002,W003,520,515.31854
2023-09-30,P0002,W004,610,592.56665
2023-09-30,P0002,W005,565,567.09735
2023-09-30,P0002,W006,603,594.2455
2023-09-30,P0003,W001,389,398.19028
2023-09-30,P0003,W002,387,376.7784
2023-09-30,P0003,W003,188,191.41359
2023-09-30,P0003,W004,380,371.63605
2023-09-30,P0003,W005,391,390.4331
2023-09-30,P0003,W006,371,367.22314
2023-09-30,P0004,W001,677,683.4679
2023-09-30,P0004,W002,1332,1349.4015
2023-09-30,P0004,W003,1134,1084.6256
2023-09-30,P0004,W004,1144,1138.9578
2023-09-30,P0004,W005,1391,1384.4679
2023-09-30,P0004,W006,919,914.7966
2023-09-30,P0005,W001,121,123.93994
2023-09-30,P0005,W002,193,193.35188
2023-09-30,P0005,W003,311,320.63
2023-09-30,P0005,W004,301,309.43024
2023-09-30,P0005,W005,167,171.98375
2023-09-30,P0005,W006,187,187.73096
2023-09-30,P0006,W001,232,227.73944
2023-09-30,P0006,W002,323,317.77515
2023-09-30,P0006,W003,344,337.59842
2023-09-30,P0006,W004,170,172.27507
2023-09-30,P0006,W005,363,358.1191
2023-09-30,P0006,W006,255,253.12488
2023-09-30,P0007,W001,233,228.05862
2023-09-30,P0007,W002,579,575.14185
2023-09-30,P0007,W003,259,254.73935
2023-09-30,P0007,W004,598,595.7874
2023-09-30,P0007,W005,393,387.50748
2023-09-30,P0007,W006,231,232.89545
2023-09-30,P0008,W001,429,449.23465
2023-09-30,P0008,W002,860,898.75714
2023-09-30,P0008,W003,566,576.4033
2023-09-30,P0008,W004,517,514.41486
2023-09-30,P0008,W005,552,566.9049
2023-09-30,P0008,W006,1059,1070.6375
2023-09-30,P0009,W001,234,237.55844
2023-09-30,P0009,W002,320,327.41895
2023-09-30,P0009,W003,467,467.4728
2023-09-30,P0009,W004,480,488.76062
2023-09-30,P0009,W005,609,609.8233
2023-09-30,P0009,W006,297,297.81406
2023-09-30,P0010,W001,1471,1458.6936
2023-09-30,P0010,W002,712,704.30615
2023-09-30,P0010,W003,1588,1567.688
2023-09-30,P0010,W004,950,971.455
2023-09-30,P0010,W005,1328,1299.8921
2023-09-30,P0010,W006,1312,1314.3534
2023-09-30,P0011,W001,299,295.05942
2023-09-30,P0011,W002,267,262.0885
2023-09-30,P0011,W003,569,581.51385
2023-09-30,P0011,W004,245,248.12584
2023-09-30,P0011,W005,255,257.479
2023-09-30,P0011,W006,489,486.6958
2023-09-30,P0012,W001,443,435.18936
2023-09-30,P0012,W002,425,418.2967
2023-09-30,P0012,W003,348,343.36664
2023-09-30,P0012,W004,430,413.75858
2023-09-30,P0012,W005,390,393.4909
2023-09-30,P0012,W006,371,366.85858
2023-09-30,P0013,W001,587,576.0412
2023-09-30,P0013,W002,1123,1106.6259
2023-09-30,P0013,W003,993,1016.0714
2023-09-30,P0013,W004,1430,1404.5647
2023-09-30,P0013,W005,667,653.9808
2023-09-30,P0013,W006,543,544.63837
2023-09-30,P0014,W001,499,503.9144
2023-09-30,P0014,W002,386,381.9127
2023-09-30,P0014,W003,597,615.13245
2023-09-30,P0014,W004,705,692.71356
2023-09-30,P0014,W005,802,801.8409
2023-09-30,P0014,W006,347,345.13763
2023-09-30,P0015,W001,194,204.44118
2023-09-30,P0015,W002,433,451.97095
2023-09-30,P0015,W003,451,465.96518
2023-09-30,P0015,W004,592,625.90906
2023-09-30,P0015,W005,234,235.03992
2023-09-30,P0015,W006,217,230.65993
2023-09-30,P0016,W001,356,365.52707
2023-09-30,P0016,W002,263,266.7079
2023-09-30,P0016,W003,283,293.20718
2023-09-30,P0016,W004,388,401.9383
2023-09-30,P0016,W005,393,407.7412
2023-09-30,P0016,W006,390,410.2912
2023-09-30,P0017,W001,256,253.35411
2023-09-30,P0017,W002,673,673.39813
2023-09-30,P0017,W003,626,610.32043
2023-09-30,P0017,W004,318,316.929
2023-09-30,P0017,W005,309,312.42578
2023-09-30,P0017,W006,398,396.11145
2023-09-30,P0018,W001,369,368.05463
2023-09-30,P0018,W002,174,180.16814
2023-09-30,P0018,W003,236,239.02332
2023-09-30,P0018,W004,161,158.2956
2023-09-30,P0018,W005,355,347.94714
2023-09-30,P0018,W006,228,231.60873
2023-09-30,P0019,W001,914,891.00287
2023-09-30,P0019,W002,799,812.763
2023-09-30,P0019,W003,596,589.1597
2023-09-30,P0019,W004,1691,1634.7998
2023-09-30,P0019,W005,971,972.3911
2023-09-30,P0019,W006,1412,1400.4321
2023-09-30,P0020,W001,808,828.1264
2023-09-30,P0020,W002,855,837.4976
2023-09-30,P0020,W003,1091,1126.3259
2023-09-30,P0020,W004,831,834.07635
2023-09-30,P0020,W005,1142,1111.8717
2023-09-30,P0020,W006,1324,1322.6146
2023-09-30,P0021,W001,975,995.9552
2023-09-30,P0021,W002,1044,1085.9141
2023-09-30,P0021,W003,632,677.90466
2023-09-30,P0021,W004,594,659.1781
2023-09-30,P0021,W005,882,934.1242
2023-09-30,P0021,W006,901,909.84186
2023-09-30,P0022,W001,244,245.68085
2023-09-30,P0022,W002,225,228.19862
2023-09-30,P0022,W003,224,227.53528
2023-09-30,P0022,W004,186,182.85297
2023-09-30,P0022,W005,236,238.34338
2023-09-30,P0022,W006,204,199.76976
2023-09-30,P0023,W001,1077,1074.6912
2023-09-30,P0023,W002,1405,1409.2864
2023-09-30,P0023,W003,588,573.25995
2023-09-30,P0023,W004,1241,1214.9268
2023-09-30,P0023,W005,956,948.533
2023-09-30,P0023,W006,1182,1186.9023
2023-09-30,P0024,W001,641,641.1092
2023-09-30,P0024,W002,670,680.773
2023-09-30,P0024,W003,944,951.6325
2023-09-30,P0024,W004,1359,1332.1406
2023-09-30,P0024,W005,858,890.1186
2023-09-30,P0024,W006,1162,1164.9779
2023-09-30,P0025,W001,468,479.3647
2023-09-30,P0025,W002,553,564.45197
2023-09-30,P0025,W003,944,962.01465
2023-09-30,P0025,W004,1006,1010.33435
2023-09-30,P0025,W005,1135,1132.3326
2023-09-30,P0025,W006,471,478.2619
2023-09-30,P0026,W001,97,122.23553
2023-09-30,P0026,W002,154,158.4597
2023-09-30,P0026,W003,199,198.96758
2023-09-30,P0026,W004,147,147.97385
2023-09-30,P0026,W005,151,155.90506
2023-09-30,P0026,W006,208,209.1321
2023-09-30,P0027,W001,237,235.26697
2023-09-30,P0027,W002,320,325.05698
2023-09-30,P0027,W003,454,442.81723
2023-09-30,P0027,W004,347,351.4271
2023-09-30,P0027,W005,465,449.62512
2023-09-30,P0027,W006,535,525.47736
2023-09-30,P0028,W001,240,240.49373
2023-09-30,P0028,W002,146,149.44188
2023-09-30,P0028,W003,277,280.20276
2023-09-30,P0028,W004,252,245.03464
2023-09-30,P0028,W005,282,279.93973
2023-09-30,P0028,W006,201,198.09201
2023-09-30,P0029,W001,742,753.59204
2023-09-30,P0029,W002,954,959.26965
2023-09-30,P0029,W003,1099,1072.4167
2023-09-30,P0029,W004,688,715.7801
2023-09-30,P0029,W005,1429,1439.4703
2023-09-30,P0029,W006,915,932.2599
2023-09-30,P0030,W001,251,253.35991
2023-09-30,P0030,W002,576,577.2773
2023-09-30,P0030,W003,377,392.28693
2023-09-30,P0030,W004,228,232.39557
2023-09-30,P0030,W005,276,275.8306
2023-09-30,P0030,W006,506,495.31595
2023-09-30,P0031,W001,1356,1345.3265
2023-09-30,P0031,W002,1308,1322.6182
2023-09-30,P0031,W003,1072,1061.7137
2023-09-30,P0031,W004,969,962.8782
2023-09-30,P0031,W005,1517,1499.3407
2023-09-30,P0031,W006,760,784.9046
2023-09-30,P0032,W001,443,441.9547
2023-09-30,P0032,W002,669,662.3646
2023-09-30,P0032,W003,447,440.00745
2023-09-30,P0032,W004,641,649.9165
2023-09-30,P0032,W005,719,713.63586
2023-09-30,P0032,W006,335,340.99173
2023-09-30,P0033,W001,581,593.3181
2023-09-30,P0033,W002,1126,1140.5519
2023-09-30,P0033,W003,964,954.79736
2023-09-30,P0033,W004,1087,1099.1615
2023-09-30,P0033,W005,954,946.0133
2023-09-30,P0033,W006,1287,1285.1393
2023-09-30,P0034,W001,238,248.51688
2023-09-30,P0034,W002,100,110.76776
2023-09-30,P0034,W003,88,107.376434
2023-09-30,P0034,W004,161,163.72835
2023-09-30,P0034,W005,173,181.95375
2023-09-30,P0034,W006,179,182.19313
2023-09-30,P0035,W001,169,174.05453
2023-09-30,P0035,W002,151,151.38141
2023-09-30,P0035,W003,205,198.5734
2023-09-30,P0035,W004,210,206.5503
2023-09-30,P0035,W005,123,122.53058
2023-09-30,P0035,W006,268,264.6995
2023-09-30,P0036,W001,335,353.12836
2023-09-30,P0036,W002,440,458.62256
2023-09-30,P0036,W003,539,558.2325
2023-09-30,P0036,W004,819,852.87177
2023-09-30,P0036,W005,328,333.73166
2023-09-30,P0036,W006,818,834.0234
2023-09-30,P0037,W001,834,818.03656
2023-09-30,P0037,W002,861,837.07074
2023-09-30,P0037,W003,670,657.64655
2023-09-30,P0037,W004,821,821.6664
2023-09-30,P0037,W005,455,454.06833
2023-09-30,P0037,W006,337,340.1304
2023-09-30,P0038,W001,438,443.08243
2023-09-30,P0038,W002,565,561.6521
2023-09-30,P0038,W003,657,657.7582
2023-09-30,P0038,W004,529,530.43335
2023-09-30,P0038,W005,584,566.07104
2023-09-30,P0038,W006,759,746.68726
2023-09-30,P0039,W001,1014,989.1482
2023-09-30,P0039,W002,729,754.24316
2023-09-30,P0039,W003,730,763.18365
2023-09-30,P0039,W004,762,801.8461
2023-09-30,P0039,W005,1172,1189.5615
2023-09-30,P0039,W006,847,854.7077
2023-09-30,P0040,W001,1324,1362.9589
2023-09-30,P0040,W002,623,611.6606
2023-09-30,P0040,W003,608,600.63586
2023-09-30,P0040,W004,819,801.4435
2023-09-30,P0040,W005,1037,1041.9916
2023-09-30,P0040,W006,1046,1077.8734
2023-09-30,P0041,W001,825,824.569
2023-09-30,P0041,W002,772,753.4235
2023-09-30,P0041,W003,566,557.12134
2023-09-30,P0041,W004,432,434.18365
2023-09-30,P0041,W005,569,558.4006
2023-09-30,P0041,W006,807,805.67773
2023-09-30,P0042,W001,454,449.70303
2023-09-30,P0042,W002,665,666.6984
2023-09-30,P0042,W003,651,641.5344
2023-09-30,P0042,W004,822,810.10486
2023-09-30,P0042,W005,821,803.9758
2023-09-30,P0042,W006,938,934.2813
2023-09-30,P0043,W001,748,754.46136
2023-09-30,P0043,W002,1013,1033.923
2023-09-30,P0043,W003,886,875.4184
2023-09-30,P0043,W004,697,744.48004
2023-09-30,P0043,W005,715,727.8251
2023-09-30,P0043,W006,569,592.31036
2023-09-30,P0044,W001,224,219.66266
2023-09-30,P0044,W002,147,146.06323
2023-09-30,P0044,W003,201,200.02802
2023-09-30,P0044,W004,153,156.4613
2023-09-30,P0044,W005,230,224.84845
2023-09-30,P0044,W006,144,147.45297
2023-09-30,P0045,W001,1330,1298.633
2023-09-30,P0045,W002,630,641.89417
2023-09-30,P0045,W003,609,619.27893
2023-09-30,P0045,W004,1019,1001.29065
2023-09-30,P0045,W005,1313,1303.163
2023-09-30,P0045,W006,1184,1160.9475
2023-09-30,P0046,W001,422,421.6352
2023-09-30,P0046,W002,786,796.5566
2023-09-30,P0046,W003,667,672.1203
2023-09-30,P0046,W004,401,395.91318
2023-09-30,P0046,W005,654,650.47284
2023-09-30,P0046,W006,523,508.56363
2023-09-30,P0047,W001,472,474.6906
2023-09-30,P0047,W002,445,439.81296
2023-09-30,P0047,W003,341,340.4198
2023-09-30,P0047,W004,612,619.17413
2023-09-30,P0047,W005,748,749.19916
2023-09-30,P0047,W006,294,299.1806
2023-09-30,P0048,W001,832,841.3802
2023-09-30,P0048,W002,1570,1558.7479
2023-09-30,P0048,W003,760,757.5459
2023-09-30,P0048,W004,809,811.463
2023-09-30,P0048,W005,1121,1096.663
2023-09-30,P0048,W006,874,863.62976
2023-09-30,P0049,W001,819,811.588
2023-09-30,P0049,W002,498,512.0184
2023-09-30,P0049,W003,701,684.342
2023-09-30,P0049,W004,588,587.4983
2023-09-30,P0049,W005,576,559.2372
2023-09-30,P0049,W006,469,477.0006
2023-09-30,P0050,W001,1549,1511.5162
2023-09-30,P0050,W002,950,953.7932
2023-09-30,P0050,W003,929,938.12024
2023-09-30,P0050,W004,1252,1241.1053
2023-09-30,P0050,W005,776,771.1406
2023-09-30,P0050,W006,1162,1163.8116
2023-09-30,P0051,W001,678,677.00836
2023-09-30,P0051,W002,433,426.71686
2023-09-30,P0051,W003,1037,1038.518
2023-09-30,P0051,W004,1015,975.6812
2023-09-30,P0051,W005,583,583.37085
2023-09-30,P0051,W006,702,683.8606
2023-09-30,P0052,W001,905,933.59454
2023-09-30,P0052,W002,978,1003.3087
2023-09-30,P0052,W003,847,875.1343
2023-09-30,P0052,W004,1062,1081.3846
2023-09-30,P0052,W005,486,499.4904
2023-09-30,P0052,W006,1165,1194.8889
2023-09-30,P0053,W001,417,411.40344
2023-09-30,P0053,W002,322,317.1492
2023-09-30,P0053,W003,248,246.88622
2023-09-30,P0053,W004,281,279.64056
2023-09-30,P0053,W005,257,253.47977
2023-09-30,P0053,W006,477,470.03964
2023-09-30,P0054,W001,889,912.5542
2023-09-30,P0054,W002,1542,1536.9923
2023-09-30,P0054,W003,552,561.4726
2023-09-30,P0054,W004,1548,1512.1835
2023-09-30,P0054,W005,924,943.142
2023-09-30,P0054,W006,1462,1507.2522
2023-09-30,P0055,W001,1321,1310.8866
2023-09-30,P0055,W002,816,802.9562
2023-09-30,P0055,W003,779,767.8952
2023-09-30,P0055,W004,1106,1110.3772
2023-09-30,P0055,W005,1411,1398.2728
2023-09-30,P0055,W006,1005,1019.0959
2023-09-30,P0056,W001,699,690.7186
2023-09-30,P0056,W002,582,572.26715
2023-09-30,P0056,W003,317,306.9545
2023-09-30,P0056,W004,416,427.24164
2023-09-30,P0056,W005,813,800.493
2023-09-30,P0056,W006,448,432.1635
2023-09-30,P0057,W001,1401,1369.4622
2023-09-30,P0057,W002,762,754.3885
2023-09-30,P0057,W003,656,652.3701
2023-09-30,P0057,W004,1326,1312.182
2023-09-30,P0057,W005,582,589.504
2023-09-30,P0057,W006,955,977.28033
2023-09-30,P0058,W001,1355,1349.8673
2023-09-30,P0058,W002,1360,1354.8724
2023-09-30,P0058,W003,699,689.41614
2023-09-30,P0058,W004,1043,1037.288
2023-09-30,P0058,W005,905,934.7706
2023-09-30,P0058,W006,1067,1062.3698
2023-09-30,P0059,W001,672,707.6934
2023-09-30,P0059,W002,532,544.0934
2023-09-30,P0059,W003,389,401.2182
2023-09-30,P0059,W004,489,505.30405
2023-09-30,P0059,W005,750,782.76044
2023-09-30,P0059,W006,323,342.43707
2023-09-30,P0060,W001,656,637.6106
2023-09-30,P0060,W002,692,683.09503
2023-09-30,P0060,W003,700,697.3363
2023-09-30,P0060,W004,1164,1146.3962
2023-09-30,P0060,W005,787,783.5529
2023-09-30,P0060,W006,1083,1110.2065
2023-10-31,P0001,W001,258,247.18448
2023-10-31,P0001,W002,622,631.55194
2023-10-31,P0001,W003,318,320.9005
2023-10-31,P0001,W004,526,531.1786
2023-10-31,P0001,W005,259,261.87662
2023-10-31,P0001,W006,311,316.39554
2023-10-31,P0002,W001,659,655.986
2023-10-31,P0002,W002,429,433.09796
2023-10-31,P0002,W003,554,553.5217
2023-10-31,P0002,W004,616,634.1527
2023-10-31,P0002,W005,584,569.14264
2023-10-31,P0002,W006,616,609.05695
2023-10-31,P0003,W001,405,396.4784
2023-10-31,P0003,W002,400,391.13406
2023-10-31,P0003,W003,195,196.71153
2023-10-31,P0003,W004,365,368.82755
2023-10-31,P0003,W005,430,412.93347
2023-10-31,P0003,W006,379,370.89044
2023-10-31,P0004,W001,668,671.807
2023-10-31,P0004,W002,1399,1401.5681
2023-10-31,P0004,W003,1183,1185.1085
2023-10-31,P0004,W004,1131,1160.625
2023-10-31,P0004,W005,1517,1450.142
2023-10-31,P0004,W006,954,939.27655
2023-10-31,P0005,W001,124,120.57672
2023-10-31,P0005,W002,199,197.78146
2023-10-31,P0005,W003,331,317.47562
2023-10-31,P0005,W004,318,318.39053
2023-10-31,P0005,W005,168,172.06586
2023-10-31,P0005,W006,201,200.00873
2023-10-31,P0006,W001,228,233.54062
2023-10-31,P0006,W002,328,325.2686
2023-10-31,P0006,W003,366,360.64264
2023-10-31,P0006,W004,170,171.83867
2023-10-31,P0006,W005,366,363.84146
2023-10-31,P0006,W006,271,267.61682
2023-10-31,P0007,W001,229,234.96167
2023-10-31,P0007,W002,566,576.6001
2023-10-31,P0007,W003,258,258.21213
2023-10-31,P0007,W004,619,615.4032
2023-10-31,P0007,W005,404,402.70844
2023-10-31,P0007,W006,240,237.23103
2023-10-31,P0008,W001,447,442.65982
2023-10-31,P0008,W002,932,914.8823
2023-10-31,P0008,W003,590,589.6484
2023-10-31,P0008,W004,538,546.47736
2023-10-31,P0008,W005,564,558.13416
2023-10-31,P0008,W006,1079,1086.0787
2023-10-31,P0009,W001,250,245.19785
2023-10-31,P0009,W002,344,341.49524
2023-10-31,P0009,W003,496,487.6872
2023-10-31,P0009,W004,511,510.48767
2023-10-31,P0009,W005,621,616.6819
2023-10-31,P0009,W006,300,304.4243
2023-10-31,P0010,W001,1452,1476.4617
2023-10-31,P0010,W002,717,728.0221
2023-10-31,P0010,W003,1638,1603.3772
2023-10-31,P0010,W004,1047,1013.4442
2023-10-31,P0010,W005,1348,1384.6016
2023-10-31,P0010,W006,1397,1384.3254
2023-10-31,P0011,W001,291,289.24905
2023-10-31,P0011,W002,272,270.61426
2023-10-31,P0011,W003,578,573.6157
2023-10-31,P0011,W004,252,249.20102
2023-10-31,P0011,W005,263,268.12668
2023-10-31,P0011,W006,500,490.30377
2023-10-31,P0012,W001,448,444.49966
2023-10-31,P0012,W002,446,450.54617
2023-10-31,P0012,W003,367,359.86853
2023-10-31,P0012,W004,408,422.1972
2023-10-31,P0012,W005,417,409.4525
2023-10-31,P0012,W006,380,375.77118
2023-10-31,P0013,W001,615,617.6896
2023-10-31,P0013,W002,1156,1148.951
2023-10-31,P0013,W003,994,997.3452
2023-10-31,P0013,W004,1535,1503.0393
2023-10-31,P0013,W005,690,701.2373
2023-10-31,P0013,W006,578,572.2088
2023-10-31,P0014,W001,519,511.93222
2023-10-31,P0014,W002,384,390.21844
2023-10-31,P0014,W003,598,595.3437
2023-10-31,P0014,W004,700,718.192
2023-10-31,P0014,W005,818,832.0579
2023-10-31,P0014,W006,347,358.3597
2023-10-31,P0015,W001,191,186.08629
2023-10-31,P0015,W002,411,412.50183
2023-10-31,P0015,W003,420,421.9962
2023-10-31,P0015,W004,534,546.6803
2023-10-31,P0015,W005,217,215.9988
2023-10-31,P0015,W006,203,205.21474
2023-10-31,P0016,W001,312,320.02814
2023-10-31,P0016,W002,235,237.26437
2023-10-31,P0016,W003,241,249.5981
2023-10-31,P0016,W004,344,357.4535
2023-10-31,P0016,W005,320,327.4201
2023-10-31,P0016,W006,341,350.85706
2023-10-31,P0017,W001,272,272.77695
2023-10-31,P0017,W002,705,692.9202
2023-10-31,P0017,W003,596,612.2266
2023-10-31,P0017,W004,347,343.05838
2023-10-31,P0017,W005,324,315.63373
2023-10-31,P0017,W006,392,389.2583
2023-10-31,P0018,W001,380,379.20554
2023-10-31,P0018,W002,200,196.9936
2023-10-31,P0018,W003,233,233.33913
2023-10-31,P0018,W004,163,165.31721
2023-10-31,P0018,W005,352,352.22302
2023-10-31,P0018,W006,248,239.98215
2023-10-31,P0019,W001,941,946.10095
2023-10-31,P0019,W002,843,833.23505
2023-10-31,P0019,W003,595,593.9308
2023-10-31,P0019,W004,1630,1643.6578
2023-10-31,P0019,W005,1026,1011.90784
2023-10-31,P0019,W006,1536,1500.4701
2023-10-31,P0020,W001,847,834.413
2023-10-31,P0020,W002,840,847.05725
2023-10-31,P0020,W003,1181,1137.975
2023-10-31,P0020,W004,848,864.168
2023-10-31,P0020,W005,1169,1142.967
2023-10-31,P0020,W006,1480,1428.2264
2023-10-31,P0021,W001,776,799.8949
2023-10-31,P0021,W002,931,902.957
2023-10-31,P0021,W003,537,534.26666
2023-10-31,P0021,W004,486,492.11322
2023-10-31,P0021,W005,745,756.11914
2023-10-31,P0021,W006,743,773.1297
2023-10-31,P0022,W001,271,285.04453
2023-10-31,P0022,W002,232,249.14162
2023-10-31,P0022,W003,234,241.66814
2023-10-31,P0022,W004,190,208.5153
2023-10-31,P0022,W005,234,253.64296
2023-10-31,P0022,W006,210,220.46259
2023-10-31,P0023,W001,1135,1100.7496
2023-10-31,P0023,W002,1426,1432.4423
2023-10-31,P0023,W003,591,594.3173
2023-10-31,P0023,W004,1281,1277.466
2023-10-31,P0023,W005,943,968.5023
2023-10-31,P0023,W006,1180,1194.9824
2023-10-31,P0024,W001,686,677.00195
2023-10-31,P0024,W002,710,708.1608
2023-10-31,P0024,W003,1004,991.22
2023-10-31,P0024,W004,1383,1403.1287
2023-10-31,P0024,W005,879,880.4029
2023-10-31,P0024,W006,1246,1209.4093
2023-10-31,P0025,W001,454,455.61115
2023-10-31,P0025,W002,562,568.7043
2023-10-31,P0025,W003,934,947.7386
2023-10-31,P0025,W004,1115,1079.5226
2023-10-31,P0025,W005,1156,1165.0098
2023-10-31,P0025,W006,489,486.0662
2023-10-31,P0026,W001,109,113.09006
2023-10-31,P0026,W002,173,180.54744
2023-10-31,P0026,W003,224,238.64261
2023-10-31,P0026,W004,157,167.17126
2023-10-31,P0026,W005,167,183.29713
2023-10-31,P0026,W006,226,238.42776
2023-10-31,P0027,W001,250,249.1744
2023-10-31,P0027,W002,354,344.67267
2023-10-31,P0027,W003,461,457.1783
2023-10-31,P0027,W004,351,353.70633
2023-10-31,P0027,W005,454,462.82178
2023-10-31,P0027,W006,508,529.50995
2023-10-31,P0028,W001,274,282.18924
2023-10-31,P0028,W002,160,168.36526
2023-10-31,P0028,W003,307,316.87595
2023-10-31,P0028,W004,276,287.43884
2023-10-31,P0028,W005,313,327.29218
2023-10-31,P0028,W006,209,220.46133
2023-10-31,P0029,W001,754,762.10333
2023-10-31,P0029,W002,993,979.88916
2023-10-31,P0029,W003,1102,1069.863
2023-10-31,P0029,W004,763,738.8561
2023-10-31,P0029,W005,1516,1483.1855
2023-10-31,P0029,W006,962,930.76733
2023-10-31,P0030,W001,268,265.49704
2023-10-31,P0030,W002,607,597.00354
2023-10-31,P0030,W003,416,403.65768
2023-10-31,P0030,W004,249,244.44342
2023-10-31,P0030,W005,271,271.3383
2023-10-31,P0030,W006,502,504.22244
2023-10-31,P0031,W001,1408,1418.4316
2023-10-31,P0031,W002,1378,1367.4155
2023-10-31,P0031,W003,1035,1052.4187
2023-10-31,P0031,W004,1057,1040.5664
2023-10-31,P0031,W005,1564,1536.513
2023-10-31,P0031,W006,810,794.983
2023-10-31,P0032,W001,451,446.78015
2023-10-31,P0032,W002,672,660.827
2023-10-31,P0032,W003,432,440.0864
2023-10-31,P0032,W004,651,646.9228
2023-10-31,P0032,W005,710,716.176
2023-10-31,P0032,W006,359,354.2696
2023-10-31,P0033,W001,601,598.3888
2023-10-31,P0033,W002,1186,1154.5797
2023-10-31,P0033,W003,1040,1033.906
2023-10-31,P0033,W004,1164,1134.4076
2023-10-31,P0033,W005,1019,1008.0906
2023-10-31,P0033,W006,1284,1295.6675
2023-10-31,P0034,W001,263,252.48141
2023-10-31,P0034,W002,102,112.5981
2023-10-31,P0034,W003,91,111.813896
2023-10-31,P0034,W004,169,170.2057
2023-10-31,P0034,W005,182,182.09329
2023-10-31,P0034,W006,189,189.16252
2023-10-31,P0035,W001,166,161.47052
2023-10-31,P0035,W002,144,151.25587
2023-10-31,P0035,W003,215,215.55486
2023-10-31,P0035,W004,216,217.60318
2023-10-31,P0035,W005,134,126.73142
2023-10-31,P0035,W006,278,276.51962
2023-10-31,P0036,W001,316,324.90494
2023-10-31,P0036,W002,417,422.60242
2023-10-31,P0036,W003,496,500.5695
2023-10-31,P0036,W004,790,810.6195
2023-10-31,P0036,W005,316,321.46848
2023-10-31,P0036,W006,747,758.9593
2023-10-31,P0037,W001,893,869.88525
2023-10-31,P0037,W002,874,863.90247
2023-10-31,P0037,W003,658,681.08435
2023-10-31,P0037,W004,870,845.27094
2023-10-31,P0037,W005,424,435.86423
2023-10-31,P0037,W006,337,332.7498
2023-10-31,P0038,W001,461,455.38123
2023-10-31,P0038,W002,580,578.6493
2023-10-31,P0038,W003,677,671.12335
2023-10-31,P0038,W004,568,555.0417
2023-10-31,P0038,W005,617,625.1218
2023-10-31,P0038,W006,764,746.517
2023-10-31,P0039,W001,980,1019.3776
2023-10-31,P0039,W002,758,761.3713
2023-10-31,P0039,W003,774,747.90515
2023-10-31,P0039,W004,823,811.18976
2023-10-31,P0039,W005,1224,1210.1589
2023-10-31,P0039,W006,838,847.2484
2023-10-31,P0040,W001,1415,1398.4518
2023-10-31,P0040,W002,622,622.4972
2023-10-31,P0040,W003,602,606.04663
2023-10-31,P0040,W004,834,857.1761
2023-10-31,P0040,W005,1086,1068.0718
2023-10-31,P0040,W006,1175,1120.1766
2023-10-31,P0041,W001,895,872.53723
2023-10-31,P0041,W002,765,772.45917
2023-10-31,P0041,W003,570,561.322
2023-10-31,P0041,W004,458,456.7194
2023-10-31,P0041,W005,577,576.6923
2023-10-31,P0041,W006,841,839.1863
2023-10-31,P0042,W001,440,446.8119
2023-10-31,P0042,W002,725,699.7514
2023-10-31,P0042,W003,657,660.40906
2023-10-31,P0042,W004,824,848.20337
2023-10-31,P0042,W005,781,808.6778
2023-10-31,P0042,W006,1071,1037.4017
2023-10-31,P0043,W001,687,728.744
2023-10-31,P0043,W002,914,953.02686
2023-10-31,P0043,W003,853,872.72626
2023-10-31,P0043,W004,685,700.8041
2023-10-31,P0043,W005,643,680.9215
2023-10-31,P0043,W006,505,541.33496
2023-10-31,P0044,W001,217,218.42494
2023-10-31,P0044,W002,157,157.25218
2023-10-31,P0044,W003,216,219.4267
2023-10-31,P0044,W004,162,160.04326
2023-10-31,P0044,W005,239,238.08563
2023-10-31,P0044,W006,154,152.42949
2023-10-31,P0045,W001,1357,1364.8527
2023-10-31,P0045,W002,650,634.20624
2023-10-31,P0045,W003,639,645.7448
2023-10-31,P0045,W004,1015,1031.5995
2023-10-31,P0045,W005,1314,1314.6893
2023-10-31,P0045,W006,1183,1184.6732
2023-10-31,P0046,W001,409,398.48547
2023-10-31,P0046,W002,795,780.3631
2023-10-31,P0046,W003,670,667.3617
2023-10-31,P0046,W004,430,426.4462
2023-10-31,P0046,W005,671,665.11005
2023-10-31,P0046,W006,557,556.5972
2023-10-31,P0047,W001,497,486.8495
2023-10-31,P0047,W002,451,456.87305
2023-10-31,P0047,W003,325,328.43744
2023-10-31,P0047,W004,627,628.49286
2023-10-31,P0047,W005,774,751.29395
2023-10-31,P0047,W006,291,285.46173
2023-10-31,P0048,W001,826,847.72504
2023-10-31,P0048,W002,1526,1499.1833
2023-10-31,P0048,W003,749,759.7523
2023-10-31,P0048,W004,893,871.2457
2023-10-31,P0048,W005,1186,1171.8762
2023-10-31,P0048,W006,903,906.46747
2023-10-31,P0049,W001,870,841.97986
2023-10-31,P0049,W002,516,514.9724
2023-10-31,P0049,W003,710,716.6306
2023-10-31,P0049,W004,589,610.7848
2023-10-31,P0049,W005,588,584.0089
2023-10-31,P0049,W006,498,486.22897
2023-10-31,P0050,W001,1535,1520.3204
2023-10-31,P0050,W002,959,933.8039
2023-10-31,P0050,W003,950,954.51044
2023-10-31,P0050,W004,1357,1340.4346
2023-10-31,P0050,W005,807,819.46875
2023-10-31,P0050,W006,1174,1177.8502
2023-10-31,P0051,W001,746,741.20966
2023-10-31,P0051,W002,422,430.46088
2023-10-31,P0051,W003,1149,1085.6279
2023-10-31,P0051,W004,978,1020.7196
2023-10-31,P0051,W005,607,605.901
2023-10-31,P0051,W006,725,736.1726
2023-10-31,P0052,W001,909,899.3522
2023-10-31,P0052,W002,956,952.9416
2023-10-31,P0052,W003,778,798.2495
2023-10-31,P0052,W004,1069,1097.4836
2023-10-31,P0052,W005,505,504.19916
2023-10-31,P0052,W006,1103,1108.4801
2023-10-31,P0053,W001,433,439.2373
2023-10-31,P0053,W002,328,325.82346
2023-10-31,P0053,W003,249,249.9631
2023-10-31,P0053,W004,294,292.51797
2023-10-31,P0053,W005,266,265.10526
2023-10-31,P0053,W006,509,505.6642
2023-10-31,P0054,W001,919,901.261
2023-10-31,P0054,W002,1612,1571.9814
2023-10-31,P0054,W003,593,588.21967
2023-10-31,P0054,W004,1493,1524.0029
2023-10-31,P0054,W005,993,972.22
2023-10-31,P0054,W006,1536,1507.7919
2023-10-31,P0055,W001,1417,1408.8333
2023-10-31,P0055,W002,818,807.29254
2023-10-31,P0055,W003,808,797.72217
2023-10-31,P0055,W004,1197,1173.3572
2023-10-31,P0055,W005,1353,1395.5583
2023-10-31,P0055,W006,1006,1022.18024
2023-10-31,P0056,W001,643,658.18256
2023-10-31,P0056,W002,568,568.31195
2023-10-31,P0056,W003,322,327.2694
2023-10-31,P0056,W004,432,428.58832
2023-10-31,P0056,W005,858,856.43787
2023-10-31,P0056,W006,451,459.70905
2023-10-31,P0057,W001,1446,1442.0359
2023-10-31,P0057,W002,773,773.9146
2023-10-31,P0057,W003,680,681.48584
2023-10-31,P0057,W004,1452,1437.1316
2023-10-31,P0057,W005,615,605.4223
2023-10-31,P0057,W006,978,989.0491
2023-10-31,P0058,W001,1297,1328.8026
2023-10-31,P0058,W002,1328,1359.419
2023-10-31,P0058,W003,709,711.2895
2023-10-31,P0058,W004,1090,1083.6779
2023-10-31,P0058,W005,1002,969.5933
2023-10-31,P0058,W006,1098,1097.5251
2023-10-31,P0059,W001,626,623.80066
2023-10-31,P0059,W002,550,545.2533
2023-10-31,P0059,W003,376,372.66925
2023-10-31,P0059,W004,467,467.00415
2023-10-31,P0059,W005,747,744.87885
2023-10-31,P0059,W006,319,318.821
2023-10-31,P0060,W001,638,648.0857
2023-10-31,P0060,W002,692,702.86084
2023-10-31,P0060,W003,732,724.6978
2023-10-31,P0060,W004,1238,1224.4939
2023-10-31,P0060,W005,855,821.1123
2023-10-31,P0060,W006,1194,1138.686
2023-11-30,P0001,W001,292,290.22595
2023-11-30,P0001,W002,686,680.31445
2023-11-30,P0001,W003,349,344.4224
2023-11-30,P0001,W004,641,615.44904
2023-11-30,P0001,W005,297,295.19662
2023-11-30,P0001,W006,352,352.94724
2023-11-30,P0002,W001,731,709.1638
2023-11-30,P0002,W002,474,461.74283
2023-11-30,P0002,W003,614,608.1584
2023-11-30,P0002,W004,684,682.63525
2023-11-30,P0002,W005,652,659.8488
2023-11-30,P0002,W006,683,689.8177
2023-11-30,P0003,W001,441,449.12732
2023-11-30,P0003,W002,426,422.13852
2023-11-30,P0003,W003,217,219.00526
2023-11-30,P0003,W004,426,426.62955
2023-11-30,P0003,W005,466,467.65848
2023-11-30,P0003,W006,421,426.8917
2023-11-30,P0004,W001,775,764.2725
2023-11-30,P0004,W002,1582,1558.8385
2023-11-30,P0004,W003,1207,1230.5955
2023-11-30,P0004,W004,1311,1257.8851
2023-11-30,P0004,W005,1600,1630.6512
2023-11-30,P0004,W006,1059,1061.2524
2023-11-30,P0005,W001,148,151.10376
2023-11-30,P0005,W002,230,230.73073
2023-11-30,P0005,W003,366,368.99985
2023-11-30,P0005,W004,334,335.66818
2023-11-30,P0005,W005,190,187.93298
2023-11-30,P0005,W006,228,225.91605
2023-11-30,P0006,W001,258,255.94534
2023-11-30,P0006,W002,364,370.3285
2023-11-30,P0006,W003,413,412.93823
2023-11-30,P0006,W004,198,200.20282
2023-11-30,P0006,W005,390,394.31985
2023-11-30,P0006,W006,301,296.5596
2023-11-30,P0007,W001,261,262.16223
2023-11-30,P0007,W002,629,637.0903
2023-11-30,P0007,W003,294,289.63748
2023-11-30,P0007,W004,725,722.5401
2023-11-30,P0007,W005,476,467.2146
2023-11-30,P0007,W006,257,263.20016
2023-11-30,P0008,W001,500,513.15155
2023-11-30,P0008,W002,1038,1016.9168
2023-11-30,P0008,W003,709,694.2715
2023-11-30,P0008,W004,587,585.9188
2023-11-30,P0008,W005,596,608.1932
2023-11-30,P0008,W006,1206,1217.3661
2023-11-30,P0009,W001,293,320.19
2023-11-30,P0009,W002,418,427.35693
2023-11-30,P0009,W003,587,616.7685
2023-11-30,P0009,W004,625,644.75476
2023-11-30,P0009,W005,777,775.52844
2023-11-30,P0009,W006,370,380.88474
2023-11-30,P0010,W001,1758,1678.9556
2023-11-30,P0010,W002,830,807.42975
2023-11-30,P0010,W003,1767,1754.9655
2023-11-30,P0010,W004,1090,1120.0212
2023-11-30,P0010,W005,1567,1542.3849
2023-11-30,P0010,W006,1427,1483.664
2023-11-30,P0011,W001,331,333.22308
2023-11-30,P0011,W002,290,288.67334
2023-11-30,P0011,W003,659,648.8786
2023-11-30,P0011,W004,290,289.42587
2023-11-30,P0011,W005,291,286.56256
2023-11-30,P0011,W006,582,573.0527
2023-11-30,P0012,W001,516,510.82452
2023-11-30,P0012,W002,492,493.71088
2023-11-30,P0012,W003,382,381.8823
2023-11-30,P0012,W004,468,467.33673
2023-11-30,P0012,W005,464,451.85522
2023-11-30,P0012,W006,437,431.0037
2023-11-30,P0013,W001,702,694.50397
2023-11-30,P0013,W002,1366,1320.901
2023-11-30,P0013,W003,1147,1108.9076
2023-11-30,P0013,W004,1584,1625.6793
2023-11-30,P0013,W005,753,762.9392
2023-11-30,P0013,W006,651,647.20557
2023-11-30,P0014,W001,590,580.67474
2023-11-30,P0014,W002,415,418.09723
2023-11-30,P0014,W003,672,668.5797
2023-11-30,P0014,W004,787,794.0532
2023-11-30,P0014,W005,848,852.4323
2023-11-30,P0014,W006,391,394.52863
2023-11-30,P0015,W001,203,207.68204
2023-11-30,P0015,W002,459,457.4632
2023-11-30,P0015,W003,463,453.99442
2023-11-30,P0015,W004,633,617.4882
2023-11-30,P0015,W005,245,249.0788
2023-11-30,P0015,W006,223,225.32823
2023-11-30,P0016,W001,349,354.45285
2023-11-30,P0016,W002,250,253.94862
2023-11-30,P0016,W003,276,272.03485
2023-11-30,P0016,W004,393,382.6843
2023-11-30,P0016,W005,363,372.14502
2023-11-30,P0016,W006,403,392.55414
2023-11-30,P0017,W001,293,293.63855
2023-11-30,P0017,W002,749,759.2568
2023-11-30,P0017,W003,660,654.26294
2023-11-30,P0017,W004,394,390.2011
2023-11-30,P0017,W005,370,371.21988
2023-11-30,P0017,W006,426,431.42218
2023-11-30,P0018,W001,447,430.4449
2023-11-30,P0018,W002,209,206.64384
2023-11-30,P0018,W003,266,263.46576
2023-11-30,P0018,W004,177,185.9939
2023-11-30,P0018,W005,406,404.9002
2023-11-30,P0018,W006,259,266.9432
2023-11-30,P0019,W001,1259,1273.8103
2023-11-30,P0019,W002,1100,1102.1802
2023-11-30,P0019,W003,845,846.4879
2023-11-30,P0019,W004,2188,2151.2263
2023-11-30,P0019,W005,1309,1329.1389
2023-11-30,P0019,W006,1938,1940.7064
2023-11-30,P0020,W001,936,926.9255
2023-11-30,P0020,W002,966,961.3955
2023-11-30,P0020,W003,1251,1249.7968
2023-11-30,P0020,W004,943,933.2257
2023-11-30,P0020,W005,1201,1232.3767
2023-11-30,P0020,W006,1605,1608.8585
2023-11-30,P0021,W001,895,881.2921
2023-11-30,P0021,W002,1035,1014.6569
2023-11-30,P0021,W003,584,589.99805
2023-11-30,P0021,W004,553,544.31177
2023-11-30,P0021,W005,839,830.04376
2023-11-30,P0021,W006,849,842.64166
2023-11-30,P0022,W001,289,286.47055
2023-11-30,P0022,W002,249,247.8074
2023-11-30,P0022,W003,238,240.59409
2023-11-30,P0022,W004,206,202.61304
2023-11-30,P0022,W005,253,250.10258
2023-11-30,P0022,W006,221,223.13704
2023-11-30,P0023,W001,1290,1273.9434
2023-11-30,P0023,W002,1664,1623.8546
2023-11-30,P0023,W003,638,643.40186
2023-11-30,P0023,W004,1319,1332.3984
2023-11-30,P0023,W005,1081,1058.1552
2023-11-30,P0023,W006,1337,1345.2501
2023-11-30,P0024,W001,729,752.77795
2023-11-30,P0024,W002,812,805.1597
2023-11-30,P0024,W003,1126,1099.334
2023-11-30,P0024,W004,1459,1491.7035
2023-11-30,P0024,W005,1116,1059.6108
2023-11-30,P0024,W006,1366,1378.3723
2023-11-30,P0025,W001,519,522.9973
2023-11-30,P0025,W002,591,610.84863
2023-11-30,P0025,W003,1166,1082.1664
2023-11-30,P0025,W004,1219,1224.166
2023-11-30,P0025,W005,1321,1305.7559
2023-11-30,P0025,W006,524,535.19214
2023-11-30,P0026,W001,97,114.03065
2023-11-30,P0026,W002,151,154.04575
2023-11-30,P0026,W003,204,201.54364
2023-11-30,P0026,W004,158,146.80624
2023-11-30,P0026,W005,162,173.15337
2023-11-30,P0026,W006,218,218.8611
2023-11-30,P0027,W001,278,278.98715
2023-11-30,P0027,W002,403,401.51416
2023-11-30,P0027,W003,511,509.00543
2023-11-30,P0027,W004,408,409.4675
2023-11-30,P0027,W005,516,507.2952
2023-11-30,P0027,W006,643,608.72076
2023-11-30,P0028,W001,279,284.99698
2023-11-30,P0028,W002,165,171.5653
2023-11-30,P0028,W003,318,307.94824
2023-11-30,P0028,W004,294,292.46317
2023-11-30,P0028,W005,320,316.59842
2023-11-30,P0028,W006,222,224.25787
2023-11-30,P0029,W001,1002,979.5665
2023-11-30,P0029,W002,1288,1264.2358
2023-11-30,P0029,W003,1417,1387.305
2023-11-30,P0029,W004,950,938.06586
2023-11-30,P0029,W005,1973,1918.1
2023-11-30,P0029,W006,1273,1235.7286
2023-11-30,P0030,W001,310,306.167
2023-11-30,P0030,W002,647,659.32947
2023-11-30,P0030,W003,463,464.08893
2023-11-30,P0030,W004,264,265.50302
2023-11-30,P0030,W005,335,329.60464
2023-11-30,P0030,W006,594,586.2378
2023-11-30,P0031,W001,1506,1518.3977
2023-11-30,P0031,W002,1510,1515.4166
2023-11-30,P0031,W003,1133,1117.6931
2023-11-30,P0031,W004,1100,1137.6438
2023-11-30,P0031,W005,1704,1717.3759
2023-11-30,P0031,W006,925,911.1557
2023-11-30,P0032,W001,516,496.50934
2023-11-30,P0032,W002,770,765.73914
2023-11-30,P0032,W003,490,475.3689
2023-11-30,P0032,W004,734,721.58636
2023-11-30,P0032,W005,814,813.1669
2023-11-30,P0032,W006,412,401.78693
2023-11-30,P0033,W001,682,706.8883
2023-11-30,P0033,W002,1348,1367.71
2023-11-30,P0033,W003,1201,1186.3611
2023-11-30,P0033,W004,1415,1413.2704
2023-11-30,P0033,W005,1181,1205.3646
2023-11-30,P0033,W006,1533,1543.1788
2023-11-30,P0034,W001,300,299.20197
2023-11-30,P0034,W002,110,122.34326
2023-11-30,P0034,W003,97,112.18979
2023-11-30,P0034,W004,189,193.20735
2023-11-30,P0034,W005,211,207.16301
2023-11-30,P0034,W006,195,201.56874
2023-11-30,P0035,W001,202,201.81712
2023-11-30,P0035,W002,163,162.63809
2023-11-30,P0035,W003,233,235.48341
2023-11-30,P0035,W004,241,243.73622
2023-11-30,P0035,W005,147,157.23499
2023-11-30,P0035,W006,309,313.68658
2023-11-30,P0036,W001,348,351.48117
2023-11-30,P0036,W002,455,454.6994
2023-11-30,P0036,W003,586,573.96497
2023-11-30,P0036,W004,890,870.18097
2023-11-30,P0036,W005,356,350.83105
2023-11-30,P0036,W006,844,816.06146
2023-11-30,P0037,W001,975,989.20544
2023-11-30,P0037,W002,998,1000.7614
2023-11-30,P0037,W003,745,725.11957
2023-11-30,P0037,W004,925,937.14655
2023-11-30,P0037,W005,518,502.5144
2023-11-30,P0037,W006,368,385.77032
2023-11-30,P0038,W001,534,522.48145
2023-11-30,P0038,W002,702,677.7752
2023-11-30,P0038,W003,778,762.3868
2023-11-30,P0038,W004,593,600.2952
2023-11-30,P0038,W005,687,688.3491
2023-11-30,P0038,W006,861,876.13403
2023-11-30,P0039,W001,1156,1133.7925
2023-11-30,P0039,W002,846,825.42944
2023-11-30,P0039,W003,894,881.07806
2023-11-30,P0039,W004,926,920.3592
2023-11-30,P0039,W005,1400,1381.9803
2023-11-30,P0039,W006,959,957.139
2023-11-30,P0040,W001,1578,1564.1821
2023-11-30,P0040,W002,690,709.8099
2023-11-30,P0040,W003,674,666.15674
2023-11-30,P0040,W004,952,950.14404
2023-11-30,P0040,W005,1230,1207.2826
2023-11-30,P0040,W006,1183,1232.1407
2023-11-30,P0041,W001,972,996.17926
2023-11-30,P0041,W002,846,823.748
2023-11-30,P0041,W003,637,642.5841
2023-11-30,P0041,W004,519,519.85974
2023-11-30,P0041,W005,624,639.299
2023-11-30,P0041,W006,930,921.2323
2023-11-30,P0042,W001,478,489.54462
2023-11-30,P0042,W002,786,812.6325
2023-11-30,P0042,W003,711,716.6042
2023-11-30,P0042,W004,962,943.93475
2023-11-30,P0042,W005,921,896.4857
2023-11-30,P0042,W006,1117,1144.9589
2023-11-30,P0043,W001,761,758.0446
2023-11-30,P0043,W002,1027,1012.1826
2023-11-30,P0043,W003,900,910.1491
2023-11-30,P0043,W004,776,762.3322
2023-11-30,P0043,W005,688,693.0077
2023-11-30,P0043,W006,572,558.8087
2023-11-30,P0044,W001,245,249.43022
2023-11-30,P0044,W002,167,170.6707
2023-11-30,P0044,W003,221,223.12334
2023-11-30,P0044,W004,174,179.57185
2023-11-30,P0044,W005,268,266.98416
2023-11-30,P0044,W006,169,168.48116
2023-11-30,P0045,W001,1737,1757.8893
2023-11-30,P0045,W002,777,814.12836
2023-11-30,P0045,W003,753,781.63275
2023-11-30,P0045,W004,1266,1305.7998
2023-11-30,P0045,W005,1700,1676.1503
2023-11-30,P0045,W006,1585,1564.6698
2023-11-30,P0046,W001,522,525.5529
2023-11-30,P0046,W002,998,988.9363
2023-11-30,P0046,W003,807,808.865
2023-11-30,P0046,W004,504,516.95496
2023-11-30,P0046,W005,775,776.6711
2023-11-30,P0046,W006,641,674.55176
2023-11-30,P0047,W001,529,540.2444
2023-11-30,P0047,W002,495,478.50784
2023-11-30,P0047,W003,373,372.3879
2023-11-30,P0047,W004,706,694.6682
2023-11-30,P0047,W005,892,866.48663
2023-11-30,P0047,W006,347,349.97256
2023-11-30,P0048,W001,944,943.13654
2023-11-30,P0048,W002,1693,1676.0842
2023-11-30,P0048,W003,851,830.87256
2023-11-30,P0048,W004,949,967.4035
2023-11-30,P0048,W005,1368,1327.7996
2023-11-30,P0048,W006,997,1010.09753
2023-11-30,P0049,W001,966,951.29956
2023-11-30,P0049,W002,593,580.5001
2023-11-30,P0049,W003,803,776.2153
2023-11-30,P0049,W004,658,631.6974
2023-11-30,P0049,W005,653,649.4046
2023-11-30,P0049,W006,563,551.2475
2023-11-30,P0050,W001,1760,1699.2759
2023-11-30,P0050,W002,1059,1064.5691
2023-11-30,P0050,W003,1040,1036.1644
2023-11-30,P0050,W004,1497,1500.2972
2023-11-30,P0050,W005,951,919.6463
2023-11-30,P0050,W006,1445,1361.2704
2023-11-30,P0051,W001,754,778.7942
2023-11-30,P0051,W002,490,482.3387
2023-11-30,P0051,W003,1226,1219.9486
2023-11-30,P0051,W004,1165,1111.2657
2023-11-30,P0051,W005,667,676.083
2023-11-30,P0051,W006,794,791.2315
2023-11-30,P0052,W001,956,957.6016
2023-11-30,P0052,W002,1044,1042.8271
2023-11-30,P0052,W003,931,896.13885
2023-11-30,P0052,W004,1251,1220.096
2023-11-30,P0052,W005,533,548.4034
2023-11-30,P0052,W006,1315,1303.2034
2023-11-30,P0053,W001,518,497.1542
2023-11-30,P0053,W002,362,370.49786
2023-11-30,P0053,W003,281,279.0161
2023-11-30,P0053,W004,322,318.46234
2023-11-30,P0053,W005,278,281.72382
2023-11-30,P0053,W006,563,564.5534
2023-11-30,P0054,W001,1057,1066.9767
2023-11-30,P0054,W002,1879,1821.7695
2023-11-30,P0054,W003,623,631.6443
2023-11-30,P0054,W004,1730,1695.1459
2023-11-30,P0054,W005,1095,1108.7156
2023-11-30,P0054,W006,1835,1790.8782
2023-11-30,P0055,W001,1603,1575.2084
2023-11-30,P0055,W002,908,909.5576
2023-11-30,P0055,W003,898,892.302
2023-11-30,P0055,W004,1310,1304.4094
2023-11-30,P0055,W005,1648,1586.2866
2023-11-30,P0055,W006,1062,1075.1516
2023-11-30,P0056,W001,784,760.5341
2023-11-30,P0056,W002,616,607.5479
2023-11-30,P0056,W003,379,368.34003
2023-11-30,P0056,W004,505,492.47787
2023-11-30,P0056,W005,912,913.5374
2023-11-30,P0056,W006,511,501.34174
2023-11-30,P0057,W001,1714,1743.8452
2023-11-30,P0057,W002,919,958.4927
2023-11-30,P0057,W003,793,802.1985
2023-11-30,P0057,W004,1627,1713.2434
2023-11-30,P0057,W005,706,741.87756
2023-11-30,P0057,W006,1237,1206.4019
2023-11-30,P0058,W001,1537,1505.3225
2023-11-30,P0058,W002,1524,1480.5671
2023-11-30,P0058,W003,787,782.33984
2023-11-30,P0058,W004,1225,1210.7308
2023-11-30,P0058,W005,1060,1058.8673
2023-11-30,P0058,W006,1247,1268.5665
2023-11-30,P0059,W001,680,691.04694
2023-11-30,P0059,W002,588,605.6754
2023-11-30,P0059,W003,410,419.47787
2023-11-30,P0059,W004,529,533.1164
2023-11-30,P0059,W005,826,815.7307
2023-11-30,P0059,W006,361,365.3963
2023-11-30,P0060,W001,747,715.4302
2023-11-30,P0060,W002,789,776.49304
2023-11-30,P0060,W003,836,826.69464
2023-11-30,P0060,W004,1293,1310.7207
2023-11-30,P0060,W005,884,903.42175
2023-11-30,P0060,W006,1288,1315.1041
2023-12-31,P0001,W001,349,351.34854
2023-12-31,P0001,W002,813,825.1284
2023-12-31,P0001,W003,421,423.6015
2023-12-31,P0001,W004,740,761.6815
2023-12-31,P0001,W005,358,359.53766
2023-12-31,P0001,W006,414,415.56802
2023-12-31,P0002,W001,861,866.64813
2023-12-31,P0002,W002,561,567.1255
2023-12-31,P0002,W003,732,728.7625
2023-12-31,P0002,W004,782,779.6992
2023-12-31,P0002,W005,771,767.61115
2023-12-31,P0002,W006,776,796.19763
2023-12-31,P0003,W001,555,543.9572
2023-12-31,P0003,W002,508,499.75412
2023-12-31,P0003,W003,263,267.53482
2023-12-31,P0003,W004,504,512.0224
2023-12-31,P0003,W005,545,541.66223
2023-12-31,P0003,W006,512,508.46848
2023-12-31,P0004,W001,968,959.3867
2023-12-31,P0004,W002,1886,1916.5758
2023-12-31,P0004,W003,1563,1488.0093
2023-12-31,P0004,W004,1517,1561.8962
2023-12-31,P0004,W005,1984,1991.8727
2023-12-31,P0004,W006,1290,1270.3861
2023-12-31,P0005,W001,165,170.2056
2023-12-31,P0005,W002,271,273.92136
2023-12-31,P0005,W003,447,442.32928
2023-12-31,P0005,W004,419,418.94177
2023-12-31,P0005,W005,238,246.00145
2023-12-31,P0005,W006,258,264.34225
2023-12-31,P0006,W001,307,305.5126
2023-12-31,P0006,W002,446,438.74368
2023-12-31,P0006,W003,492,491.72958
2023-12-31,P0006,W004,241,243.70477
2023-12-31,P0006,W005,487,488.51752
2023-12-31,P0006,W006,345,354.075
2023-12-31,P0007,W001,309,311.78964
2023-12-31,P0007,W002,765,743.4906
2023-12-31,P0007,W003,343,344.91714
2023-12-31,P0007,W004,812,826.0237
2023-12-31,P0007,W005,551,560.25073
2023-12-31,P0007,W006,315,311.03976
2023-12-31,P0008,W001,615,596.25714
2023-12-31,P0008,W002,1229,1226.1096
2023-12-31,P0008,W003,774,810.63605
2023-12-31,P0008,W004,683,709.46136
2023-12-31,P0008,W005,748,729.2652
2023-12-31,P0008,W006,1442,1418.8975
2023-12-31,P0009,W001,309,319.98196
2023-12-31,P0009,W002,460,464.2507
2023-12-31,P0009,W003,647,642.86334
2023-12-31,P0009,W004,690,716.41345
2023-12-31,P0009,W005,864,874.4533
2023-12-31,P0009,W006,395,394.10623
2023-12-31,P0010,W001,2024,2078.987
2023-12-31,P0010,W002,962,960.0404
2023-12-31,P0010,W003,2157,2124.0518
2023-12-31,P0010,W004,1359,1354.505
2023-12-31,P0010,W005,1840,1844.4523
2023-12-31,P0010,W006,1779,1756.8405
2023-12-31,P0011,W001,399,403.13672
2023-12-31,P0011,W002,376,370.92545
2023-12-31,P0011,W003,766,766.3734
2023-12-31,P0011,W004,347,350.01077
2023-12-31,P0011,W005,329,342.88782
2023-12-31,P0011,W006,699,686.7981
2023-12-31,P0012,W001,606,596.84814
2023-12-31,P0012,W002,580,575.4313
2023-12-31,P0012,W003,450,452.51675
2023-12-31,P0012,W004,566,565.31036
2023-12-31,P0012,W005,558,563.82465
2023-12-31,P0012,W006,511,518.7753
2023-12-31,P0013,W001,857,847.69214
2023-12-31,P0013,W002,1596,1600.0824
2023-12-31,P0013,W003,1353,1324.1665
2023-12-31,P0013,W004,1994,1979.9045
2023-12-31,P0013,W005,912,898.5613
2023-12-31,P0013,W006,750,760.8935
2023-12-31,P0014,W001,686,699.85046
2023-12-31,P0014,W002,503,511.00912
2023-12-31,P0014,W003,834,826.924
2023-12-31,P0014,W004,946,954.3713
2023-12-31,P0014,W005,1093,1075.1959
2023-12-31,P0014,W006,468,462.96802
2023-12-31,P0015,W001,269,268.91437
2023-12-31,P0015,W002,586,592.1374
2023-12-31,P0015,W003,617,613.1332
2023-12-31,P0015,W004,786,774.8453
2023-12-31,P0015,W005,296,300.1611
2023-12-31,P0015,W006,283,285.48868
2023-12-31,P0016,W001,400,404.20853
2023-12-31,P0016,W002,311,314.68134
2023-12-31,P0016,W003,296,310.7343
2023-12-31,P0016,W004,473,464.93063
2023-12-31,P0016,W005,430,436.32684
2023-12-31,P0016,W006,459,460.80447
2023-12-31,P0017,W001,333,340.80527
2023-12-31,P0017,W002,970,941.24304
2023-12-31,P0017,W003,778,785.0115
2023-12-31,P0017,W004,454,455.5899
2023-12-31,P0017,W005,434,442.2554
2023-12-31,P0017,W006,534,527.48126
2023-12-31,P0018,W001,537,535.17847
2023-12-31,P0018,W002,248,249.8151
2023-12-31,P0018,W003,334,337.20776
2023-12-31,P0018,W004,225,226.67386
2023-12-31,P0018,W005,472,483.48083
2023-12-31,P0018,W006,330,322.92163
2023-12-31,P0019,W001,1265,1322.7367
2023-12-31,P0019,W002,1144,1191.8353
2023-12-31,P0019,W003,891,928.8003
2023-12-31,P0019,W004,2184,2159.0415
2023-12-31,P0019,W005,1408,1461.6207
2023-12-31,P0019,W006,1961,1983.1464
2023-12-31,P0020,W001,1149,1141.4587
2023-12-31,P0020,W002,1169,1172.8232
2023-12-31,P0020,W003,1541,1509.6495
2023-12-31,P0020,W004,1084,1103.0459
2023-12-31,P0020,W005,1528,1478.9628
2023-12-31,P0020,W006,1858,1876.3438
2023-12-31,P0021,W001,1098,1073.2103
2023-12-31,P0021,W002,1211,1197.8882
2023-12-31,P0021,W003,734,710.6536
2023-12-31,P0021,W004,676,669.492
2023-12-31,P0021,W005,1028,1002.20056
2023-12-31,P0021,W006,974,964.9809
2023-12-31,P0022,W001,339,346.75836
2023-12-31,P0022,W002,299,310.04587
2023-12-31,P0022,W003,294,292.5028
2023-12-31,P0022,W004,227,235.9793
2023-12-31,P0022,W005,307,311.45322
2023-12-31,P0022,W006,265,262.27655
2023-12-31,P0023,W001,1587,1558.6304
2023-12-31,P0023,W002,1908,1865.6392
2023-12-31,P0023,W003,794,779.6723
2023-12-31,P0023,W004,1609,1585.3268
2023-12-31,P0023,W005,1300,1302.9928
2023-12-31,P0023,W006,1555,1554.2224
2023-12-31,P0024,W001,890,877.1014
2023-12-31,P0024,W002,964,978.999
2023-12-31,P0024,W003,1329,1324.6415
2023-12-31,P0024,W004,1841,1830.2423
2023-12-31,P0024,W005,1222,1253.4948
2023-12-31,P0024,W006,1630,1593.4354
2023-12-31,P0025,W001,658,640.87036
2023-12-31,P0025,W002,736,715.4147
2023-12-31,P0025,W003,1311,1317.7998
2023-12-31,P0025,W004,1473,1458.6542
2023-12-31,P0025,W005,1597,1562.032
2023-12-31,P0025,W006,630,626.58075
2023-12-31,P0026,W001,121,125.55423
2023-12-31,P0026,W002,181,185.00195
2023-12-31,P0026,W003,242,250.74048
2023-12-31,P0026,W004,184,188.10904
2023-12-31,P0026,W005,189,192.96597
2023-12-31,P0026,W006,264,260.69217
2023-12-31,P0027,W001,340,333.2219
2023-12-31,P0027,W002,484,486.79282
2023-12-31,P0027,W003,612,607.98773
2023-12-31,P0027,W004,501,491.30484
2023-12-31,P0027,W005,653,646.4809
2023-12-31,P0027,W006,723,739.07263
2023-12-31,P0028,W001,337,329.8146
2023-12-31,P0028,W002,201,197.86246
2023-12-31,P0028,W003,404,398.0591
2023-12-31,P0028,W004,338,345.55576
2023-12-31,P0028,W005,377,375.3499
2023-12-31,P0028,W006,271,271.9427
2023-12-31,P0029,W001,1072,1162.7313
2023-12-31,P0029,W002,1433,1505.9648
2023-12-31,P0029,W003,1632,1706.5889
2023-12-31,P0029,W004,1056,1146.8562
2023-12-31,P0029,W005,2242,2238.434
2023-12-31,P0029,W006,1420,1517.2225
2023-12-31,P0030,W001,354,361.7129
2023-12-31,P0030,W002,774,768.5647
2023-12-31,P0030,W003,567,568.40344
2023-12-31,P0030,W004,317,311.89346
2023-12-31,P0030,W005,394,394.78143
2023-12-31,P0030,W006,707,708.91266
2023-12-31,P0031,W001,1915,1885.4341
2023-12-31,P0031,W002,1799,1802.1888
2023-12-31,P0031,W003,1387,1347.3365
2023-12-31,P0031,W004,1369,1338.802
2023-12-31,P0031,W005,2186,2102.4434
2023-12-31,P0031,W006,1020,1046.898
2023-12-31,P0032,W001,587,591.813
2023-12-31,P0032,W002,926,919.4138
2023-12-31,P0032,W003,585,577.713
2023-12-31,P0032,W004,938,919.7095
2023-12-31,P0032,W005,976,968.5871
2023-12-31,P0032,W006,489,487.43002
2023-12-31,P0033,W001,781,784.704
2023-12-31,P0033,W002,1582,1577.6588
2023-12-31,P0033,W003,1344,1341.9696
2023-12-31,P0033,W004,1525,1525.5626
2023-12-31,P0033,W005,1297,1297.1847
2023-12-31,P0033,W006,1691,1713.0453
2023-12-31,P0034,W001,341,342.43784
2023-12-31,P0034,W002,136,138.237
2023-12-31,P0034,W003,122,124.79737
2023-12-31,P0034,W004,224,223.70311
2023-12-31,P0034,W005,256,256.36465
2023-12-31,P0034,W006,238,242.51347
2023-12-31,P0035,W001,239,236.0391
2023-12-31,P0035,W002,199,204.09213
2023-12-31,P0035,W003,283,279.53052
2023-12-31,P0035,W004,291,289.9377
2023-12-31,P0035,W005,177,179.03291
2023-12-31,P0035,W006,377,377.76794
2023-12-31,P0036,W001,414,411.05945
2023-12-31,P0036,W002,534,546.33386
2023-12-31,P0036,W003,719,718.75635
2023-12-31,P0036,W004,1038,1026.2648
2023-12-31,P0036,W005,406,412.5581
2023-12-31,P0036,W006,1001,999.23553
2023-12-31,P0037,W001,1143,1129.2731
2023-12-31,P0037,W002,1206,1172.4913
2023-12-31,P0037,W003,896,895.6301
2023-12-31,P0037,W004,1036,1060.0964
2023-12-31,P0037,W005,609,611.0575
2023-12-31,P0037,W006,442,427.55225
2023-12-31,P0038,W001,615,628.39594
2023-12-31,P0038,W002,822,831.51025
2023-12-31,P0038,W003,883,907.7688
2023-12-31,P0038,W004,744,731.0624
2023-12-31,P0038,W005,828,825.0493
2023-12-31,P0038,W006,1034,1020.47144
2023-12-31,P0039,W001,1358,1376.4825
2023-12-31,P0039,W002,1085,1062.1561
2023-12-31,P0039,W003,1013,1034.9446
2023-12-31,P0039,W004,1174,1146.7454
2023-12-31,P0039,W005,1670,1647.7844
2023-12-31,P0039,W006,1155,1139.1941
2023-12-31,P0040,W001,1923,1920.0968
2023-12-31,P0040,W002,857,846.3426
2023-12-31,P0040,W003,791,800.5668
2023-12-31,P0040,W004,1132,1130.4744
2023-12-31,P0040,W005,1377,1395.7579
2023-12-31,P0040,W006,1509,1464.3427
2023-12-31,P0041,W001,1198,1154.972
2023-12-31,P0041,W002,1039,1031.5006
2023-12-31,P0041,W003,777,772.152
2023-12-31,P0041,W004,621,613.2657
2023-12-31,P0041,W005,803,781.8695
2023-12-31,P0041,W006,1105,1093.0563
2023-12-31,P0042,W001,595,592.54376
2023-12-31,P0042,W002,969,948.11896
2023-12-31,P0042,W003,884,877.78253
2023-12-31,P0042,W004,1131,1112.7446
2023-12-31,P0042,W005,1120,1122.1093
2023-12-31,P0042,W006,1258,1280.3224
2023-12-31,P0043,W001,891,883.6636
2023-12-31,P0043,W002,1347,1290.3243
2023-12-31,P0043,W003,1103,1092.6067
2023-12-31,P0043,W004,932,928.50604
2023-12-31,P0043,W005,855,832.808
2023-12-31,P0043,W006,681,682.5204
2023-12-31,P0044,W001,292,291.74304
2023-12-31,P0044,W002,203,206.4612
2023-12-31,P0044,W003,268,264.5354
2023-12-31,P0044,W004,217,218.63882
2023-12-31,P0044,W005,335,327.6794
2023-12-31,P0044,W006,205,210.7452
2023-12-31,P0045,W001,1855,1866.5182
2023-12-31,P0045,W002,828,864.6574
2023-12-31,P0045,W003,848,864.2173
2023-12-31,P0045,W004,1291,1332.828
2023-12-31,P0045,W005,1808,1831.2904
2023-12-31,P0045,W006,1688,1722.9756
2023-12-31,P0046,W001,572,570.3453
2023-12-31,P0046,W002,1053,1092.0298
2023-12-31,P0046,W003,928,929.941
2023-12-31,P0046,W004,535,552.10016
2023-12-31,P0046,W005,943,921.6621
2023-12-31,P0046,W006,727,715.83356
2023-12-31,P0047,W001,658,656.6419
2023-12-31,P0047,W002,611,603.2875
2023-12-31,P0047,W003,448,455.91934
2023-12-31,P0047,W004,896,887.26697
2023-12-31,P0047,W005,1057,1084.3876
2023-12-31,P0047,W006,405,406.39984
2023-12-31,P0048,W001,1167,1135.2859
2023-12-31,P0048,W002,2262,2159.099
2023-12-31,P0048,W003,1014,1006.9292
2023-12-31,P0048,W004,1109,1107.2239
2023-12-31,P0048,W005,1673,1664.0295
2023-12-31,P0048,W006,1206,1166.8905
2023-12-31,P0049,W001,1121,1116.6715
2023-12-31,P0049,W002,701,698.32184
2023-12-31,P0049,W003,991,981.204
2023-12-31,P0049,W004,843,826.22156
2023-12-31,P0049,W005,790,785.9232
2023-12-31,P0049,W006,701,694.107
2023-12-31,P0050,W001,2083,2095.2573
2023-12-31,P0050,W002,1309,1316.18
2023-12-31,P0050,W003,1279,1268.205
2023-12-31,P0050,W004,1813,1828.0591
2023-12-31,P0050,W005,1037,1064.6349
2023-12-31,P0050,W006,1633,1668.5745
2023-12-31,P0051,W001,993,988.3184
2023-12-31,P0051,W002,639,644.1075
2023-12-31,P0051,W003,1544,1560.0594
2023-12-31,P0051,W004,1465,1481.2917
2023-12-31,P0051,W005,822,826.7576
2023-12-31,P0051,W006,1010,1001.1795
2023-12-31,P0052,W001,1192,1189.6971
2023-12-31,P0052,W002,1289,1256.3384
2023-12-31,P0052,W003,1061,1085.8822
2023-12-31,P0052,W004,1327,1339.0812
2023-12-31,P0052,W005,647,649.35077
2023-12-31,P0052,W006,1484,1482.2241
2023-12-31,P0053,W001,581,597.3624
2023-12-31,P0053,W002,461,451.16345
2023-12-31,P0053,W003,330,335.26855
2023-12-31,P0053,W004,403,392.1273
2023-12-31,P0053,W005,347,341.59674
2023-12-31,P0053,W006,664,670.668
2023-12-31,P0054,W001,1254,1265.5112
2023-12-31,P0054,W002,2276,2232.8643
2023-12-31,P0054,W003,827,800.09534
2023-12-31,P0054,W004,2135,2137.5479
2023-12-31,P0054,W005,1276,1292.4836
2023-12-31,P0054,W006,2062,2093.0288
2023-12-31,P0055,W001,1782,1783.7214
2023-12-31,P0055,W002,1065,1084.39
2023-12-31,P0055,W003,1071,1067.1869
2023-12-31,P0055,W004,1538,1545.2015
2023-12-31,P0055,W005,1846,1859.1237
2023-12-31,P0055,W006,1248,1263.1735
2023-12-31,P0056,W001,913,914.936
2023-12-31,P0056,W002,742,741.7445
2023-12-31,P0056,W003,459,454.20258
2023-12-31,P0056,W004,599,603.7423
2023-12-31,P0056,W005,1116,1106.7905
2023-12-31,P0056,W006,601,609.9071
2023-12-31,P0057,W001,1978,1925.2374
2023-12-31,P0057,W002,1022,1033.1368
2023-12-31,P0057,W003,914,912.91705
2023-12-31,P0057,W004,1936,1875.0503
2023-12-31,P0057,W005,774,784.95734
2023-12-31,P0057,W006,1365,1386.6487
2023-12-31,P0058,W001,2107,2069.5498
2023-12-31,P0058,W002,2066,2035.647
2023-12-31,P0058,W003,1223,1195.5828
2023-12-31,P0058,W004,1622,1629.0771
2023-12-31,P0058,W005,1481,1485.9222
2023-12-31,P0058,W006,1669,1634.618
2023-12-31,P0059,W001,850,839.6109
2023-12-31,P0059,W002,712,704.9365
2023-12-31,P0059,W003,478,473.83124
2023-12-31,P0059,W004,609,609.58716
2023-12-31,P0059,W005,1020,1003.8769
2023-12-31,P0059,W006,446,433.39688
2023-12-31,P0060,W001,911,909.4713
2023-12-31,P0060,W002,963,963.13855
2023-12-31,P0060,W003,915,950.20636
2023-12-31,P0060,W004,1620,1593.8159
2023-12-31,P0060,W005,1076,1079.2058
2023-12-31,P0060,W006,1567,1524.2888
2024-01-31,P0001,W001,384,393.58658
2024-01-31,P0001,W002,930,907.4736
2024-01-31,P0001,W003,464,462.54758
2024-01-31,P0001,W004,854,830.8027
2024-01-31,P0001,W005,397,404.91824
2024-01-31,P0001,W006,485,471.9653
2024-01-31,P0002,W001,1029,992.84607
2024-01-31,P0002,W002,617,614.4312
2024-01-31,P0002,W003,824,827.28906
2024-01-31,P0002,W004,929,908.1019
2024-01-31,P0002,W005,869,880.74927
2024-01-31,P0002,W006,887,872.401
2024-01-31,P0003,W001,615,631.27203
2024-01-31,P0003,W002,585,576.50824
2024-01-31,P0003,W003,309,311.80066
2024-01-31,P0003,W004,583,569.2448
2024-01-31,P0003,W005,596,612.82733
2024-01-31,P0003,W006,562,567.0743
2024-01-31,P0004,W001,1023,1047.5759
2024-01-31,P0004,W002,2023,2018.219
2024-01-31,P0004,W003,1723,1732.1743
2024-01-31,P0004,W004,1760,1750.3771
2024-01-31,P0004,W005,2238,2227.3398
2024-01-31,P0004,W006,1441,1443.4426
2024-01-31,P0005,W001,181,188.4116
2024-01-31,P0005,W002,307,310.7452
2024-01-31,P0005,W003,442,456.91406
2024-01-31,P0005,W004,490,481.59088
2024-01-31,P0005,W005,261,264.5702
2024-01-31,P0005,W006,282,287.96405
2024-01-31,P0006,W001,387,401.93735
2024-01-31,P0006,W002,531,554.0392
2024-01-31,P0006,W003,562,577.73737
2024-01-31,P0006,W004,291,305.45312
2024-01-31,P0006,W005,635,615.1179
2024-01-31,P0006,W006,427,438.78183
2024-01-31,P0007,W001,344,347.4961
2024-01-31,P0007,W002,915,891.633
2024-01-31,P0007,W003,433,426.0222
2024-01-31,P0007,W004,888,879.6084
2024-01-31,P0007,W005,602,610.70966
2024-01-31,P0007,W006,363,359.86154
2024-01-31,P0008,W001,690,702.67737
2024-01-31,P0008,W002,1416,1385.0836
2024-01-31,P0008,W003,880,865.2862
2024-01-31,P0008,W004,794,774.40106
2024-01-31,P0008,W005,837,837.3514
2024-01-31,P0008,W006,1577,1584.7511
2024-01-31,P0009,W001,362,359.41745
2024-01-31,P0009,W002,495,494.34537
2024-01-31,P0009,W003,749,748.82513
2024-01-31,P0009,W004,761,749.89307
2024-01-31,P0009,W005,969,976.36975
2024-01-31,P0009,W006,465,453.6672
2024-01-31,P0010,W001,2308,2247.1797
2024-01-31,P0010,W002,1109,1094.2234
2024-01-31,P0010,W003,2377,2328.2412
2024-01-31,P0010,W004,1584,1555.181
2024-01-31,P0010,W005,2090,2066.3752
2024-01-31,P0010,W006,2036,1996.1923
2024-01-31,P0011,W001,454,450.0794
2024-01-31,P0011,W002,389,396.1336
2024-01-31,P0011,W003,854,860.48584
2024-01-31,P0011,W004,385,390.10623
2024-01-31,P0011,W005,393,377.88388
2024-01-31,P0011,W006,784,797.4626
2024-01-31,P0012,W001,683,679.1704
2024-01-31,P0012,W002,651,657.57324
2024-01-31,P0012,W003,546,534.4314
2024-01-31,P0012,W004,629,624.05414
2024-01-31,P0012,W005,634,632.9973
2024-01-31,P0012,W006,587,577.11163
2024-01-31,P0013,W001,950,969.7419
2024-01-31,P0013,W002,1835,1828.6945
2024-01-31,P0013,W003,1634,1598.2529
2024-01-31,P0013,W004,2216,2208.3855
2024-01-31,P0013,W005,963,985.65564
2024-01-31,P0013,W006,828,837.91724
2024-01-31,P0014,W001,791,794.4579
2024-01-31,P0014,W002,637,601.199
2024-01-31,P0014,W003,880,905.9516
2024-01-31,P0014,W004,1120,1121.588
2024-01-31,P0014,W005,1235,1236.2755
2024-01-31,P0014,W006,509,516.9308
2024-01-31,P0015,W001,316,343.258
2024-01-31,P0015,W002,689,754.002
2024-01-31,P0015,W003,731,794.4534
2024-01-31,P0015,W004,934,1016.3169
2024-01-31,P0015,W005,363,390.13406
2024-01-31,P0015,W006,365,381.73062
2024-01-31,P0016,W001,467,466.06808
2024-01-31,P0016,W002,330,336.66006
2024-01-31,P0016,W003,350,343.75174
2024-01-31,P0016,W004,541,554.6775
2024-01-31,P0016,W005,501,489.05545
2024-01-31,P0016,W006,504,497.73477
2024-01-31,P0017,W001,416,394.37793
2024-01-31,P0017,W002,1043,1051.0038
2024-01-31,P0017,W003,964,930.3105
2024-01-31,P0017,W004,505,500.56723
2024-01-31,P0017,W005,488,474.50668
2024-01-31,P0017,W006,590,601.38434
2024-01-31,P0018,W001,585,594.2928
2024-01-31,P0018,W002,281,276.73395
2024-01-31,P0018,W003,388,383.77307
2024-01-31,P0018,W004,240,245.25435
2024-01-31,P0018,W005,542,535.0742
2024-01-31,P0018,W006,355,368.4634
2024-01-31,P0019,W001,1399,1438.6361
2024-01-31,P0019,W002,1305,1288.1008
2024-01-31,P0019,W003,979,995.71564
2024-01-31,P0019,W004,2431,2439.0574
2024-01-31,P0019,W005,1562,1527.2113
2024-01-31,P0019,W006,2240,2234.841
2024-01-31,P0020,W001,1251,1255.7239
2024-01-31,P0020,W002,1292,1266.0056
2024-01-31,P0020,W003,1788,1742.0133
2024-01-31,P0020,W004,1334,1304.8666
2024-01-31,P0020,W005,1694,1661.6157
2024-01-31,P0020,W006,2197,2163.51
2024-01-31,P0021,W001,1205,1210.9424
2024-01-31,P0021,W002,1410,1342.7367
2024-01-31,P0021,W003,829,842.31116
2024-01-31,P0021,W004,750,749.69275
2024-01-31,P0021,W005,1080,1088.6812
2024-01-31,P0021,W006,1161,1133.3219
2024-01-31,P0022,W001,378,377.32397
2024-01-31,P0022,W002,338,338.15125
2024-01-31,P0022,W003,310,308.51123
2024-01-31,P0022,W004,260,257.89755
2024-01-31,P0022,W005,326,327.86923
2024-01-31,P0022,W006,305,304.45224
2024-01-31,P0023,W001,1726,1771.0079
2024-01-31,P0023,W002,2281,2210.7979
2024-01-31,P0023,W003,891,908.08026
2024-01-31,P0023,W004,1863,1868.1246
2024-01-31,P0023,W005,1510,1479.2413
2024-01-31,P0023,W006,1996,1930.9708
2024-01-31,P0024,W001,1010,1013.1588
2024-01-31,P0024,W002,1058,1066.2468
2024-01-31,P0024,W003,1511,1501.1343
2024-01-31,P0024,W004,2050,2038.0264
2024-01-31,P0024,W005,1407,1415.192
2024-01-31,P0024,W006,1798,1793.4476
2024-01-31,P0025,W001,693,707.03687
2024-01-31,P0025,W002,836,863.27594
2024-01-31,P0025,W003,1516,1483.8956
2024-01-31,P0025,W004,1673,1664.3097
2024-01-31,P0025,W005,1847,1802.7678
2024-01-31,P0025,W006,757,749.8427
2024-01-31,P0026,W001,134,139.75461
2024-01-31,P0026,W002,220,220.58456
2024-01-31,P0026,W003,279,279.32773
2024-01-31,P0026,W004,211,212.4127
2024-01-31,P0026,W005,223,228.32611
2024-01-31,P0026,W006,297,303.18277
2024-01-31,P0027,W001,373,380.90897
2024-01-31,P0027,W002,536,537.92944
2024-01-31,P0027,W003,692,691.3801
2024-01-31,P0027,W004,553,553.53687
2024-01-31,P0027,W005,666,674.0516
2024-01-31,P0027,W006,811,800.7278
2024-01-31,P0028,W001,373,371.3983
2024-01-31,P0028,W002,230,223.32101
2024-01-31,P0028,W003,449,448.47806
2024-01-31,P0028,W004,390,378.2813
2024-01-31,P0028,W005,413,424.37503
2024-01-31,P0028,W006,315,310.0146
2024-01-31,P0029,W001,1131,1143.528
2024-01-31,P0029,W002,1506,1497.2991
2024-01-31,P0029,W003,1734,1727.8066
2024-01-31,P0029,W004,1110,1104.9673
2024-01-31,P0029,W005,2147,2177.5393
2024-01-31,P0029,W006,1478,1489.983
2024-01-31,P0030,W001,404,403.6998
2024-01-31,P0030,W002,858,874.2403
2024-01-31,P0030,W003,676,658.6612
2024-01-31,P0030,W004,356,366.4473
2024-01-31,P0030,W005,437,445.37335
2024-01-31,P0030,W006,810,799.3915
2024-01-31,P0031,W001,2053,2084.7847
2024-01-31,P0031,W002,1985,2008.0897
2024-01-31,P0031,W003,1594,1589.0925
2024-01-31,P0031,W004,1597,1533.7716
2024-01-31,P0031,W005,2432,2368.6208
2024-01-31,P0031,W006,1274,1223.0798
2024-01-31,P0032,W001,702,700.9981
2024-01-31,P0032,W002,1038,1038.7306
2024-01-31,P0032,W003,705,693.22296
2024-01-31,P0032,W004,1061,1052.127
2024-01-31,P0032,W005,1102,1099.7656
2024-01-31,P0032,W006,552,551.27783
2024-01-31,P0033,W001,869,881.4561
2024-01-31,P0033,W002,1743,1745.5714
2024-01-31,P0033,W003,1525,1508.6224
2024-01-31,P0033,W004,1702,1729.0222
2024-01-31,P0033,W005,1555,1499.3223
2024-01-31,P0033,W006,1967,1914.2534
2024-01-31,P0034,W001,409,401.83975
2024-01-31,P0034,W002,157,162.43741
2024-01-31,P0034,W003,143,154.38359
2024-01-31,P0034,W004,258,259.18018
2024-01-31,P0034,W005,289,286.42102
2024-01-31,P0034,W006,278,278.17365
2024-01-31,P0035,W001,270,271.6073
2024-01-31,P0035,W002,220,231.96434
2024-01-31,P0035,W003,331,331.7702
2024-01-31,P0035,W004,327,332.27164
2024-01-31,P0035,W005,195,197.83762
2024-01-31,P0035,W006,432,421.96024
2024-01-31,P0036,W001,470,464.27078
2024-01-31,P0036,W002,617,608.7796
2024-01-31,P0036,W003,752,772.28424
2024-01-31,P0036,W004,1227,1181.0916
2024-01-31,P0036,W005,474,469.32193
2024-01-31,P0036,W006,1117,1129.235
2024-01-31,P0037,W001,1325,1296.8745
2024-01-31,P0037,W002,1307,1321.4371
2024-01-31,P0037,W003,1001,1004.4893
2024-01-31,P0037,W004,1276,1232.1471
2024-01-31,P0037,W005,728,716.814
2024-01-31,P0037,W006,505,499.13388
2024-01-31,P0038,W001,671,672.9688
2024-01-31,P0038,W002,904,882.5189
2024-01-31,P0038,W003,1000,978.52563
2024-01-31,P0038,W004,782,805.31525
2024-01-31,P0038,W005,963,947.04486
2024-01-31,P0038,W006,1181,1168.0519
2024-01-31,P0039,W001,1464,1496.5491
2024-01-31,P0039,W002,1174,1198.8604
2024-01-31,P0039,W003,1191,1173.0597
2024-01-31,P0039,W004,1240,1275.8157
2024-01-31,P0039,W005,2020,1961.432
2024-01-31,P0039,W006,1355,1348.8931
2024-01-31,P0040,W001,2116,2117.1487
2024-01-31,P0040,W002,922,937.602
2024-01-31,P0040,W003,957,948.0458
2024-01-31,P0040,W004,1320,1298.946
2024-01-31,P0040,W005,1573,1543.051
2024-01-31,P0040,W006,1764,1729.8214
2024-01-31,P0041,W001,1353,1327.1367
2024-01-31,P0041,W002,1242,1224.679
2024-01-31,P0041,W003,922,895.6208
2024-01-31,P0041,W004,661,682.7878
2024-01-31,P0041,W005,874,881.145
2024-01-31,P0041,W006,1298,1277.6018
2024-01-31,P0042,W001,705,694.3266
2024-01-31,P0042,W002,1036,1053.1213
2024-01-31,P0042,W003,1030,1018.26465
2024-01-31,P0042,W004,1261,1290.5155
2024-01-31,P0042,W005,1238,1223.0946
2024-01-31,P0042,W006,1381,1405.074
2024-01-31,P0043,W001,1036,1005.23096
2024-01-31,P0043,W002,1454,1447.0216
2024-01-31,P0043,W003,1246,1228.6869
2024-01-31,P0043,W004,1075,1071.2042
2024-01-31,P0043,W005,997,998.80255
2024-01-31,P0043,W006,765,761.177
2024-01-31,P0044,W001,331,332.82098
2024-01-31,P0044,W002,239,237.25789
2024-01-31,P0044,W003,306,307.39822
2024-01-31,P0044,W004,242,248.95528
2024-01-31,P0044,W005,373,366.47757
2024-01-31,P0044,W006,229,232.39734
2024-01-31,P0045,W001,2193,2146.3247
2024-01-31,P0045,W002,941,933.9845
2024-01-31,P0045,W003,946,952.26666
2024-01-31,P0045,W004,1536,1495.153
2024-01-31,P0045,W005,2078,2039.3297
2024-01-31,P0045,W006,1883,1850.0957
2024-01-31,P0046,W001,660,651.31757
2024-01-31,P0046,W002,1217,1191.6597
2024-01-31,P0046,W003,1080,1051.8569
2024-01-31,P0046,W004,630,611.80743
2024-01-31,P0046,W005,995,1026.4863
2024-01-31,P0046,W006,838,828.77997
2024-01-31,P0047,W001,757,739.8076
2024-01-31,P0047,W002,700,682.29456
2024-01-31,P0047,W003,497,495.34515
2024-01-31,P0047,W004,979,984.2366
2024-01-31,P0047,W005,1204,1185.6002
2024-01-31,P0047,W006,445,437.35056
2024-01-31,P0048,W001,1299,1282.5018
2024-01-31,P0048,W002,2475,2460.8843
2024-01-31,P0048,W003,1204,1183.2717
2024-01-31,P0048,W004,1311,1284.5839
2024-01-31,P0048,W005,1844,1850.8524
2024-01-31,P0048,W006,1353,1371.144
2024-01-31,P0049,W001,1248,1247.0497
2024-01-31,P0049,W002,810,805.49854
2024-01-31,P0049,W003,1107,1104.4641
2024-01-31,P0049,W004,915,919.2136
2024-01-31,P0049,W005,880,892.7318
2024-01-31,P0049,W006,779,781.57294
2024-01-31,P0050,W001,2352,2359.5583
2024-01-31,P0050,W002,1514,1486.7014
2024-01-31,P0050,W003,1448,1427.28
2024-01-31,P0050,W004,2131,2076.849
2024-01-31,P0050,W005,1233,1214.5931
2024-01-31,P0050,W006,1962,1888.592
2024-01-31,P0051,W001,1091,1100.0524
2024-01-31,P0051,W002,614,622.24304
2024-01-31,P0051,W003,1610,1679.8845
2024-01-31,P0051,W004,1581,1627.5944
2024-01-31,P0051,W005,872,914.94635
2024-01-31,P0051,W006,1092,1115.0901
2024-01-31,P0052,W001,1285,1297.019
2024-01-31,P0052,W002,1462,1469.8967
2024-01-31,P0052,W003,1238,1203.0566
2024-01-31,P0052,W004,1579,1528.2637
2024-01-31,P0052,W005,710,716.5548
2024-01-31,P0052,W006,1691,1688.672
2024-01-31,P0053,W001,655,646.1611
2024-01-31,P0053,W002,475,481.8055
2024-01-31,P0053,W003,382,382.1445
2024-01-31,P0053,W004,444,440.21252
2024-01-31,P0053,W005,414,415.2178
2024-01-31,P0053,W006,754,744.6792
2024-01-31,P0054,W001,1386,1400.9037
2024-01-31,P0054,W002,2677,2615.2039
2024-01-31,P0054,W003,899,909.85114
2024-01-31,P0054,W004,2553,2486.6072
2024-01-31,P0054,W005,1582,1496.3129
2024-01-31,P0054,W006,2594,2492.294
2024-01-31,P0055,W001,1945,1933.7732
2024-01-31,P0055,W002,1235,1210.9127
2024-01-31,P0055,W003,1226,1220.4249
2024-01-31,P0055,W004,1658,1689.0985
2024-01-31,P0055,W005,2137,2098.227
2024-01-31,P0055,W006,1552,1504.5414
2024-01-31,P0056,W001,1031,1017.4151
2024-01-31,P0056,W002,925,905.6225
2024-01-31,P0056,W003,491,502.05273
2024-01-31,P0056,W004,678,686.9391
2024-01-31,P0056,W005,1248,1217.8534
2024-01-31,P0056,W006,711,691.7689
2024-01-31,P0057,W001,2223,2191.5098
2024-01-31,P0057,W002,1191,1157.7759
2024-01-31,P0057,W003,1062,1057.8478
2024-01-31,P0057,W004,2144,2157.4946
2024-01-31,P0057,W005,917,911.6081
2024-01-31,P0057,W006,1617,1590.7245
2024-01-31,P0058,W001,2285,2309.7847
2024-01-31,P0058,W002,2228,2258.8367
2024-01-31,P0058,W003,1222,1287.6165
2024-01-31,P0058,W004,1715,1793.0908
2024-01-31,P0058,W005,1585,1645.1991
2024-01-31,P0058,W006,1912,1963.1488
2024-01-31,P0059,W001,957,935.8165
2024-01-31,P0059,W002,811,814.22754
2024-01-31,P0059,W003,566,571.2051
2024-01-31,P0059,W004,696,696.5472
2024-01-31,P0059,W005,1109,1118.05
2024-01-31,P0059,W006,493,500.36386
2024-01-31,P0060,W001,937,972.4107
2024-01-31,P0060,W002,1093,1090.7983
2024-01-31,P0060,W003,1147,1086.5852
2024-01-31,P0060,W004,1840,1830.5415
2024-01-31,P0060,W005,1201,1193.0908
2024-01-31,P0060,W006,1755,1759.7941
2024-02-29,P0001,W001,411,400.07596
2024-02-29,P0001,W002,1002,984.1571
2024-02-29,P0001,W003,496,493.36145
2024-02-29,P0001,W004,957,932.3558
2024-02-29,P0001,W005,430,405.74585
2024-02-29,P0001,W006,501,500.21143
2024-02-29,P0002,W001,1067,1079.1171
2024-02-29,P0002,W002,636,641.9012
2024-02-29,P0002,W003,910,893.7582
2024-02-29,P0002,W004,954,944.2393
2024-02-29,P0002,W005,896,883.2325
2024-02-29,P0002,W006,900,907.68524
2024-02-29,P0003,W001,651,627.4243
2024-02-29,P0003,W002,625,629.4224
2024-02-29,P0003,W003,310,313.9535
2024-02-29,P0003,W004,619,592.1262
2024-02-29,P0003,W005,606,608.8758
2024-02-29,P0003,W006,593,590.1231
2024-02-29,P0004,W001,1114,1070.8137
2024-02-29,P0004,W002,2195,2132.356
2024-02-29,P0004,W003,1736,1731.5425
2024-02-29,P0004,W004,1777,1764.0609
2024-02-29,P0004,W005,2305,2304.85
2024-02-29,P0004,W006,1595,1556.5636
2024-02-29,P0005,W001,198,200.6883
2024-02-29,P0005,W002,334,331.85776
2024-02-29,P0005,W003,499,480.81995
2024-02-29,P0005,W004,478,490.62018
2024-02-29,P0005,W005,274,271.26477
2024-02-29,P0005,W006,331,322.6782
2024-02-29,P0006,W001,389,394.69852
2024-02-29,P0006,W002,524,530.7982
2024-02-29,P0006,W003,555,562.2166
2024-02-29,P0006,W004,269,272.05878
2024-02-29,P0006,W005,579,610.4969
2024-02-29,P0006,W006,410,414.7017
2024-02-29,P0007,W001,363,358.32684
2024-02-29,P0007,W002,917,925.67365
2024-02-29,P0007,W003,425,435.94983
2024-02-29,P0007,W004,969,963.6768
2024-02-29,P0007,W005,660,633.77295
2024-02-29,P0007,W006,368,371.67453
2024-02-29,P0008,W001,712,707.50616
2024-02-29,P0008,W002,1536,1508.1848
2024-02-29,P0008,W003,870,894.941
2024-02-29,P0008,W004,842,849.8896
2024-02-29,P0008,W005,899,898.9572
2024-02-29,P0008,W006,1681,1675.4683
2024-02-29,P0009,W001,397,381.0184
2024-02-29,P0009,W002,532,527.6822
2024-02-29,P0009,W003,770,766.4895
2024-02-29,P0009,W004,787,779.2358
2024-02-29,P0009,W005,988,990.2187
2024-02-29,P0009,W006,473,485.56232
2024-02-29,P0010,W001,2398,2375.209
2024-02-29,P0010,W002,1129,1133.9159
2024-02-29,P0010,W003,2505,2454.8838
2024-02-29,P0010,W004,1589,1602.6252
2024-02-29,P0010,W005,2170,2184.0051
2024-02-29,P0010,W006,2204,2205.8882
2024-02-29,P0011,W001,490,484.09662
2024-02-29,P0011,W002,398,397.93912
2024-02-29,P0011,W003,921,906.11206
2024-02-29,P0011,W004,408,403.89566
2024-02-29,P0011,W005,414,410.48044
2024-02-29,P0011,W006,793,786.10187
2024-02-29,P0012,W001,712,709.3954
2024-02-29,P0012,W002,690,682.3777
2024-02-29,P0012,W003,549,559.1282
2024-02-29,P0012,W004,660,663.8739
2024-02-29,P0012,W005,625,631.98456
2024-02-29,P0012,W006,616,612.2843
2024-02-29,P0013,W001,961,966.04736
2024-02-29,P0013,W002,1921,1902.3722
2024-02-29,P0013,W003,1587,1605.9718
2024-02-29,P0013,W004,2214,2252.666
2024-02-29,P0013,W005,1023,1025.4124
2024-02-29,P0013,W006,871,878.15515
2024-02-29,P0014,W001,831,819.64624
2024-02-29,P0014,W002,605,632.2637
2024-02-29,P0014,W003,928,918.06146
2024-02-29,P0014,W004,1102,1103.3856
2024-02-29,P0014,W005,1319,1297.2891
2024-02-29,P0014,W006,528,538.3578
2024-02-29,P0015,W001,279,289.35046
2024-02-29,P0015,W002,648,639.6155
2024-02-29,P0015,W003,649,664.9301
2024-02-29,P0015,W004,797,815.12616
2024-02-29,P0015,W005,348,340.89178
2024-02-29,P0015,W006,330,334.03198
2024-02-29,P0016,W001,477,470.50537
2024-02-29,P0016,W002,360,363.09647
2024-02-29,P0016,W003,368,367.80606
2024-02-29,P0016,W004,560,543.02325
2024-02-29,P0016,W005,509,515.83435
2024-02-29,P0016,W006,513,514.2754
2024-02-29,P0017,W001,413,426.3107
2024-02-29,P0017,W002,1097,1077.5582
2024-02-29,P0017,W003,1003,1004.7253
2024-02-29,P0017,W004,522,529.1669
2024-02-29,P0017,W005,503,508.76837
2024-02-29,P0017,W006,624,625.89844
2024-02-29,P0018,W001,596,594.1808
2024-02-29,P0018,W002,298,304.04465
2024-02-29,P0018,W003,387,396.51862
2024-02-29,P0018,W004,253,255.54744
2024-02-29,P0018,W005,574,563.7754
2024-02-29,P0018,W006,378,368.4262
2024-02-29,P0019,W001,1489,1464.8829
2024-02-29,P0019,W002,1369,1356.9794
2024-02-29,P0019,W003,1012,1022.5158
2024-02-29,P0019,W004,2637,2573.082
2024-02-29,P0019,W005,1604,1626.1198
2024-02-29,P0019,W006,2332,2327.167
2024-02-29,P0020,W001,1346,1345.6901
2024-02-29,P0020,W002,1354,1356.2115
2024-02-29,P0020,W003,1918,1867.8158
2024-02-29,P0020,W004,1373,1397.096
2024-02-29,P0020,W005,1789,1769.0718
2024-02-29,P0020,W006,2247,2274.2312
2024-02-29,P0021,W001,1251,1254.8679
2024-02-29,P0021,W002,1436,1426.4929
2024-02-29,P0021,W003,836,846.7981
2024-02-29,P0021,W004,781,778.7084
2024-02-29,P0021,W005,1147,1155.315
2024-02-29,P0021,W006,1137,1172.8116
2024-02-29,P0022,W001,413,405.68222
2024-02-29,P0022,W002,341,347.26505
2024-02-29,P0022,W003,321,327.88168
2024-02-29,P0022,W004,298,293.31732
2024-02-29,P0022,W005,350,345.96835
2024-02-29,P0022,W006,302,307.07602
2024-02-29,P0023,W001,1774,1755.9116
2024-02-29,P0023,W002,2385,2345.098
2024-02-29,P0023,W003,941,939.6251
2024-02-29,P0023,W004,1909,1905.9274
2024-02-29,P0023,W005,1545,1561.3429
2024-02-29,P0023,W006,1956,1996.3121
2024-02-29,P0024,W001,1047,1077.2681
2024-02-29,P0024,W002,1160,1120.4308
2024-02-29,P0024,W003,1532,1520.6964
2024-02-29,P0024,W004,2284,2234.9434
2024-02-29,P0024,W005,1495,1473.719
2024-02-29,P0024,W006,1953,1970.4738
2024-02-29,P0025,W001,710,723.702
2024-02-29,P0025,W002,909,885.1308
2024-02-29,P0025,W003,1599,1590.9037
2024-02-29,P0025,W004,1734,1709.5497
2024-02-29,P0025,W005,1759,1841.1165
2024-02-29,P0025,W006,761,766.46
2024-02-29,P0026,W001,139,149.52133
2024-02-29,P0026,W002,226,234.16148
2024-02-29,P0026,W003,299,298.8755
2024-02-29,P0026,W004,234,237.42026
2024-02-29,P0026,W005,231,230.96791
2024-02-29,P0026,W006,320,315.6204
2024-02-29,P0027,W001,393,391.32785
2024-02-29,P0027,W002,562,564.96014
2024-02-29,P0027,W003,770,758.13684
2024-02-29,P0027,W004,566,558.25244
2024-02-29,P0027,W005,736,732.9515
2024-02-29,P0027,W006,851,852.5591
2024-02-29,P0028,W001,387,390.542
2024-02-29,P0028,W002,243,244.43806
2024-02-29,P0028,W003,461,454.0429
2024-02-29,P0028,W004,411,414.1733
2024-02-29,P0028,W005,449,438.59268
2024-02-29,P0028,W006,319,316.7857
2024-02-29,P0029,W001,1179,1170.515
2024-02-29,P0029,W002,1490,1502.964
2024-02-29,P0029,W003,1717,1704.9532
2024-02-29,P0029,W004,1134,1143.5315
2024-02-29,P0029,W005,2380,2338.9846
2024-02-29,P0029,W006,1475,1494.6786
2024-02-29,P0030,W001,433,429.91385
2024-02-29,P0030,W002,876,866.8332
2024-02-29,P0030,W003,701,720.2195
2024-02-29,P0030,W004,369,367.39334
2024-02-29,P0030,W005,447,436.90756
2024-02-29,P0030,W006,823,829.8352
2024-02-29,P0031,W001,2200,2194.109
2024-02-29,P0031,W002,2115,2089.1592
2024-02-29,P0031,W003,1633,1622.6105
2024-02-29,P0031,W004,1646,1689.2849
2024-02-29,P0031,W005,2612,2521.839
2024-02-29,P0031,W006,1216,1240.8922
2024-02-29,P0032,W001,693,697.2142
2024-02-29,P0032,W002,1095,1082.4961
2024-02-29,P0032,W003,695,713.6512
2024-02-29,P0032,W004,1029,1060.079
2024-02-29,P0032,W005,1165,1150.2628
2024-02-29,P0032,W006,554,570.03174
2024-02-29,P0033,W001,956,936.8724
2024-02-29,P0033,W002,1827,1782.9216
2024-02-29,P0033,W003,1575,1591.6808
2024-02-29,P0033,W004,1817,1774.2632
2024-02-29,P0033,W005,1605,1606.2546
2024-02-29,P0033,W006,2135,2080.7058
2024-02-29,P0034,W001,413,418.32904
2024-02-29,P0034,W002,164,167.45854
2024-02-29,P0034,W003,145,150.7659
2024-02-29,P0034,W004,271,272.03394
2024-02-29,P0034,W005,286,296.4073
2024-02-29,P0034,W006,290,292.99237
2024-02-29,P0035,W001,268,277.25876
2024-02-29,P0035,W002,239,233.82216
2024-02-29,P0035,W003,327,334.4225
2024-02-29,P0035,W004,341,345.0266
2024-02-29,P0035,W005,205,215.397
2024-02-29,P0035,W006,452,454.40417
2024-02-29,P0036,W001,499,498.63782
2024-02-29,P0036,W002,650,641.95636
2024-02-29,P0036,W003,814,805.4504
2024-02-29,P0036,W004,1186,1201.1769
2024-02-29,P0036,W005,479,484.8235
2024-02-29,P0036,W006,1190,1183.8379
2024-02-29,P0037,W001,1359,1363.8824
2024-02-29,P0037,W002,1430,1384.2426
2024-02-29,P0037,W003,1086,1061.8297
2024-02-29,P0037,W004,1314,1324.3313
2024-02-29,P0037,W005,695,718.1834
2024-02-29,P0037,W006,540,531.24774
2024-02-29,P0038,W001,705,704.1928
2024-02-29,P0038,W002,871,891.4782
2024-02-29,P0038,W003,1029,1038.3484
2024-02-29,P0038,W004,853,834.332
2024-02-29,P0038,W005,989,990.5015
2024-02-29,P0038,W006,1229,1257.7748
2024-02-29,P0039,W001,1541,1511.4775
2024-02-29,P0039,W002,1188,1212.9159
2024-02-29,P0039,W003,1268,1235.8938
2024-02-29,P0039,W004,1216,1249.4104
2024-02-29,P0039,W005,1920,2003.4148
2024-02-29,P0039,W006,1364,1386.7723
2024-02-29,P0040,W001,2164,2186.0762
2024-02-29,P0040,W002,990,988.2319
2024-02-29,P0040,W003,991,1004.1981
2024-02-29,P0040,W004,1361,1375.6476
2024-02-29,P0040,W005,1685,1663.6958
2024-02-29,P0040,W006,1798,1805.4384
2024-02-29,P0041,W001,1434,1418.4521
2024-02-29,P0041,W002,1306,1286.8025
2024-02-29,P0041,W003,896,922.1092
2024-02-29,P0041,W004,750,720.0077
2024-02-29,P0041,W005,908,908.3367
2024-02-29,P0041,W006,1224,1284.9814
2024-02-29,P0042,W001,733,734.7052
2024-02-29,P0042,W002,1139,1126.2483
2024-02-29,P0042,W003,1029,1037.9677
2024-02-29,P0042,W004,1321,1320.9922
2024-02-29,P0042,W005,1357,1335.4141
2024-02-29,P0042,W006,1555,1506.1956
2024-02-29,P0043,W001,1183,1243.4137
2024-02-29,P0043,W002,1547,1617.9545
2024-02-29,P0043,W003,1315,1390.3959
2024-02-29,P0043,W004,1231,1270.7196
2024-02-29,P0043,W005,1152,1145.84
2024-02-29,P0043,W006,856,913.86957
2024-02-29,P0044,W001,327,334.89346
2024-02-29,P0044,W002,236,248.69398
2024-02-29,P0044,W003,319,317.6373
2024-02-29,P0044,W004,253,246.00142
2024-02-29,P0044,W005,373,379.70554
2024-02-29,P0044,W006,248,248.76517
2024-02-29,P0045,W001,2269,2272.1162
2024-02-29,P0045,W002,1023,1010.8556
2024-02-29,P0045,W003,987,969.55566
2024-02-29,P0045,W004,1581,1613.5138
2024-02-29,P0045,W005,2153,2175.4424
2024-02-29,P0045,W006,1868,1919.2441
2024-02-29,P0046,W001,706,697.86884
2024-02-29,P0046,W002,1314,1301.805
2024-02-29,P0046,W003,1148,1137.2899
2024-02-29,P0046,W004,628,642.3875
2024-02-29,P0046,W005,1078,1046.555
2024-02-29,P0046,W006,831,837.7174
2024-02-29,P0047,W001,814,818.88635
2024-02-29,P0047,W002,708,721.2253
2024-02-29,P0047,W003,502,509.10834
2024-02-29,P0047,W004,1026,1008.6204
2024-02-29,P0047,W005,1237,1224.2637
2024-02-29,P0047,W006,460,466.30307
2024-02-29,P0048,W001,1366,1373.287
2024-02-29,P0048,W002,2476,2462.8125
2024-02-29,P0048,W003,1195,1189.9808
2024-02-29,P0048,W004,1338,1367.523
2024-02-29,P0048,W005,1928,1912.8977
2024-02-29,P0048,W006,1476,1445.6979
2024-02-29,P0049,W001,1363,1339.2169
2024-02-29,P0049,W002,794,812.2301
2024-02-29,P0049,W003,1094,1099.3192
2024-02-29,P0049,W004,934,947.12225
2024-02-29,P0049,W005,935,914.25586
2024-02-29,P0049,W006,831,828.2097
2024-02-29,P0050,W001,2454,2453.619
2024-02-29,P0050,W002,1481,1523.4382
2024-02-29,P0050,W003,1524,1500.3018
2024-02-29,P0050,W004,2103,2144.0107
2024-02-29,P0050,W005,1286,1306.6959
2024-02-29,P0050,W006,2000,2066.5603
2024-02-29,P0051,W001,1089,1121.3206
2024-02-29,P0051,W002,697,690.2176
2024-02-29,P0051,W003,1732,1683.45
2024-02-29,P0051,W004,1539,1592.583
2024-02-29,P0051,W005,932,901.62213
2024-02-29,P0051,W006,1148,1131.7405
2024-02-29,P0052,W001,1389,1372.3357
2024-02-29,P0052,W002,1476,1493.4696
2024-02-29,P0052,W003,1302,1287.6906
2024-02-29,P0052,W004,1691,1650.2614
2024-02-29,P0052,W005,722,726.21344
2024-02-29,P0052,W006,1842,1814.0458
2024-02-29,P0053,W001,678,677.63086
2024-02-29,P0053,W002,493,501.09384
2024-02-29,P0053,W003,405,405.56644
2024-02-29,P0053,W004,468,471.53677
2024-02-29,P0053,W005,398,401.60126
2024-02-29,P0053,W006,783,771.87994
2024-02-29,P0054,W001,1478,1428.3358
2024-02-29,P0054,W002,2681,2696.3655
2024-02-29,P0054,W003,910,911.4763
2024-02-29,P0054,W004,2372,2426.238
2024-02-29,P0054,W005,1590,1618.8285
2024-02-29,P0054,W006,2611,2619.0332
2024-02-29,P0055,W001,2166,2130.5222
2024-02-29,P0055,W002,1305,1280.0991
2024-02-29,P0055,W003,1283,1262.3083
2024-02-29,P0055,W004,1757,1747.6411
2024-02-29,P0055,W005,2216,2202.406
2024-02-29,P0055,W006,1517,1543.2328
2024-02-29,P0056,W001,1076,1075.48
2024-02-29,P0056,W002,965,965.82666
2024-02-29,P0056,W003,523,513.72906
2024-02-29,P0056,W004,646,665.7606
2024-02-29,P0056,W005,1358,1304.897
2024-02-29,P0056,W006,695,706.98816
2024-02-29,P0057,W001,3147,3109.5706
2024-02-29,P0057,W002,1592,1658.6478
2024-02-29,P0057,W003,1404,1475.2163
2024-02-29,P0057,W004,2924,2913.3916
2024-02-29,P0057,W005,1194,1245.376
2024-02-29,P0057,W006,2089,2147.2827
2024-02-29,P0058,W001,2222,2273.5166
2024-02-29,P0058,W002,2131,2159.74
2024-02-29,P0058,W003,1118,1151.4777
2024-02-29,P0058,W004,1709,1726.1727
2024-02-29,P0058,W005,1534,1583.7887
2024-02-29,P0058,W006,1692,1795.2332
2024-02-29,P0059,W001,1026,1025.6462
2024-02-29,P0059,W002,843,854.4646
2024-02-29,P0059,W003,573,573.74493
2024-02-29,P0059,W004,787,763.4646
2024-02-29,P0059,W005,1234,1213.0834
2024-02-29,P0059,W006,503,500.02072
2024-02-29,P0060,W001,1158,1162.9116
2024-02-29,P0060,W002,1300,1342.8597
2024-02-29,P0060,W003,1273,1343.6626
2024-02-29,P0060,W004,2068,2110.4731
2024-02-29,P0060,W005,1418,1437.505
2024-02-29,P0060,W006,2089,2074.4678
2024-03-31,P0001,W001,484,481.9319
2024-03-31,P0001,W002,1080,1110.053
2024-03-31,P0001,W003,571,570.53955
2024-03-31,P0001,W004,1003,1047.863
2024-03-31,P0001,W005,484,500.68597
2024-03-31,P0001,W006,567,580.0144
2024-03-31,P0002,W001,1147,1155.7412
2024-03-31,P0002,W002,762,759.13916
2024-03-31,P0002,W003,1039,1051.6075
2024-03-31,P0002,W004,1079,1108.3835
2024-03-31,P0002,W005,1081,1067.3643
2024-03-31,P0002,W006,1113,1073.7645
2024-03-31,P0003,W001,740,756.1353
2024-03-31,P0003,W002,711,725.69635
2024-03-31,P0003,W003,365,376.77194
2024-03-31,P0003,W004,673,707.9436
2024-03-31,P0003,W005,732,726.83405
2024-03-31,P0003,W006,670,662.3108
2024-03-31,P0004,W001,1297,1311.5414
2024-03-31,P0004,W002,2550,2572.076
2024-03-31,P0004,W003,2069,2071.56
2024-03-31,P0004,W004,1994,2029.0099
2024-03-31,P0004,W005,2644,2655.454
2024-03-31,P0004,W006,1721,1767.8059
2024-03-31,P0005,W001,232,240.34879
2024-03-31,P0005,W002,368,378.2017
2024-03-31,P0005,W003,573,572.0275
2024-03-31,P0005,W004,550,538.5414
2024-03-31,P0005,W005,315,321.3167
2024-03-31,P0005,W006,378,381.08905
2024-03-31,P0006,W001,422,416.96875
2024-03-31,P0006,W002,574,594.0701
2024-03-31,P0006,W003,624,635.6007
2024-03-31,P0006,W004,318,321.82336
2024-03-31,P0006,W005,682,673.5902
2024-03-31,P0006,W006,476,482.88394
2024-03-31,P0007,W001,426,440.61975
2024-03-31,P0007,W002,1027,1046.7024
2024-03-31,P0007,W003,485,491.35797
2024-03-31,P0007,W004,1114,1103.7362
2024-03-31,P0007,W005,735,746.63617
2024-03-31,P0007,W006,426,428.96756
2024-03-31,P0008,W001,984,998.4124
2024-03-31,P0008,W002,1997,2069.9373
2024-03-31,P0008,W003,1322,1295.3475
2024-03-31,P0008,W004,1136,1164.2239
2024-03-31,P0008,W005,1197,1230.0405
2024-03-31,P0008,W006,2336,2315.4434
2024-03-31,P0009,W001,447,448.95157
2024-03-31,P0009,W002,611,606.55304
2024-03-31,P0009,W003,915,928.6533
2024-03-31,P0009,W004,943,945.3485
2024-03-31,P0009,W005,1192,1165.1768
2024-03-31,P0009,W006,587,578.8738
2024-03-31,P0010,W001,2808,2726.0205
2024-03-31,P0010,W002,1297,1310.1284
2024-03-31,P0010,W003,2860,2903.8237
2024-03-31,P0010,W004,1879,1851.8959
2024-03-31,P0010,W005,2488,2527.5515
2024-03-31,P0010,W006,2463,2488.5908
2024-03-31,P0011,W001,564,559.7781
2024-03-31,P0011,W002,489,477.44016
2024-03-31,P0011,W003,997,1025.1433
2024-03-31,P0011,W004,515,503.64655
2024-03-31,P0011,W005,491,492.42145
2024-03-31,P0011,W006,906,916.39703
2024-03-31,P0012,W001,798,801.7405
2024-03-31,P0012,W002,798,796.8147
2024-03-31,P0012,W003,608,628.0806
2024-03-31,P0012,W004,738,755.10364
2024-03-31,P0012,W005,722,739.47894
2024-03-31,P0012,W006,721,719.3564
2024-03-31,P0013,W001,1151,1160.9032
2024-03-31,P0013,W002,2219,2237.9988
2024-03-31,P0013,W003,1872,1876.3656
2024-03-31,P0013,W004,2727,2616.4683
2024-03-31,P0013,W005,1271,1236.7012
2024-03-31,P0013,W006,996,1002.42944
2024-03-31,P0014,W001,981,993.47705
2024-03-31,P0014,W002,679,693.526
2024-03-31,P0014,W003,1078,1081.9806
2024-03-31,P0014,W004,1291,1270.2234
2024-03-31,P0014,W005,1514,1518.4606
2024-03-31,P0014,W006,662,658.86285
2024-03-31,P0015,W001,362,355.33328
2024-03-31,P0015,W002,774,760.84283
2024-03-31,P0015,W003,758,758.47906
2024-03-31,P0015,W004,979,964.15247
2024-03-31,P0015,W005,371,384.41733
2024-03-31,P0015,W006,373,377.56436
2024-03-31,P0016,W001,544,549.98975
2024-03-31,P0016,W002,414,422.5268
2024-03-31,P0016,W003,442,444.86932
2024-03-31,P0016,W004,616,613.30457
2024-03-31,P0016,W005,610,608.0522
2024-03-31,P0016,W006,637,637.16876
2024-03-31,P0017,W001,497,487.91095
2024-03-31,P0017,W002,1282,1269.7356
2024-03-31,P0017,W003,1123,1155.1588
2024-03-31,P0017,W004,626,620.06433
2024-03-31,P0017,W005,591,598.4196
2024-03-31,P0017,W006,739,720.78217
2024-03-31,P0018,W001,686,696.845
2024-03-31,P0018,W002,357,353.8602
2024-03-31,P0018,W003,460,451.313
2024-03-31,P0018,W004,290,290.7726
2024-03-31,P0018,W005,649,651.7851
2024-03-31,P0018,W006,415,423.1079
2024-03-31,P0019,W001,1935,1910.3202
2024-03-31,P0019,W002,1625,1680.8717
2024-03-31,P0019,W003,1222,1239.7749
2024-03-31,P0019,W004,3118,3110.632
2024-03-31,P0019,W005,1935,1974.0929
2024-03-31,P0019,W006,2717,2786.6357
2024-03-31,P0020,W001,1482,1522.9395
2024-03-31,P0020,W002,1657,1618.2736
2024-03-31,P0020,W003,2161,2181.6367
2024-03-31,P0020,W004,1520,1525.0919
2024-03-31,P0020,W005,2102,2066.1458
2024-03-31,P0020,W006,2481,2499.0337
2024-03-31,P0021,W001,1421,1423.9755
2024-03-31,P0021,W002,1596,1625.6566
2024-03-31,P0021,W003,1000,989.35724
2024-03-31,P0021,W004,917,923.156
2024-03-31,P0021,W005,1286,1279.8926
2024-03-31,P0021,W006,1415,1375.6952
2024-03-31,P0022,W001,451,453.14774
2024-03-31,P0022,W002,407,410.19196
2024-03-31,P0022,W003,394,386.39917
2024-03-31,P0022,W004,315,322.83282
2024-03-31,P0022,W005,399,405.36438
2024-03-31,P0022,W006,362,360.52127
2024-03-31,P0023,W001,2186,2125.7275
2024-03-31,P0023,W002,2619,2645.175
2024-03-31,P0023,W003,1084,1093.7328
2024-03-31,P0023,W004,2188,2165.194
2024-03-31,P0023,W005,1917,1895.6239
2024-03-31,P0023,W006,2215,2207.8833
2024-03-31,P0024,W001,1200,1193.3689
2024-03-31,P0024,W002,1308,1311.7686
2024-03-31,P0024,W003,1934,1864.5635
2024-03-31,P0024,W004,2428,2441.5554
2024-03-31,P0024,W005,1747,1761.1484
2024-03-31,P0024,W006,2244,2248.5496
2024-03-31,P0025,W001,873,864.9116
2024-03-31,P0025,W002,1071,1064.6213
2024-03-31,P0025,W003,1789,1784.6715
2024-03-31,P0025,W004,1908,1959.1746
2024-03-31,P0025,W005,2169,2118.6882
2024-03-31,P0025,W006,876,893.0643
2024-03-31,P0026,W001,158,163.10965
2024-03-31,P0026,W002,254,258.52774
2024-03-31,P0026,W003,344,347.02615
2024-03-31,P0026,W004,273,271.1362
2024-03-31,P0026,W005,255,263.6121
2024-03-31,P0026,W006,340,359.62955
2024-03-31,P0027,W001,449,448.19846
2024-03-31,P0027,W002,602,605.3529
2024-03-31,P0027,W003,844,839.6951
2024-03-31,P0027,W004,665,669.98065
2024-03-31,P0027,W005,874,875.7363
2024-03-31,P0027,W006,1015,1001.33154
2024-03-31,P0028,W001,436,439.00497
2024-03-31,P0028,W002,273,277.02725
2024-03-31,P0028,W003,516,530.31433
2024-03-31,P0028,W004,466,461.26843
2024-03-31,P0028,W005,510,510.6901
2024-03-31,P0028,W006,369,371.96658
2024-03-31,P0029,W001,1601,1599.5808
2024-03-31,P0029,W002,2063,2046.8093
2024-03-31,P0029,W003,2346,2359.2354
2024-03-31,P0029,W004,1611,1597.8059
2024-03-31,P0029,W005,3167,3156.63
2024-03-31,P0029,W006,2074,2082.7988
2024-03-31,P0030,W001,463,470.1169
2024-03-31,P0030,W002,1106,1075.1458
2024-03-31,P0030,W003,761,779.335
2024-03-31,P0030,W004,419,423.68173
2024-03-31,P0030,W005,546,551.49133
2024-03-31,P0030,W006,971,974.338
2024-03-31,P0031,W001,2542,2577.3071
2024-03-31,P0031,W002,2313,2308.2034
2024-03-31,P0031,W003,1966,1946.7601
2024-03-31,P0031,W004,1889,1865.2817
2024-03-31,P0031,W005,2892,2903.7688
2024-03-31,P0031,W006,1452,1442.5394
2024-03-31,P0032,W001,848,838.6302
2024-03-31,P0032,W002,1312,1287.5419
2024-03-31,P0032,W003,827,829.5801
2024-03-31,P0032,W004,1194,1187.4863
2024-03-31,P0032,W005,1357,1353.5521
2024-03-31,P0032,W006,671,673.66223
2024-03-31,P0033,W001,1099,1120.6812
2024-03-31,P0033,W002,2177,2164.8757
2024-03-31,P0033,W003,1797,1806.7236
2024-03-31,P0033,W004,2143,2116.9412
2024-03-31,P0033,W005,1865,1872.9877
2024-03-31,P0033,W006,2429,2417.931
2024-03-31,P0034,W001,468,460.01294
2024-03-31,P0034,W002,200,202.16368
2024-03-31,P0034,W003,163,167.19499
2024-03-31,P0034,W004,302,315.9134
2024-03-31,P0034,W005,343,348.48587
2024-03-31,P0034,W006,325,336.79962
2024-03-31,P0035,W001,313,313.79868
2024-03-31,P0035,W002,268,277.5858
2024-03-31,P0035,W003,387,388.6866
2024-03-31,P0035,W004,391,395.17343
2024-03-31,P0035,W005,233,236.87038
2024-03-31,P0035,W006,504,505.8434
2024-03-31,P0036,W001,559,570.5037
2024-03-31,P0036,W002,757,761.3056
2024-03-31,P0036,W003,907,918.03876
2024-03-31,P0036,W004,1416,1401.9911
2024-03-31,P0036,W005,567,556.589
2024-03-31,P0036,W006,1277,1292.4148
2024-03-31,P0037,W001,1521,1542.1346
2024-03-31,P0037,W002,1562,1586.655
2024-03-31,P0037,W003,1253,1242.6273
2024-03-31,P0037,W004,1462,1478.0468
2024-03-31,P0037,W005,859,840.37213
2024-03-31,P0037,W006,639,637.7486
2024-03-31,P0038,W001,818,810.61566
2024-03-31,P0038,W002,1059,1067.6398
2024-03-31,P0038,W003,1202,1184.725
2024-03-31,P0038,W004,992,964.2092
2024-03-31,P0038,W005,1161,1163.216
2024-03-31,P0038,W006,1433,1412.8774
2024-03-31,P0039,W001,1796,1788.6378
2024-03-31,P0039,W002,1348,1334.7761
2024-03-31,P0039,W003,1427,1448.9971
2024-03-31,P0039,W004,1632,1530.7188
2024-03-31,P0039,W005,2189,2194.3281
2024-03-31,P0039,W006,1630,1594.1609
2024-03-31,P0040,W001,2611,2545.522
2024-03-31,P0040,W002,1113,1123.7245
2024-03-31,P0040,W003,1165,1166.3616
2024-03-31,P0040,W004,1474,1514.269
2024-03-31,P0040,W005,1860,1877.512
2024-03-31,P0040,W006,2074,2093.253
2024-03-31,P0041,W001,1615,1634.3867
2024-03-31,P0041,W002,1451,1447.7804
2024-03-31,P0041,W003,1097,1073.951
2024-03-31,P0041,W004,829,853.3313
2024-03-31,P0041,W005,1090,1082.8102
2024-03-31,P0041,W006,1566,1482.2462
2024-03-31,P0042,W001,839,846.6645
2024-03-31,P0042,W002,1297,1289.5361
2024-03-31,P0042,W003,1231,1195.3317
2024-03-31,P0042,W004,1598,1539.6304
2024-03-31,P0042,W005,1452,1481.5269
2024-03-31,P0042,W006,1749,1724.6149
2024-03-31,P0043,W001,1215,1242.4232
2024-03-31,P0043,W002,1730,1692.0104
2024-03-31,P0043,W003,1470,1455.5518
2024-03-31,P0043,W004,1267,1289.1053
2024-03-31,P0043,W005,1187,1199.0966
2024-03-31,P0043,W006,875,881.01715
2024-03-31,P0044,W001,395,389.5225
2024-03-31,P0044,W002,276,273.3201
2024-03-31,P0044,W003,378,381.39075
2024-03-31,P0044,W004,297,295.9392
2024-03-31,P0044,W005,428,433.34375
2024-03-31,P0044,W006,276,277.97174
2024-03-31,P0045,W001,2405,2441.7947
2024-03-31,P0045,W002,1164,1152.0109
2024-03-31,P0045,W003,1151,1158.5432
2024-03-31,P0045,W004,1828,1802.0333
2024-03-31,P0045,W005,2576,2507.4873
2024-03-31,P0045,W006,2126,2125.1245
2024-03-31,P0046,W001,789,808.88153
2024-03-31,P0046,W002,1539,1499.3778
2024-03-31,P0046,W003,1220,1260.4427
2024-03-31,P0046,W004,736,735.4736
2024-03-31,P0046,W005,1214,1207.9636
2024-03-31,P0046,W006,996,1000.99994
2024-03-31,P0047,W001,940,932.3234
2024-03-31,P0047,W002,806,814.29614
2024-03-31,P0047,W003,571,584.73193
2024-03-31,P0047,W004,1168,1180.9183
2024-03-31,P0047,W005,1316,1352.1084
2024-03-31,P0047,W006,549,542.22314
2024-03-31,P0048,W001,1527,1549.8585
2024-03-31,P0048,W002,3160,3107.8628
2024-03-31,P0048,W003,1467,1460.454
2024-03-31,P0048,W004,1533,1508.7476
2024-03-31,P0048,W005,2192,2257.6328
2024-03-31,P0048,W006,1685,1722.2192
2024-03-31,P0049,W001,1500,1500.3861
2024-03-31,P0049,W002,943,924.3297
2024-03-31,P0049,W003,1276,1261.4287
2024-03-31,P0049,W004,1068,1075.2775
2024-03-31,P0049,W005,1062,1077.2181
2024-03-31,P0049,W006,836,873.949
2024-03-31,P0050,W001,2992,2897.6636
2024-03-31,P0050,W002,1772,1735.9615
2024-03-31,P0050,W003,1693,1737.2715
2024-03-31,P0050,W004,2370,2352.8037
2024-03-31,P0050,W005,1439,1382.8573
2024-03-31,P0050,W006,2351,2330.6816
2024-03-31,P0051,W001,1342,1296.523
2024-03-31,P0051,W002,773,795.11053
2024-03-31,P0051,W003,2037,2004.7393
2024-03-31,P0051,W004,1860,1831.359
2024-03-31,P0051,W005,1121,1104.6322
2024-03-31,P0051,W006,1339,1356.6467
2024-03-31,P0052,W001,1584,1580.4889
2024-03-31,P0052,W002,1685,1691.9603
2024-03-31,P0052,W003,1456,1474.8468
2024-03-31,P0052,W004,1970,1922.1318
2024-03-31,P0052,W005,842,854.51166
2024-03-31,P0052,W006,2129,2127.8042
2024-03-31,P0053,W001,744,749.4598
2024-03-31,P0053,W002,601,590.1718
2024-03-31,P0053,W003,451,453.80048
2024-03-31,P0053,W004,552,544.3683
2024-03-31,P0053,W005,487,475.6442
2024-03-31,P0053,W006,933,922.33215
2024-03-31,P0054,W001,1744,1742.354
2024-03-31,P0054,W002,2942,2971.5657
2024-03-31,P0054,W003,1093,1083.8391
2024-03-31,P0054,W004,2802,2795.7068
2024-03-31,P0054,W005,1829,1846.323
2024-03-31,P0054,W006,2732,2831.6877
2024-03-31,P0055,W001,2510,2514.761
2024-03-31,P0055,W002,1489,1500.9642
2024-03-31,P0055,W003,1353,1394.2522
2024-03-31,P0055,W004,2135,2076.918
2024-03-31,P0055,W005,2714,2645.6472
2024-03-31,P0055,W006,1919,1911.1338
2024-03-31,P0056,W001,1233,1233.0726
2024-03-31,P0056,W002,1013,1044.5223
2024-03-31,P0056,W003,643,629.4693
2024-03-31,P0056,W004,805,784.4709
2024-03-31,P0056,W005,1565,1577.5979
2024-03-31,P0056,W006,807,808.39233
2024-03-31,P0057,W001,2542,2595.3164
2024-03-31,P0057,W002,1426,1398.2327
2024-03-31,P0057,W003,1259,1311.3826
2024-03-31,P0057,W004,2485,2544.9734
2024-03-31,P0057,W005,1077,1083.3624
2024-03-31,P0057,W006,1834,1848.4073
2024-03-31,P0058,W001,2571,2514.223
2024-03-31,P0058,W002,2524,2455.957
2024-03-31,P0058,W003,1308,1286.5885
2024-03-31,P0058,W004,1981,1950.3903
2024-03-31,P0058,W005,1680,1709.717
2024-03-31,P0058,W006,2001,2005.4763
2024-03-31,P0059,W001,1129,1140.9104
2024-03-31,P0059,W002,1002,968.4276
2024-03-31,P0059,W003,663,672.7989
2024-03-31,P0059,W004,854,881.1641
2024-03-31,P0059,W005,1362,1382.7495
2024-03-31,P0059,W006,577,574.0805
2024-03-31,P0060,W001,1238,1229.0144
2024-03-31,P0060,W002,1303,1358.1469
2024-03-31,P0060,W003,1300,1302.7333
2024-03-31,P0060,W004,2277,2254.5908
2024-03-31,P0060,W005,1486,1545.6776
2024-03-31,P0060,W006,2097,2184.7642
2024-04-30,P0001,W001,454,452.8508
2024-04-30,P0001,W002,1043,1034.5198
2024-04-30,P0001,W003,518,531.9885
2024-04-30,P0001,W004,957,962.3469
2024-04-30,P0001,W005,466,456.64246
2024-04-30,P0001,W006,537,540.8154
2024-04-30,P0002,W001,1149,1131.6769
2024-04-30,P0002,W002,705,704.4172
2024-04-30,P0002,W003,956,957.2023
2024-04-30,P0002,W004,1025,1017.5783
2024-04-30,P0002,W005,953,970.9448
2024-04-30,P0002,W006,1002,1030.1213
2024-04-30,P0003,W001,685,687.3496
2024-04-30,P0003,W002,648,653.62885
2024-04-30,P0003,W003,346,342.33792
2024-04-30,P0003,W004,666,652.6232
2024-04-30,P0003,W005,659,673.73865
2024-04-30,P0003,W006,662,659.8293
2024-04-30,P0004,W001,1265,1257.4144
2024-04-30,P0004,W002,2382,2377.3188
2024-04-30,P0004,W003,1957,1936.419
2024-04-30,P0004,W004,1958,1973.5042
2024-04-30,P0004,W005,2578,2520.261
2024-04-30,P0004,W006,1689,1665.443
2024-04-30,P0005,W001,228,228.65065
2024-04-30,P0005,W002,385,374.08762
2024-04-30,P0005,W003,543,549.1897
2024-04-30,P0005,W004,587,567.383
2024-04-30,P0005,W005,312,313.56372
2024-04-30,P0005,W006,364,359.72867
2024-04-30,P0006,W001,396,405.9281
2024-04-30,P0006,W002,547,541.3224
2024-04-30,P0006,W003,606,598.96954
2024-04-30,P0006,W004,301,296.06985
2024-04-30,P0006,W005,604,625.5199
2024-04-30,P0006,W006,464,457.21323
2024-04-30,P0007,W001,392,395.37836
2024-04-30,P0007,W002,1030,1016.4644
2024-04-30,P0007,W003,430,435.5362
2024-04-30,P0007,W004,1090,1068.7069
2024-04-30,P0007,W005,723,701.6105
2024-04-30,P0007,W006,385,388.03204
2024-04-30,P0008,W001,785,803.28534
2024-04-30,P0008,W002,1628,1625.3789
2024-04-30,P0008,W003,1044,1052.628
2024-04-30,P0008,W004,949,978.67035
2024-04-30,P0008,W005,985,986.85834
2024-04-30,P0008,W006,1973,2049.4104
2024-04-30,P0009,W001,411,418.3688
2024-04-30,P0009,W002,599,600.7337
2024-04-30,P0009,W003,861,845.07996
2024-04-30,P0009,W004,865,867.8978
2024-04-30,P0009,W005,1119,1122.7809
2024-04-30,P0009,W006,519,524.0673
2024-04-30,P0010,W001,2679,2646.4404
2024-04-30,P0010,W002,1289,1287.3042
2024-04-30,P0010,W003,2684,2722.8503
2024-04-30,P0010,W004,1776,1786.856
2024-04-30,P0010,W005,2377,2395.3904
2024-04-30,P0010,W006,2391,2393.3923
2024-04-30,P0011,W001,512,524.3073
2024-04-30,P0011,W002,497,489.4498
2024-04-30,P0011,W003,950,948.7555
2024-04-30,P0011,W004,441,459.84982
2024-04-30,P0011,W005,450,455.8011
2024-04-30,P0011,W006,918,914.3734
2024-04-30,P0012,W001,763,763.40076
2024-04-30,P0012,W002,753,752.569
2024-04-30,P0012,W003,598,572.08374
2024-04-30,P0012,W004,716,703.7692
2024-04-30,P0012,W005,724,688.3913
2024-04-30,P0012,W006,666,672.76294
2024-04-30,P0013,W001,1064,1054.1774
2024-04-30,P0013,W002,2053,2023.9185
2024-04-30,P0013,W003,1848,1800.5089
2024-04-30,P0013,W004,2555,2588.2432
2024-04-30,P0013,W005,1193,1200.9165
2024-04-30,P0013,W006,982,970.0383
2024-04-30,P0014,W001,892,892.0526
2024-04-30,P0014,W002,674,664.73944
2024-04-30,P0014,W003,1050,1058.0933
2024-04-30,P0014,W004,1280,1300.4543
2024-04-30,P0014,W005,1355,1383.4565
2024-04-30,P0014,W006,598,605.8587
2024-04-30,P0015,W001,322,324.52173
2024-04-30,P0015,W002,724,740.26965
2024-04-30,P0015,W003,715,714.767
2024-04-30,P0015,W004,964,958.8613
2024-04-30,P0015,W005,389,378.40436
2024-04-30,P0015,W006,345,351.8677
2024-04-30,P0016,W001,503,506.9741
2024-04-30,P0016,W002,384,380.69843
2024-04-30,P0016,W003,402,418.0119
2024-04-30,P0016,W004,572,582.89264
2024-04-30,P0016,W005,579,565.64246
2024-04-30,P0016,W006,601,582.2014
2024-04-30,P0017,W001,465,471.6195
2024-04-30,P0017,W002,1217,1228.5559
2024-04-30,P0017,W003,1049,1023.8332
2024-04-30,P0017,W004,595,591.1945
2024-04-30,P0017,W005,575,572.71234
2024-04-30,P0017,W006,691,690.35046
2024-04-30,P0018,W001,636,626.54395
2024-04-30,P0018,W002,315,323.92508
2024-04-30,P0018,W003,403,413.27487
2024-04-30,P0018,W004,273,266.93683
2024-04-30,P0018,W005,617,611.53046
2024-04-30,P0018,W006,416,405.7088
2024-04-30,P0019,W001,1577,1545.1453
2024-04-30,P0019,W002,1480,1465.7598
2024-04-30,P0019,W003,1063,1086.9733
2024-04-30,P0019,W004,3000,2912.8755
2024-04-30,P0019,W005,1737,1790.0288
2024-04-30,P0019,W006,2517,2522.6575
2024-04-30,P0020,W001,1500,1442.5673
2024-04-30,P0020,W002,1519,1549.2788
2024-04-30,P0020,W003,2021,2007.748
2024-04-30,P0020,W004,1462,1461.2701
2024-04-30,P0020,W005,1969,1994.2163
2024-04-30,P0020,W006,2430,2366.9612
2024-04-30,P0021,W001,1328,1335.6366
2024-04-30,P0021,W002,1613,1574.8969
2024-04-30,P0021,W003,935,931.99603
2024-04-30,P0021,W004,842,829.40924
2024-04-30,P0021,W005,1201,1182.2496
2024-04-30,P0021,W006,1301,1316.4526
2024-04-30,P0022,W001,422,436.01227
2024-04-30,P0022,W002,369,378.24014
2024-04-30,P0022,W003,347,360.5729
2024-04-30,P0022,W004,318,319.40875
2024-04-30,P0022,W005,398,394.35843
2024-04-30,P0022,W006,353,349.38623
2024-04-30,P0023,W001,1940,2003.0126
2024-04-30,P0023,W002,2613,2577.7053
2024-04-30,P0023,W003,955,978.92395
2024-04-30,P0023,W004,2114,2134.131
2024-04-30,P0023,W005,1663,1706.034
2024-04-30,P0023,W006,2028,2030.687
2024-04-30,P0024,W001,1164,1154.3093
2024-04-30,P0024,W002,1249,1234.5159
2024-04-30,P0024,W003,1792,1837.9974
2024-04-30,P0024,W004,2373,2392.3687
2024-04-30,P0024,W005,1671,1675.4498
2024-04-30,P0024,W006,2110,2064.2993
2024-04-30,P0025,W001,782,803.332
2024-04-30,P0025,W002,965,989.3667
2024-04-30,P0025,W003,1802,1747.1205
2024-04-30,P0025,W004,1892,1890.7513
2024-04-30,P0025,W005,2039,2013.4592
2024-04-30,P0025,W006,855,855.2861
2024-04-30,P0026,W001,158,159.95883
2024-04-30,P0026,W002,234,236.74059
2024-04-30,P0026,W003,324,324.52063
2024-04-30,P0026,W004,248,254.18742
2024-04-30,P0026,W005,243,239.49147
2024-04-30,P0026,W006,328,324.45645
2024-04-30,P0027,W001,416,429.92105
2024-04-30,P0027,W002,592,595.7571
2024-04-30,P0027,W003,796,799.13226
2024-04-30,P0027,W004,640,644.61505
2024-04-30,P0027,W005,821,818.84656
2024-04-30,P0027,W006,956,965.30896
2024-04-30,P0028,W001,429,422.40833
2024-04-30,P0028,W002,266,267.7456
2024-04-30,P0028,W003,497,491.2185
2024-04-30,P0028,W004,443,454.44437
2024-04-30,P0028,W005,499,491.64398
2024-04-30,P0028,W006,349,347.01816
2024-04-30,P0029,W001,1262,1284.5295
2024-04-30,P0029,W002,1755,1818.8112
2024-04-30,P0029,W003,1838,1916.3962
2024-04-30,P0029,W004,1306,1396.809
2024-04-30,P0029,W005,2636,2674.493
2024-04-30,P0029,W006,1735,1809.5446
2024-04-30,P0030,W001,441,446.5144
2024-04-30,P0030,W002,1012,1021.7251
2024-04-30,P0030,W003,719,699.9122
2024-04-30,P0030,W004,415,410.28873
2024-04-30,P0030,W005,473,478.7375
2024-04-30,P0030,W006,926,917.11584
2024-04-30,P0031,W001,2479,2400.4846
2024-04-30,P0031,W002,2288,2270.2683
2024-04-30,P0031,W003,1854,1863.9669
2024-04-30,P0031,W004,1728,1744.9542
2024-04-30,P0031,W005,2733,2689.7634
2024-04-30,P0031,W006,1441,1401.7341
2024-04-30,P0032,W001,782,789.5681
2024-04-30,P0032,W002,1102,1179.5216
2024-04-30,P0032,W003,799,775.2279
2024-04-30,P0032,W004,1187,1163.381
2024-04-30,P0032,W005,1266,1287.5253
2024-04-30,P0032,W006,621,612.30133
2024-04-30,P0033,W001,1058,1061.4253
2024-04-30,P0033,W002,1958,2014.2338
2024-04-30,P0033,W003,1793,1733.1183
2024-04-30,P0033,W004,2066,2050.5073
2024-04-30,P0033,W005,1791,1785.7532
2024-04-30,P0033,W006,2252,2304.369
2024-04-30,P0034,W001,448,451.71188
2024-04-30,P0034,W002,186,192.04944
2024-04-30,P0034,W003,155,154.77672
2024-04-30,P0034,W004,287,290.43863
2024-04-30,P0034,W005,335,333.4715
2024-04-30,P0034,W006,310,303.38034
2024-04-30,P0035,W001,307,304.35043
2024-04-30,P0035,W002,257,259.5667
2024-04-30,P0035,W003,359,359.71155
2024-04-30,P0035,W004,380,379.88248
2024-04-30,P0035,W005,231,233.52878
2024-04-30,P0035,W006,476,481.43256
2024-04-30,P0036,W001,548,540.8874
2024-04-30,P0036,W002,714,701.767
2024-04-30,P0036,W003,860,858.7393
2024-04-30,P0036,W004,1423,1387.3462
2024-04-30,P0036,W005,545,544.5935
2024-04-30,P0036,W006,1271,1219.8518
2024-04-30,P0037,W001,1509,1447.714
2024-04-30,P0037,W002,1459,1434.7915
2024-04-30,P0037,W003,1195,1164.041
2024-04-30,P0037,W004,1423,1406.3917
2024-04-30,P0037,W005,764,773.8877
2024-04-30,P0037,W006,588,592.36523
2024-04-30,P0038,W001,813,790.5008
2024-04-30,P0038,W002,1006,991.63837
2024-04-30,P0038,W003,1166,1143.8746
2024-04-30,P0038,W004,932,971.2933
2024-04-30,P0038,W005,1092,1090.5864
2024-04-30,P0038,W006,1305,1322.2893
2024-04-30,P0039,W001,1654,1644.6245
2024-04-30,P0039,W002,1340,1321.451
2024-04-30,P0039,W003,1311,1296.198
2024-04-30,P0039,W004,1466,1512.8967
2024-04-30,P0039,W005,2113,2121.5596
2024-04-30,P0039,W006,1564,1537.0758
2024-04-30,P0040,W001,2374,2388.3252
2024-04-30,P0040,W002,1061,1061.783
2024-04-30,P0040,W003,1045,1070.1681
2024-04-30,P0040,W004,1471,1434.38
2024-04-30,P0040,W005,1814,1794.3613
2024-04-30,P0040,W006,1966,1975.1376
2024-04-30,P0041,W001,1514,1501.1293
2024-04-30,P0041,W002,1348,1361.6844
2024-04-30,P0041,W003,999,1039.7811
2024-04-30,P0041,W004,743,757.05255
2024-04-30,P0041,W005,1063,1047.1858
2024-04-30,P0041,W006,1417,1450.4763
2024-04-30,P0042,W001,785,789.9292
2024-04-30,P0042,W002,1176,1190.4854
2024-04-30,P0042,W003,1129,1154.838
2024-04-30,P0042,W004,1521,1555.5995
2024-04-30,P0042,W005,1414,1382.9617
2024-04-30,P0042,W006,1685,1691.8558
2024-04-30,P0043,W001,1151,1124.6492
2024-04-30,P0043,W002,1566,1564.9369
2024-04-30,P0043,W003,1299,1303.233
2024-04-30,P0043,W004,1227,1223.9098
2024-04-30,P0043,W005,1078,1088.0424
2024-04-30,P0043,W006,935,919.9134
2024-04-30,P0044,W001,381,377.79337
2024-04-30,P0044,W002,266,265.66687
2024-04-30,P0044,W003,351,356.15265
2024-04-30,P0044,W004,289,292.8304
2024-04-30,P0044,W005,429,425.5369
2024-04-30,P0044,W006,267,269.45172
2024-04-30,P0045,W001,2404,2328.7253
2024-04-30,P0045,W002,1107,1101.3125
2024-04-30,P0045,W003,1060,1066.4615
2024-04-30,P0045,W004,1806,1791.5314
2024-04-30,P0045,W005,2287,2352.294
2024-04-30,P0045,W006,2053,2013.6721
2024-04-30,P0046,W001,731,729.4615
2024-04-30,P0046,W002,1424,1428.7505
2024-04-30,P0046,W003,1244,1216.9238
2024-04-30,P0046,W004,717,705.3078
2024-04-30,P0046,W005,1173,1153.5804
2024-04-30,P0046,W006,920,906.97516
2024-04-30,P0047,W001,836,871.9881
2024-04-30,P0047,W002,784,774.6667
2024-04-30,P0047,W003,538,530.78375
2024-04-30,P0047,W004,1107,1103.0706
2024-04-30,P0047,W005,1341,1309.7627
2024-04-30,P0047,W006,540,536.47833
2024-04-30,P0048,W001,1511,1558.7189
2024-04-30,P0048,W002,2907,2917.103
2024-04-30,P0048,W003,1402,1435.9065
2024-04-30,P0048,W004,1583,1624.6602
2024-04-30,P0048,W005,2118,2190.9204
2024-04-30,P0048,W006,1631,1685.7552
2024-04-30,P0049,W001,1466,1434.5581
2024-04-30,P0049,W002,921,905.41064
2024-04-30,P0049,W003,1215,1209.2266
2024-04-30,P0049,W004,1080,1046.6406
2024-04-30,P0049,W005,988,996.8372
2024-04-30,P0049,W006,842,818.88403
2024-04-30,P0050,W001,2670,2705.9697
2024-04-30,P0050,W002,1654,1682.8726
2024-04-30,P0050,W003,1602,1606.0067
2024-04-30,P0050,W004,2282,2310.8738
2024-04-30,P0050,W005,1389,1397.4474
2024-04-30,P0050,W006,2184,2139.2031
2024-04-30,P0051,W001,1234,1238.6722
2024-04-30,P0051,W002,770,763.1695
2024-04-30,P0051,W003,1855,1874.6411
2024-04-30,P0051,W004,1740,1757.0393
2024-04-30,P0051,W005,1030,1072.0868
2024-04-30,P0051,W006,1312,1310.672
2024-04-30,P0052,W001,1478,1478.4174
2024-04-30,P0052,W002,1626,1606.6907
2024-04-30,P0052,W003,1406,1392.0227
2024-04-30,P0052,W004,1811,1879.3505
2024-04-30,P0052,W005,807,814.45746
2024-04-30,P0052,W006,1931,1940.8251
2024-04-30,P0053,W001,805,788.96533
2024-04-30,P0053,W002,576,577.8036
2024-04-30,P0053,W003,434,439.3362
2024-04-30,P0053,W004,543,559.42035
2024-04-30,P0053,W005,493,502.88266
2024-04-30,P0053,W006,871,908.56555
2024-04-30,P0054,W001,1574,1604.0083
2024-04-30,P0054,W002,2944,2853.5547
2024-04-30,P0054,W003,1048,1042.4784
2024-04-30,P0054,W004,2820,2770.6934
2024-04-30,P0054,W005,1721,1699.4093
2024-04-30,P0054,W006,2776,2677.815
2024-04-30,P0055,W001,2152,2240.6558
2024-04-30,P0055,W002,1372,1372.6241
2024-04-30,P0055,W003,1419,1366.3381
2024-04-30,P0055,W004,2025,2039.0122
2024-04-30,P0055,W005,2522,2535.6697
2024-04-30,P0055,W006,1668,1693.6039
2024-04-30,P0056,W001,1159,1159.4342
2024-04-30,P0056,W002,1004,988.47906
2024-04-30,P0056,W003,598,603.6003
2024-04-30,P0056,W004,737,742.7494
2024-04-30,P0056,W005,1470,1461.022
2024-04-30,P0056,W006,774,756.87054
2024-04-30,P0057,W001,2510,2459.5981
2024-04-30,P0057,W002,1362,1352.9072
2024-04-30,P0057,W003,1150,1143.2976
2024-04-30,P0057,W004,2322,2352.4448
2024-04-30,P0057,W005,981,989.98364
2024-04-30,P0057,W006,1809,1762.3234
2024-04-30,P0058,W001,2226,2298.8938
2024-04-30,P0058,W002,2324,2321.8208
2024-04-30,P0058,W003,1270,1270.1459
2024-04-30,P0058,W004,1940,1961.8436
2024-04-30,P0058,W005,1681,1646.26
2024-04-30,P0058,W006,1940,1906.475
2024-04-30,P0059,W001,1082,1066.9425
2024-04-30,P0059,W002,884,918.315
2024-04-30,P0059,W003,605,604.5484
2024-04-30,P0059,W004,824,809.5083
2024-04-30,P0059,W005,1279,1257.8896
2024-04-30,P0059,W006,567,550.304
2024-04-30,P0060,W001,1174,1170.4314
2024-04-30,P0060,W002,1233,1222.4618
2024-04-30,P0060,W003,1213,1209.822
2024-04-30,P0060,W004,2109,2084.0771
2024-04-30,P0060,W005,1387,1377.7339
2024-04-30,P0060,W006,2044,2015.6293
2024-05-31,P0001,W001,434,435.71738
2024-05-31,P0001,W002,1037,1017.39966
2024-05-31,P0001,W003,519,511.7175
2024-05-31,P0001,W004,935,936.2212
2024-05-31,P0001,W005,480,475.40955
2024-05-31,P0001,W006,534,525.2489
2024-05-31,P0002,W001,1150,1117.0381
2024-05-31,P0002,W002,722,713.3089
2024-05-31,P0002,W003,919,922.67456
2024-05-31,P0002,W004,996,991.19775
2024-05-31,P0002,W005,994,971.85925
2024-05-31,P0002,W006,1028,999.3503
2024-05-31,P0003,W001,705,682.3961
2024-05-31,P0003,W002,635,619.6352
2024-05-31,P0003,W003,331,335.783
2024-05-31,P0003,W004,651,639.0619
2024-05-31,P0003,W005,665,656.5437
2024-05-31,P0003,W006,638,632.4178
2024-05-31,P0004,W001,1204,1220.6898
2024-05-31,P0004,W002,2287,2258.1296
2024-05-31,P0004,W003,1894,1851.1486
2024-05-31,P0004,W004,1889,1884.1771
2024-05-31,P0004,W005,2492,2444.0457
2024-05-31,P0004,W006,1514,1539.0516
2024-05-31,P0005,W001,209,223.20612
2024-05-31,P0005,W002,336,354.33734
2024-05-31,P0005,W003,552,561.66754
2024-05-31,P0005,W004,537,570.99445
2024-05-31,P0005,W005,290,306.96115
2024-05-31,P0005,W006,346,357.86414
2024-05-31,P0006,W001,396,395.3784
2024-05-31,P0006,W002,560,552.1322
2024-05-31,P0006,W003,604,593.82166
2024-05-31,P0006,W004,300,304.0436
2024-05-31,P0006,W005,624,600.64386
2024-05-31,P0006,W006,454,455.59424
2024-05-31,P0007,W001,394,385.7882
2024-05-31,P0007,W002,1034,993.82965
2024-05-31,P0007,W003,453,443.77783
2024-05-31,P0007,W004,1026,1028.5754
2024-05-31,P0007,W005,707,719.42395
2024-05-31,P0007,W006,398,391.06125
2024-05-31,P0008,W001,789,769.64594
2024-05-31,P0008,W002,1604,1562.3706
2024-05-31,P0008,W003,973,975.0499
2024-05-31,P0008,W004,894,912.14966
2024-05-31,P0008,W005,934,945.6289
2024-05-31,P0008,W006,1754,1783.9883
2024-05-31,P0009,W001,391,386.88608
2024-05-31,P0009,W002,571,568.5087
2024-05-31,P0009,W003,801,836.4296
2024-05-31,P0009,W004,875,871.5177
2024-05-31,P0009,W005,1072,1077.5962
2024-05-31,P0009,W006,518,522.3726
2024-05-31,P0010,W001,2619,2658.0247
2024-05-31,P0010,W002,1236,1291.6937
2024-05-31,P0010,W003,2620,2642.0786
2024-05-31,P0010,W004,1720,1749.0455
2024-05-31,P0010,W005,2388,2462.239
2024-05-31,P0010,W006,2163,2284.793
2024-05-31,P0011,W001,497,504.0097
2024-05-31,P0011,W002,427,445.23904
2024-05-31,P0011,W003,1044,991.8415
2024-05-31,P0011,W004,444,442.16016
2024-05-31,P0011,W005,423,421.3702
2024-05-31,P0011,W006,844,846.8618
2024-05-31,P0012,W001,735,736.8481
2024-05-31,P0012,W002,745,728.595
2024-05-31,P0012,W003,588,590.9973
2024-05-31,P0012,W004,692,684.51306
2024-05-31,P0012,W005,700,701.21844
2024-05-31,P0012,W006,639,640.3413
2024-05-31,P0013,W001,1027,1030.7258
2024-05-31,P0013,W002,1929,1939.693
2024-05-31,P0013,W003,1846,1793.1399
2024-05-31,P0013,W004,2562,2551.9243
2024-05-31,P0013,W005,1152,1169.6101
2024-05-31,P0013,W006,943,958.3778
2024-05-31,P0014,W001,874,882.8197
2024-05-31,P0014,W002,662,667.4067
2024-05-31,P0014,W003,1093,1057.4946
2024-05-31,P0014,W004,1269,1272.3937
2024-05-31,P0014,W005,1420,1417.8983
2024-05-31,P0014,W006,593,591.7473
2024-05-31,P0015,W001,308,314.04248
2024-05-31,P0015,W002,676,675.35706
2024-05-31,P0015,W003,735,718.77966
2024-05-31,P0015,W004,886,905.9568
2024-05-31,P0015,W005,375,379.0107
2024-05-31,P0015,W006,334,331.89856
2024-05-31,P0016,W001,501,499.27545
2024-05-31,P0016,W002,374,367.14413
2024-05-31,P0016,W003,371,370.57513
2024-05-31,P0016,W004,564,560.2714
2024-05-31,P0016,W005,553,571.89355
2024-05-31,P0016,W006,555,563.9752
2024-05-31,P0017,W001,458,456.6901
2024-05-31,P0017,W002,1175,1161.5874
2024-05-31,P0017,W003,1018,1017.38763
2024-05-31,P0017,W004,546,554.89417
2024-05-31,P0017,W005,549,553.1146
2024-05-31,P0017,W006,661,667.33746
2024-05-31,P0018,W001,629,625.8621
2024-05-31,P0018,W002,322,319.46786
2024-05-31,P0018,W003,430,418.81168
2024-05-31,P0018,W004,262,265.3104
2024-05-31,P0018,W005,583,597.8364
2024-05-31,P0018,W006,390,391.49295
2024-05-31,P0019,W001,1643,1623.7722
2024-05-31,P0019,W002,1422,1440.1409
2024-05-31,P0019,W003,1054,1036.8257
2024-05-31,P0019,W004,2813,2800.5366
2024-05-31,P0019,W005,1737,1741.8252
2024-05-31,P0019,W006,2552,2536.2021
2024-05-31,P0020,W001,1452,1463.6655
2024-05-31,P0020,W002,1425,1450.4325
2024-05-31,P0020,W003,1916,1901.457
2024-05-31,P0020,W004,1419,1426.273
2024-05-31,P0020,W005,2000,1972.5151
2024-05-31,P0020,W006,2531,2455.567
2024-05-31,P0021,W001,1334,1332.1743
2024-05-31,P0021,W002,1545,1514.2157
2024-05-31,P0021,W003,838,861.2505
2024-05-31,P0021,W004,864,864.97394
2024-05-31,P0021,W005,1255,1218.1536
2024-05-31,P0021,W006,1260,1267.2046
2024-05-31,P0022,W001,420,411.72482
2024-05-31,P0022,W002,381,361.86887
2024-05-31,P0022,W003,354,342.24136
2024-05-31,P0022,W004,293,296.72214
2024-05-31,P0022,W005,363,359.04816
2024-05-31,P0022,W006,346,346.5786
2024-05-31,P0023,W001,1920,1891.0138
2024-05-31,P0023,W002,2469,2474.9917
2024-05-31,P0023,W003,1013,990.8303
2024-05-31,P0023,W004,2166,2114.229
2024-05-31,P0023,W005,1602,1582.6794
2024-05-31,P0023,W006,2026,2016.0547
2024-05-31,P0024,W001,1070,1114.9741
2024-05-31,P0024,W002,1167,1186.6351
2024-05-31,P0024,W003,1710,1677.2999
2024-05-31,P0024,W004,2302,2323.6055
2024-05-31,P0024,W005,1633,1635.3567
2024-05-31,P0024,W006,2085,2121.0217
2024-05-31,P0025,W001,811,786.5561
2024-05-31,P0025,W002,986,981.26917
2024-05-31,P0025,W003,1623,1654.6741
2024-05-31,P0025,W004,1878,1846.3528
2024-05-31,P0025,W005,1947,1968.7987
2024-05-31,P0025,W006,833,843.363
2024-05-31,P0026,W001,151,156.87921
2024-05-31,P0026,W002,247,243.9555
2024-05-31,P0026,W003,315,314.31503
2024-05-31,P0026,W004,240,243.55086
2024-05-31,P0026,W005,239,245.61334
2024-05-31,P0026,W006,325,328.15424
2024-05-31,P0027,W001,435,424.91962
2024-05-31,P0027,W002,577,578.1293
2024-05-31,P0027,W003,782,776.6805
2024-05-31,P0027,W004,639,630.2943
2024-05-31,P0027,W005,830,820.39703
2024-05-31,P0027,W006,916,916.30756
2024-05-31,P0028,W001,443,436.40048
2024-05-31,P0028,W002,240,244.47495
2024-05-31,P0028,W003,472,473.3532
2024-05-31,P0028,W004,427,428.795
2024-05-31,P0028,W005,464,470.41998
2024-05-31,P0028,W006,337,338.48953
2024-05-31,P0029,W001,1300,1315.7318
2024-05-31,P0029,W002,1658,1669.0839
2024-05-31,P0029,W003,1854,1797.7378
2024-05-31,P0029,W004,1198,1245.5435
2024-05-31,P0029,W005,2558,2513.8137
2024-05-31,P0029,W006,1575,1624.5267
2024-05-31,P0030,W001,442,438.23425
2024-05-31,P0030,W002,978,982.22345
2024-05-31,P0030,W003,748,741.0991
2024-05-31,P0030,W004,417,411.21396
2024-05-31,P0030,W005,487,484.57947
2024-05-31,P0030,W006,891,903.94385
2024-05-31,P0031,W001,2390,2389.8127
2024-05-31,P0031,W002,2211,2217.8752
2024-05-31,P0031,W003,1696,1684.5853
2024-05-31,P0031,W004,1653,1713.7008
2024-05-31,P0031,W005,2595,2611.706
2024-05-31,P0031,W006,1398,1390.4062
2024-05-31,P0032,W001,806,783.5012
2024-05-31,P0032,W002,1096,1069.1068
2024-05-31,P0032,W003,757,766.7783
2024-05-31,P0032,W004,1117,1130.4963
2024-05-31,P0032,W005,1286,1262.8292
2024-05-31,P0032,W006,611,611.7706
2024-05-31,P0033,W001,1057,1060.3021
2024-05-31,P0033,W002,1869,1799.411
2024-05-31,P0033,W003,1623,1645.5669
2024-05-31,P0033,W004,1920,1963.2476
2024-05-31,P0033,W005,1683,1688.2216
2024-05-31,P0033,W006,2095,2127.7644
2024-05-31,P0034,W001,430,429.23618
2024-05-31,P0034,W002,162,170.01196
2024-05-31,P0034,W003,157,157.23846
2024-05-31,P0034,W004,263,261.39566
2024-05-31,P0034,W005,308,311.5243
2024-05-31,P0034,W006,321,325.17236
2024-05-31,P0035,W001,293,291.44595
2024-05-31,P0035,W002,253,249.70146
2024-05-31,P0035,W003,366,355.51642
2024-05-31,P0035,W004,372,372.39563
2024-05-31,P0035,W005,208,216.55916
2024-05-31,P0035,W006,471,468.3731
2024-05-31,P0036,W001,529,527.85864
2024-05-31,P0036,W002,706,709.3157
2024-05-31,P0036,W003,871,866.0837
2024-05-31,P0036,W004,1303,1328.366
2024-05-31,P0036,W005,560,544.25
2024-05-31,P0036,W006,1281,1269.7086
2024-05-31,P0037,W001,1429,1443.9331
2024-05-31,P0037,W002,1517,1463.2908
2024-05-31,P0037,W003,1131,1141.2046
2024-05-31,P0037,W004,1369,1374.515
2024-05-31,P0037,W005,747,751.18005
2024-05-31,P0037,W006,582,575.2385
2024-05-31,P0038,W001,769,784.5603
2024-05-31,P0038,W002,974,979.9537
2024-05-31,P0038,W003,1096,1084.7314
2024-05-31,P0038,W004,932,914.0601
2024-05-31,P0038,W005,1066,1058.951
2024-05-31,P0038,W006,1350,1323.8428
2024-05-31,P0039,W001,1657,1658.7308
2024-05-31,P0039,W002,1330,1320.0822
2024-05-31,P0039,W003,1339,1327.5618
2024-05-31,P0039,W004,1376,1401.5093
2024-05-31,P0039,W005,2070,2059.6067
2024-05-31,P0039,W006,1536,1536.2048
2024-05-31,P0040,W001,2318,2330.5386
2024-05-31,P0040,W002,1039,1027.2567
2024-05-31,P0040,W003,1029,1013.2237
2024-05-31,P0040,W004,1429,1431.3759
2024-05-31,P0040,W005,1694,1696.0062
2024-05-31,P0040,W006,1907,1895.8798
2024-05-31,P0041,W001,1477,1449.1882
2024-05-31,P0041,W002,1296,1303.0356
2024-05-31,P0041,W003,975,946.55444
2024-05-31,P0041,W004,736,718.17664
2024-05-31,P0041,W005,932,956.02826
2024-05-31,P0041,W006,1374,1362.7286
2024-05-31,P0042,W001,772,764.2945
2024-05-31,P0042,W002,1205,1167.9658
2024-05-31,P0042,W003,1069,1075.8
2024-05-31,P0042,W004,1333,1392.0634
2024-05-31,P0042,W005,1370,1374.8412
2024-05-31,P0042,W006,1680,1654.533
2024-05-31,P0043,W001,1169,1144.9473
2024-05-31,P0043,W002,1567,1518.0542
2024-05-31,P0043,W003,1288,1267.2467
2024-05-31,P0043,W004,1173,1174.279
2024-05-31,P0043,W005,1055,1050.1785
2024-05-31,P0043,W006,869,865.6555
2024-05-31,P0044,W001,369,369.6776
2024-05-31,P0044,W002,253,255.73883
2024-05-31,P0044,W003,341,333.09015
2024-05-31,P0044,W004,267,269.40622
2024-05-31,P0044,W005,414,409.67496
2024-05-31,P0044,W006,261,258.3652
2024-05-31,P0045,W001,2736,2714.1318
2024-05-31,P0045,W002,1175,1209.044
2024-05-31,P0045,W003,1213,1183.7875
2024-05-31,P0045,W004,2027,2020.901
2024-05-31,P0045,W005,2592,2593.9844
2024-05-31,P0045,W006,2396,2391.656
2024-05-31,P0046,W001,724,721.4243
2024-05-31,P0046,W002,1370,1353.3185
2024-05-31,P0046,W003,1157,1145.8733
2024-05-31,P0046,W004,659,676.00354
2024-05-31,P0046,W005,1106,1091.0991
2024-05-31,P0046,W006,910,906.24603
2024-05-31,P0047,W001,887,843.60675
2024-05-31,P0047,W002,776,764.53973
2024-05-31,P0047,W003,550,529.86035
2024-05-31,P0047,W004,1058,1065.29
2024-05-31,P0047,W005,1290,1297.6875
2024-05-31,P0047,W006,481,491.74875
2024-05-31,P0048,W001,1336,1358.1962
2024-05-31,P0048,W002,2724,2688.281
2024-05-31,P0048,W003,1270,1266.0004
2024-05-31,P0048,W004,1390,1449.4937
2024-05-31,P0048,W005,2106,2027.378
2024-05-31,P0048,W006,1519,1540.5879
2024-05-31,P0049,W001,1715,1742.3447
2024-05-31,P0049,W002,1038,1114.3291
2024-05-31,P0049,W003,1416,1443.5205
2024-05-31,P0049,W004,1211,1228.405
2024-05-31,P0049,W005,1206,1224.4105
2024-05-31,P0049,W006,991,1034.1775
2024-05-31,P0050,W001,2738,2674.7043
2024-05-31,P0050,W002,1639,1615.051
2024-05-31,P0050,W003,1564,1549.3473
2024-05-31,P0050,W004,2267,2298.6716
2024-05-31,P0050,W005,1396,1369.3251
2024-05-31,P0050,W006,2064,2135.1567
2024-05-31,P0051,W001,1163,1191.0085
2024-05-31,P0051,W002,725,722.80786
2024-05-31,P0051,W003,1859,1848.2803
2024-05-31,P0051,W004,1728,1726.7806
2024-05-31,P0051,W005,966,969.6975
2024-05-31,P0051,W006,1173,1222.212
2024-05-31,P0052,W001,1432,1460.8057
2024-05-31,P0052,W002,1591,1574.5342
2024-05-31,P0052,W003,1429,1376.781
2024-05-31,P0052,W004,1773,1738.5312
2024-05-31,P0052,W005,812,805.6442
2024-05-31,P0052,W006,1893,1905.8379
2024-05-31,P0053,W001,743,753.4211
2024-05-31,P0053,W002,584,575.2216
2024-05-31,P0053,W003,408,419.04605
2024-05-31,P0053,W004,516,517.69446
2024-05-31,P0053,W005,453,449.50632
2024-05-31,P0053,W006,844,843.3228
2024-05-31,P0054,W001,1701,1722.1826
2024-05-31,P0054,W002,3141,3037.2288
2024-05-31,P0054,W003,1117,1138.2843
2024-05-31,P0054,W004,2969,2950.011
2024-05-31,P0054,W005,1730,1828.63
2024-05-31,P0054,W006,2919,2921.5627
2024-05-31,P0055,W001,2245,2181.4668
2024-05-31,P0055,W002,1369,1357.5758
2024-05-31,P0055,W003,1296,1310.9519
2024-05-31,P0055,W004,1924,1954.7567
2024-05-31,P0055,W005,2525,2459.9922
2024-05-31,P0055,W006,1710,1684.4011
2024-05-31,P0056,W001,1177,1151.4032
2024-05-31,P0056,W002,1015,1003.4043
2024-05-31,P0056,W003,605,611.6431
2024-05-31,P0056,W004,761,762.7306
2024-05-31,P0056,W005,1542,1505.3922
2024-05-31,P0056,W006,857,844.3248
2024-05-31,P0057,W001,2891,2879.2974
2024-05-31,P0057,W002,1525,1536.5292
2024-05-31,P0057,W003,1366,1359.8677
2024-05-31,P0057,W004,2883,2868.0225
2024-05-31,P0057,W005,1147,1130.6278
2024-05-31,P0057,W006,2060,2080.6206
2024-05-31,P0058,W001,2328,2255.0813
2024-05-31,P0058,W002,2180,2160.6792
2024-05-31,P0058,W003,1281,1234.681
2024-05-31,P0058,W004,1890,1904.4417
2024-05-31,P0058,W005,1615,1627.0485
2024-05-31,P0058,W006,1898,1926.2821
2024-05-31,P0059,W001,1017,1047.7308
2024-05-31,P0059,W002,850,845.0331
2024-05-31,P0059,W003,623,601.2997
2024-05-31,P0059,W004,785,794.44336
2024-05-31,P0059,W005,1225,1246.5337
2024-05-31,P0059,W006,521,532.60675
2024-05-31,P0060,W001,1106,1124.472
2024-05-31,P0060,W002,1230,1202.8334
2024-05-31,P0060,W003,1196,1201.1699
2024-05-31,P0060,W004,2040,2050.1904
2024-05-31,P0060,W005,1342,1340.5685
2024-05-31,P0060,W006,2028,2026.6083
2024-06-30,P0001,W001,370,370.28036
2024-06-30,P0001,W002,902,900.72705
2024-06-30,P0001,W003,473,474.8768
2024-06-30,P0001,W004,823,816.56
2024-06-30,P0001,W005,401,411.43112
2024-06-30,P0001,W006,468,465.81378
2024-06-30,P0002,W001,938,959.63525
2024-06-30,P0002,W002,618,622.74695
2024-06-30,P0002,W003,856,826.26886
2024-06-30,P0002,W004,918,908.748
2024-06-30,P0002,W005,844,856.14557
2024-06-30,P0002,W006,879,882.8717
2024-06-30,P0003,W001,612,615.873
2024-06-30,P0003,W002,559,555.02795
2024-06-30,P0003,W003,292,289.57077
2024-06-30,P0003,W004,544,554.33594
2024-06-30,P0003,W005,579,582.7035
2024-06-30,P0003,W006,568,563.0558
2024-06-30,P0004,W001,1121,1161.2649
2024-06-30,P0004,W002,2235,2238.3003
2024-06-30,P0004,W003,1927,1903.6952
2024-06-30,P0004,W004,1931,1873.7084
2024-06-30,P0004,W005,2416,2420.1929
2024-06-30,P0004,W006,1526,1526.372
2024-06-30,P0005,W001,177,184.81221
2024-06-30,P0005,W002,279,279.79822
2024-06-30,P0005,W003,465,474.9617
2024-06-30,P0005,W004,446,438.11694
2024-06-30,P0005,W005,252,248.02994
2024-06-30,P0005,W006,296,289.5096
2024-06-30,P0006,W001,344,341.20645
2024-06-30,P0006,W002,462,468.47562
2024-06-30,P0006,W003,502,513.1293
2024-06-30,P0006,W004,260,258.36737
2024-06-30,P0006,W005,569,565.8661
2024-06-30,P0006,W006,411,406.206
2024-06-30,P0007,W001,343,344.07428
2024-06-30,P0007,W002,851,879.8824
2024-06-30,P0007,W003,376,380.96283
2024-06-30,P0007,W004,923,921.8635
2024-06-30,P0007,W005,617,615.01746
2024-06-30,P0007,W006,350,354.97678
2024-06-30,P0008,W001,661,691.7648
2024-06-30,P0008,W002,1378,1391.7751
2024-06-30,P0008,W003,860,861.5914
2024-06-30,P0008,W004,804,795.517
2024-06-30,P0008,W005,817,831.30176
2024-06-30,P0008,W006,1612,1600.5585
2024-06-30,P0009,W001,383,376.88666
2024-06-30,P0009,W002,507,508.07324
2024-06-30,P0009,W003,673,676.1542
2024-06-30,P0009,W004,731,735.76794
2024-06-30,P0009,W005,959,945.2394
2024-06-30,P0009,W006,422,423.89554
2024-06-30,P0010,W001,2292,2234.1123
2024-06-30,P0010,W002,1007,1010.7856
2024-06-30,P0010,W003,2380,2336.7378
2024-06-30,P0010,W004,1565,1548.2035
2024-06-30,P0010,W005,2056,2039.5106
2024-06-30,P0010,W006,1995,1944.8285
2024-06-30,P0011,W001,445,434.48145
2024-06-30,P0011,W002,386,385.9278
2024-06-30,P0011,W003,892,904.55994
2024-06-30,P0011,W004,376,384.52222
2024-06-30,P0011,W005,372,378.39783
2024-06-30,P0011,W006,742,741.17175
2024-06-30,P0012,W001,670,670.8089
2024-06-30,P0012,W002,634,645.65784
2024-06-30,P0012,W003,508,507.83633
2024-06-30,P0012,W004,623,613.2309
2024-06-30,P0012,W005,642,639.1209
2024-06-30,P0012,W006,585,575.4968
2024-06-30,P0013,W001,940,925.0671
2024-06-30,P0013,W002,1695,1695.9006
2024-06-30,P0013,W003,1516,1591.4858
2024-06-30,P0013,W004,2173,2179.724
2024-06-30,P0013,W005,986,1006.8903
2024-06-30,P0013,W006,800,806.66205
2024-06-30,P0014,W001,780,828.1422
2024-06-30,P0014,W002,610,622.2966
2024-06-30,P0014,W003,951,1010.412
2024-06-30,P0014,W004,1095,1166.3373
2024-06-30,P0014,W005,1180,1256.7894
2024-06-30,P0014,W006,537,556.9903
2024-06-30,P0015,W001,289,285.9436
2024-06-30,P0015,W002,605,598.27625
2024-06-30,P0015,W003,634,637.879
2024-06-30,P0015,W004,798,789.2896
2024-06-30,P0015,W005,322,320.4819
2024-06-30,P0015,W006,297,297.82892
2024-06-30,P0016,W001,439,427.5297
2024-06-30,P0016,W002,327,329.50833
2024-06-30,P0016,W003,349,340.49875
2024-06-30,P0016,W004,501,496.17023
2024-06-30,P0016,W005,496,485.3022
2024-06-30,P0016,W006,494,494.29834
2024-06-30,P0017,W001,415,410.25064
2024-06-30,P0017,W002,1028,1022.81726
2024-06-30,P0017,W003,932,929.14777
2024-06-30,P0017,W004,523,503.6473
2024-06-30,P0017,W005,467,467.88464
2024-06-30,P0017,W006,572,558.5202
2024-06-30,P0018,W001,563,556.50305
2024-06-30,P0018,W002,287,284.6377
2024-06-30,P0018,W003,365,371.10892
2024-06-30,P0018,W004,244,231.73782
2024-06-30,P0018,W005,540,529.0327
2024-06-30,P0018,W006,341,346.8323
2024-06-30,P0019,W001,1432,1431.8994
2024-06-30,P0019,W002,1162,1156.4613
2024-06-30,P0019,W003,917,917.7412
2024-06-30,P0019,W004,2453,2398.1367
2024-06-30,P0019,W005,1486,1499.8938
2024-06-30,P0019,W006,2242,2207.3928
2024-06-30,P0020,W001,1253,1262.699
2024-06-30,P0020,W002,1343,1292.2894
2024-06-30,P0020,W003,1719,1696.3699
2024-06-30,P0020,W004,1233,1228.5321
2024-06-30,P0020,W005,1680,1722.776
2024-06-30,P0020,W006,2055,2085.5562
2024-06-30,P0021,W001,1132,1131.7021
2024-06-30,P0021,W002,1368,1335.9785
2024-06-30,P0021,W003,764,752.8511
2024-06-30,P0021,W004,724,728.51605
2024-06-30,P0021,W005,1130,1099.4465
2024-06-30,P0021,W006,1081,1097.122
2024-06-30,P0022,W001,357,355.50208
2024-06-30,P0022,W002,332,330.39447
2024-06-30,P0022,W003,310,312.89767
2024-06-30,P0022,W004,261,258.85568
2024-06-30,P0022,W005,332,332.45633
2024-06-30,P0022,W006,298,300.86444
2024-06-30,P0023,W001,1670,1696.9541
2024-06-30,P0023,W002,2240,2144.655
2024-06-30,P0023,W003,876,894.1826
2024-06-30,P0023,W004,1812,1864.7947
2024-06-30,P0023,W005,1481,1462.2274
2024-06-30,P0023,W006,1816,1810.6268
2024-06-30,P0024,W001,1038,992.64966
2024-06-30,P0024,W002,1137,1098.7162
2024-06-30,P0024,W003,1493,1514.4994
2024-06-30,P0024,W004,1904,1915.5497
2024-06-30,P0024,W005,1394,1388.3984
2024-06-30,P0024,W006,1822,1798.4397
2024-06-30,P0025,W001,720,718.5064
2024-06-30,P0025,W002,859,847.54877
2024-06-30,P0025,W003,1503,1480.3564
2024-06-30,P0025,W004,1654,1661.1378
2024-06-30,P0025,W005,1732,1721.9282
2024-06-30,P0025,W006,713,712.8047
2024-06-30,P0026,W001,135,141.0107
2024-06-30,P0026,W002,212,212.15134
2024-06-30,P0026,W003,287,284.305
2024-06-30,P0026,W004,210,204.69325
2024-06-30,P0026,W005,217,216.18347
2024-06-30,P0026,W006,278,271.6593
2024-06-30,P0027,W001,379,373.57642
2024-06-30,P0027,W002,532,523.02466
2024-06-30,P0027,W003,713,701.31995
2024-06-30,P0027,W004,551,548.7809
2024-06-30,P0027,W005,681,695.457
2024-06-30,P0027,W006,845,845.8296
2024-06-30,P0028,W001,369,373.25406
2024-06-30,P0028,W002,213,210.2973
2024-06-30,P0028,W003,433,429.77567
2024-06-30,P0028,W004,389,369.72458
2024-06-30,P0028,W005,444,427.50165
2024-06-30,P0028,W006,287,290.229
2024-06-30,P0029,W001,1232,1277.2853
2024-06-30,P0029,W002,1717,1703.7812
2024-06-30,P0029,W003,1907,1850.9834
2024-06-30,P0029,W004,1129,1160.4412
2024-06-30,P0029,W005,2515,2524.5576
2024-06-30,P0029,W006,1737,1702.73
2024-06-30,P0030,W001,396,389.90845
2024-06-30,P0030,W002,860,842.4894
2024-06-30,P0030,W003,612,626.80426
2024-06-30,P0030,W004,359,370.15146
2024-06-30,P0030,W005,429,425.97263
2024-06-30,P0030,W006,758,769.71
2024-06-30,P0031,W001,2147,2115.7317
2024-06-30,P0031,W002,1879,1909.8691
2024-06-30,P0031,W003,1542,1540.3143
2024-06-30,P0031,W004,1522,1469.0581
2024-06-30,P0031,W005,2377,2321.579
2024-06-30,P0031,W006,1193,1220.6864
2024-06-30,P0032,W001,664,679.6755
2024-06-30,P0032,W002,997,967.8021
2024-06-30,P0032,W003,633,642.77594
2024-06-30,P0032,W004,980,967.9517
2024-06-30,P0032,W005,1049,1072.3636
2024-06-30,P0032,W006,501,516.285
2024-06-30,P0033,W001,868,876.66
2024-06-30,P0033,W002,1765,1743.4137
2024-06-30,P0033,W003,1560,1547.9274
2024-06-30,P0033,W004,1806,1758.685
2024-06-30,P0033,W005,1555,1584.5598
2024-06-30,P0033,W006,2036,1983.0085
2024-06-30,P0034,W001,379,379.89316
2024-06-30,P0034,W002,162,158.30211
2024-06-30,P0034,W003,128,133.8483
2024-06-30,P0034,W004,242,239.8259
2024-06-30,P0034,W005,283,278.10986
2024-06-30,P0034,W006,260,259.2572
2024-06-30,P0035,W001,270,267.5255
2024-06-30,P0035,W002,222,223.61697
2024-06-30,P0035,W003,306,312.4192
2024-06-30,P0035,W004,331,329.38162
2024-06-30,P0035,W005,198,193.20001
2024-06-30,P0035,W006,408,403.30942
2024-06-30,P0036,W001,467,470.96506
2024-06-30,P0036,W002,591,601.1714
2024-06-30,P0036,W003,779,769.19763
2024-06-30,P0036,W004,1141,1123.7645
2024-06-30,P0036,W005,485,496.50226
2024-06-30,P0036,W006,1066,1083.459
2024-06-30,P0037,W001,1313,1291.809
2024-06-30,P0037,W002,1296,1297.0199
2024-06-30,P0037,W003,1001,984.8636
2024-06-30,P0037,W004,1191,1184.8477
2024-06-30,P0037,W005,705,684.0854
2024-06-30,P0037,W006,499,499.0196
2024-06-30,P0038,W001,676,673.4279
2024-06-30,P0038,W002,870,863.2346
2024-06-30,P0038,W003,983,983.56555
2024-06-30,P0038,W004,785,792.4596
2024-06-30,P0038,W005,885,898.0017
2024-06-30,P0038,W006,1211,1197.9396
2024-06-30,P0039,W001,1443,1496.0404
2024-06-30,P0039,W002,1141,1136.7091
2024-06-30,P0039,W003,1162,1165.0603
2024-06-30,P0039,W004,1237,1212.8416
2024-06-30,P0039,W005,1874,1841.9149
2024-06-30,P0039,W006,1344,1347.9023
2024-06-30,P0040,W001,2048,2015.1465
2024-06-30,P0040,W002,921,894.24866
2024-06-30,P0040,W003,854,872.2872
2024-06-30,P0040,W004,1225,1235.7316
2024-06-30,P0040,W005,1613,1586.6595
2024-06-30,P0040,W006,1730,1717.1293
2024-06-30,P0041,W001,1410,1398.3175
2024-06-30,P0041,W002,1187,1184.8326
2024-06-30,P0041,W003,942,939.03925
2024-06-30,P0041,W004,718,720.99493
2024-06-30,P0041,W005,961,939.3996
2024-06-30,P0041,W006,1345,1352.2201
2024-06-30,P0042,W001,644,662.7987
2024-06-30,P0042,W002,1048,1059.4131
2024-06-30,P0042,W003,1026,994.6442
2024-06-30,P0042,W004,1220,1184.7655
2024-06-30,P0042,W005,1232,1207.3856
2024-06-30,P0042,W006,1464,1489.3225
2024-06-30,P0043,W001,954,980.1556
2024-06-30,P0043,W002,1472,1425.5033
2024-06-30,P0043,W003,1200,1163.5197
2024-06-30,P0043,W004,1004,990.4565
2024-06-30,P0043,W005,963,950.29016
2024-06-30,P0043,W006,751,752.1037
2024-06-30,P0044,W001,333,330.25565
2024-06-30,P0044,W002,224,222.86247
2024-06-30,P0044,W003,292,293.45886
2024-06-30,P0044,W004,243,240.06905
2024-06-30,P0044,W005,350,351.35193
2024-06-30,P0044,W006,222,221.91147
2024-06-30,P0045,W001,2085,2091.582
2024-06-30,P0045,W002,888,893.34625
2024-06-30,P0045,W003,944,926.01654
2024-06-30,P0045,W004,1412,1465.7971
2024-06-30,P0045,W005,2046,2033.6785
2024-06-30,P0045,W006,1867,1938.9932
2024-06-30,P0046,W001,615,611.59064
2024-06-30,P0046,W002,1254,1231.9579
2024-06-30,P0046,W003,1018,1013.4772
2024-06-30,P0046,W004,610,586.53046
2024-06-30,P0046,W005,993,1008.4089
2024-06-30,P0046,W006,747,771.48926
2024-06-30,P0047,W001,729,740.10345
2024-06-30,P0047,W002,660,667.01953
2024-06-30,P0047,W003,490,495.98816
2024-06-30,P0047,W004,938,915.16815
2024-06-30,P0047,W005,1104,1108.4224
2024-06-30,P0047,W006,440,434.8863
2024-06-30,P0048,W001,1232,1200.9926
2024-06-30,P0048,W002,2489,2400.607
2024-06-30,P0048,W003,1143,1141.7996
2024-06-30,P0048,W004,1223,1200.6409
2024-06-30,P0048,W005,1803,1803.003
2024-06-30,P0048,W006,1329,1307.8541
2024-06-30,P0049,W001,1229,1265.7104
2024-06-30,P0049,W002,737,776.3087
2024-06-30,P0049,W003,1051,1076.1956
2024-06-30,P0049,W004,879,876.1665
2024-06-30,P0049,W005,830,872.45215
2024-06-30,P0049,W006,752,766.2123
2024-06-30,P0050,W001,2230,2257.9602
2024-06-30,P0050,W002,1461,1435.1024
2024-06-30,P0050,W003,1353,1360.2139
2024-06-30,P0050,W004,1876,1871.4954
2024-06-30,P0050,W005,1175,1183.277
2024-06-30,P0050,W006,1836,1803.7352
2024-06-30,P0051,W001,1040,1025.77
2024-06-30,P0051,W002,617,625.4264
2024-06-30,P0051,W003,1647,1620.4581
2024-06-30,P0051,W004,1527,1505.881
2024-06-30,P0051,W005,880,894.1687
2024-06-30,P0051,W006,1061,1040.775
2024-06-30,P0052,W001,1227,1226.8606
2024-06-30,P0052,W002,1369,1389.306
2024-06-30,P0052,W003,1218,1241.6172
2024-06-30,P0052,W004,1568,1566.8829
2024-06-30,P0052,W005,686,694.91254
2024-06-30,P0052,W006,1702,1674.8938
2024-06-30,P0053,W001,628,642.1866
2024-06-30,P0053,W002,515,512.96027
2024-06-30,P0053,W003,363,353.0962
2024-06-30,P0053,W004,448,442.96024
2024-06-30,P0053,W005,385,398.35287
2024-06-30,P0053,W006,711,706.21545
2024-06-30,P0054,W001,1368,1333.4578
2024-06-30,P0054,W002,2448,2433.4722
2024-06-30,P0054,W003,908,922.9263
2024-06-30,P0054,W004,2198,2223.2017
2024-06-30,P0054,W005,1499,1500.9741
2024-06-30,P0054,W006,2450,2412.6438
2024-06-30,P0055,W001,1974,2023.9294
2024-06-30,P0055,W002,1156,1183.1261
2024-06-30,P0055,W003,1193,1180.1879
2024-06-30,P0055,W004,1675,1668.4641
2024-06-30,P0055,W005,2111,2157.1108
2024-06-30,P0055,W006,1571,1564.9644
2024-06-30,P0056,W001,986,1032.4585
2024-06-30,P0056,W002,832,868.5837
2024-06-30,P0056,W003,487,507.96255
2024-06-30,P0056,W004,626,644.5851
2024-06-30,P0056,W005,1270,1302.041
2024-06-30,P0056,W006,688,726.7801
2024-06-30,P0057,W001,2304,2308.0242
2024-06-30,P0057,W002,1356,1448.0122
2024-06-30,P0057,W003,996,1122.6305
2024-06-30,P0057,W004,2277,2251.9546
2024-06-30,P0057,W005,948,1067.3589
2024-06-30,P0057,W006,1694,1785.9576
2024-06-30,P0058,W001,1876,1933.3102
2024-06-30,P0058,W002,1987,1932.2396
2024-06-30,P0058,W003,1119,1139.275
2024-06-30,P0058,W004,1673,1646.6913
2024-06-30,P0058,W005,1473,1483.3867
2024-06-30,P0058,W006,1656,1641.931
2024-06-30,P0059,W001,905,896.17487
2024-06-30,P0059,W002,775,771.48035
2024-06-30,P0059,W003,581,569.1954
2024-06-30,P0059,W004,717,713.4602
2024-06-30,P0059,W005,1059,1069.4427
2024-06-30,P0059,W006,475,458.4761
2024-06-30,P0060,W001,960,980.4652
2024-06-30,P0060,W002,1039,1050.2245
2024-06-30,P0060,W003,1082,1053.4398
2024-06-30,P0060,W004,1730,1729.8578
2024-06-30,P0060,W005,1257,1245.8812
2024-06-30,P0060,W006,1744,1780.1014
2024-07-31,P0001,W001,323,322.2072
2024-07-31,P0001,W002,794,796.1021
2024-07-31,P0001,W003,419,410.1754
2024-07-31,P0001,W004,736,736.58466
2024-07-31,P0001,W005,346,346.39395
2024-07-31,P0001,W006,394,400.48657
2024-07-31,P0002,W001,829,833.90765
2024-07-31,P0002,W002,546,538.3301
2024-07-31,P0002,W003,712,732.0771
2024-07-31,P0002,W004,772,783.60876
2024-07-31,P0002,W005,752,763.5939
2024-07-31,P0002,W006,752,760.28143
2024-07-31,P0003,W001,535,535.8815
2024-07-31,P0003,W002,506,508.96512
2024-07-31,P0003,W003,255,253.1818
2024-07-31,P0003,W004,491,478.38715
2024-07-31,P0003,W005,521,515.68494
2024-07-31,P0003,W006,512,513.5214
2024-07-31,P0004,W001,866,912.826
2024-07-31,P0004,W002,1744,1786.49
2024-07-31,P0004,W003,1431,1453.6273
2024-07-31,P0004,W004,1493,1573.5289
2024-07-31,P0004,W005,1890,1968.999
2024-07-31,P0004,W006,1213,1229.78
2024-07-31,P0005,W001,151,147.6349
2024-07-31,P0005,W002,254,254.74931
2024-07-31,P0005,W003,403,398.06177
2024-07-31,P0005,W004,389,391.24826
2024-07-31,P0005,W005,234,232.28845
2024-07-31,P0005,W006,248,251.10489
2024-07-31,P0006,W001,294,291.20883
2024-07-31,P0006,W002,401,394.5532
2024-07-31,P0006,W003,461,445.88583
2024-07-31,P0006,W004,230,226.81668
2024-07-31,P0006,W005,475,483.51062
2024-07-31,P0006,W006,340,346.29205
2024-07-31,P0007,W001,306,303.77164
2024-07-31,P0007,W002,765,760.1391
2024-07-31,P0007,W003,341,336.51834
2024-07-31,P0007,W004,793,801.0107
2024-07-31,P0007,W005,549,551.00146
2024-07-31,P0007,W006,291,287.58258
2024-07-31,P0008,W001,602,601.09503
2024-07-31,P0008,W002,1244,1219.9253
2024-07-31,P0008,W003,734,735.4063
2024-07-31,P0008,W004,695,710.25397
2024-07-31,P0008,W005,716,714.726
2024-07-31,P0008,W006,1387,1385.483
2024-07-31,P0009,W001,310,313.81604
2024-07-31,P0009,W002,436,435.1157
2024-07-31,P0009,W003,651,631.6757
2024-07-31,P0009,W004,652,654.21735
2024-07-31,P0009,W005,862,864.1058
2024-07-31,P0009,W006,369,370.32922
2024-07-31,P0010,W001,2051,2136.795
2024-07-31,P0010,W002,1080,1083.607
2024-07-31,P0010,W003,2248,2219.5002
2024-07-31,P0010,W004,1371,1475.9714
2024-07-31,P0010,W005,1974,2046.4152
2024-07-31,P0010,W006,1891,1951.1606
2024-07-31,P0011,W001,403,407.79294
2024-07-31,P0011,W002,357,351.25726
2024-07-31,P0011,W003,739,766.4974
2024-07-31,P0011,W004,334,331.59247
2024-07-31,P0011,W005,359,351.8572
2024-07-31,P0011,W006,662,667.6439
2024-07-31,P0012,W001,558,564.9301
2024-07-31,P0012,W002,542,563.45917
2024-07-31,P0012,W003,469,458.17438
2024-07-31,P0012,W004,550,555.7627
2024-07-31,P0012,W005,532,545.18146
2024-07-31,P0012,W006,502,503.39233
2024-07-31,P0013,W001,822,833.4371
2024-07-31,P0013,W002,1506,1488.1907
2024-07-31,P0013,W003,1371,1332.5638
2024-07-31,P0013,W004,1944,1943.3408
2024-07-31,P0013,W005,868,868.9103
2024-07-31,P0013,W006,703,717.24646
2024-07-31,P0014,W001,630,629.3265
2024-07-31,P0014,W002,486,503.49902
2024-07-31,P0014,W003,797,802.10614
2024-07-31,P0014,W004,961,942.37476
2024-07-31,P0014,W005,1055,1027.3751
2024-07-31,P0014,W006,437,445.011
2024-07-31,P0015,W001,236,237.5495
2024-07-31,P0015,W002,536,537.57587
2024-07-31,P0015,W003,559,569.82916
2024-07-31,P0015,W004,665,676.15466
2024-07-31,P0015,W005,278,279.1612
2024-07-31,P0015,W006,269,263.91718
2024-07-31,P0016,W001,426,426.74072
2024-07-31,P0016,W002,308,309.60864
2024-07-31,P0016,W003,323,322.1614
2024-07-31,P0016,W004,448,460.8616
2024-07-31,P0016,W005,443,457.6323
2024-07-31,P0016,W006,472,472.91336
2024-07-31,P0017,W001,349,352.6647
2024-07-31,P0017,W002,903,910.2375
2024-07-31,P0017,W003,784,784.4194
2024-07-31,P0017,W004,432,444.78812
2024-07-31,P0017,W005,407,407.16635
2024-07-31,P0017,W006,499,507.5735
2024-07-31,P0018,W001,541,547.065
2024-07-31,P0018,W002,258,264.17807
2024-07-31,P0018,W003,331,331.2791
2024-07-31,P0018,W004,229,234.46193
2024-07-31,P0018,W005,491,490.35406
2024-07-31,P0018,W006,331,320.9397
2024-07-31,P0019,W001,1279,1278.5009
2024-07-31,P0019,W002,1118,1105.5148
2024-07-31,P0019,W003,809,812.54486
2024-07-31,P0019,W004,2151,2083.2944
2024-07-31,P0019,W005,1263,1285.658
2024-07-31,P0019,W006,1877,1875.2849
2024-07-31,P0020,W001,1093,1092.0719
2024-07-31,P0020,W002,1167,1156.1713
2024-07-31,P0020,W003,1495,1493.0538
2024-07-31,P0020,W004,1087,1078.7039
2024-07-31,P0020,W005,1526,1517.8448
2024-07-31,P0020,W006,1832,1825.174
2024-07-31,P0021,W001,989,960.0793
2024-07-31,P0021,W002,1181,1186.6415
2024-07-31,P0021,W003,691,688.87683
2024-07-31,P0021,W004,654,637.58
2024-07-31,P0021,W005,964,996.7444
2024-07-31,P0021,W006,929,911.57916
2024-07-31,P0022,W001,327,328.04843
2024-07-31,P0022,W002,285,288.1571
2024-07-31,P0022,W003,273,268.70386
2024-07-31,P0022,W004,239,232.81056
2024-07-31,P0022,W005,285,289.88162
2024-07-31,P0022,W006,252,252.26823
2024-07-31,P0023,W001,1388,1418.1194
2024-07-31,P0023,W002,1915,1914.4698
2024-07-31,P0023,W003,747,762.1824
2024-07-31,P0023,W004,1570,1560.3596
2024-07-31,P0023,W005,1257,1306.513
2024-07-31,P0023,W006,1560,1553.8691
2024-07-31,P0024,W001,805,837.885
2024-07-31,P0024,W002,907,955.91077
2024-07-31,P0024,W003,1285,1288.3749
2024-07-31,P0024,W004,1827,1776.4296
2024-07-31,P0024,W005,1247,1277.3542
2024-07-31,P0024,W006,1547,1548.0865
2024-07-31,P0025,W001,612,619.3356
2024-07-31,P0025,W002,721,756.0342
2024-07-31,P0025,W003,1266,1269.4246
2024-07-31,P0025,W004,1427,1448.435
2024-07-31,P0025,W005,1594,1596.0804
2024-07-31,P0025,W006,657,650.2839
2024-07-31,P0026,W001,114,115.93027
2024-07-31,P0026,W002,179,183.46922
2024-07-31,P0026,W003,232,236.5813
2024-07-31,P0026,W004,184,182.0428
2024-07-31,P0026,W005,192,189.25198
2024-07-31,P0026,W006,254,249.57175
2024-07-31,P0027,W001,298,310.8887
2024-07-31,P0027,W002,457,460.10626
2024-07-31,P0027,W003,593,608.066
2024-07-31,P0027,W004,456,464.75067
2024-07-31,P0027,W005,594,599.3238
2024-07-31,P0027,W006,706,718.34186
2024-07-31,P0028,W001,324,325.1329
2024-07-31,P0028,W002,199,200.691
2024-07-31,P0028,W003,394,390.6818
2024-07-31,P0028,W004,338,346.27206
2024-07-31,P0028,W005,377,380.75095
2024-07-31,P0028,W006,272,263.97858
2024-07-31,P0029,W001,950,1016.1733
2024-07-31,P0029,W002,1318,1333.8593
2024-07-31,P0029,W003,1421,1432.6857
2024-07-31,P0029,W004,983,962.666
2024-07-31,P0029,W005,1876,1899.0367
2024-07-31,P0029,W006,1251,1305.7896
2024-07-31,P0030,W001,363,387.2664
2024-07-31,P0030,W002,788,850.5476
2024-07-31,P0030,W003,612,627.26324
2024-07-31,P0030,W004,338,355.4849
2024-07-31,P0030,W005,400,423.8334
2024-07-31,P0030,W006,749,749.31647
2024-07-31,P0031,W001,1880,1870.2406
2024-07-31,P0031,W002,1797,1734.5386
2024-07-31,P0031,W003,1337,1328.1179
2024-07-31,P0031,W004,1308,1301.7758
2024-07-31,P0031,W005,2121,2107.4456
2024-07-31,P0031,W006,1020,1035.5042
2024-07-31,P0032,W001,606,597.3386
2024-07-31,P0032,W002,866,876.9389
2024-07-31,P0032,W003,560,555.4481
2024-07-31,P0032,W004,845,849.726
2024-07-31,P0032,W005,954,938.5577
2024-07-31,P0032,W006,469,462.10538
2024-07-31,P0033,W001,764,795.9207
2024-07-31,P0033,W002,1526,1561.7222
2024-07-31,P0033,W003,1339,1385.9629
2024-07-31,P0033,W004,1509,1567.5911
2024-07-31,P0033,W005,1326,1370.6829
2024-07-31,P0033,W006,1692,1728.5094
2024-07-31,P0034,W001,351,345.86298
2024-07-31,P0034,W002,133,138.02647
2024-07-31,P0034,W003,116,108.968704
2024-07-31,P0034,W004,216,211.462
2024-07-31,P0034,W005,236,239.50583
2024-07-31,P0034,W006,246,242.7972
2024-07-31,P0035,W001,221,221.94536
2024-07-31,P0035,W002,204,205.98396
2024-07-31,P0035,W003,273,266.74396
2024-07-31,P0035,W004,286,280.7042
2024-07-31,P0035,W005,171,170.9359
2024-07-31,P0035,W006,350,359.11996
2024-07-31,P0036,W001,406,400.97473
2024-07-31,P0036,W002,562,554.6847
2024-07-31,P0036,W003,638,647.8817
2024-07-31,P0036,W004,964,980.9096
2024-07-31,P0036,W005,425,425.6017
2024-07-31,P0036,W006,947,934.82544
2024-07-31,P0037,W001,1092,1104.532
2024-07-31,P0037,W002,1119,1132.8252
2024-07-31,P0037,W003,887,889.75916
2024-07-31,P0037,W004,1033,1023.1207
2024-07-31,P0037,W005,586,614.57166
2024-07-31,P0037,W006,451,446.6466
2024-07-31,P0038,W001,607,601.29694
2024-07-31,P0038,W002,718,733.32605
2024-07-31,P0038,W003,860,854.7375
2024-07-31,P0038,W004,737,734.63855
2024-07-31,P0038,W005,832,826.3381
2024-07-31,P0038,W006,1025,1039.0497
2024-07-31,P0039,W001,1226,1225.3386
2024-07-31,P0039,W002,1071,1061.1694
2024-07-31,P0039,W003,1067,1043.4911
2024-07-31,P0039,W004,1039,1075.9065
2024-07-31,P0039,W005,1643,1656.1888
2024-07-31,P0039,W006,1134,1176.0071
2024-07-31,P0040,W001,1819,1770.1176
2024-07-31,P0040,W002,799,828.9845
2024-07-31,P0040,W003,800,781.59424
2024-07-31,P0040,W004,1106,1102.9031
2024-07-31,P0040,W005,1419,1422.151
2024-07-31,P0040,W006,1491,1496.823
2024-07-31,P0041,W001,1249,1300.6628
2024-07-31,P0041,W002,1052,1115.1095
2024-07-31,P0041,W003,815,865.9003
2024-07-31,P0041,W004,602,645.27545
2024-07-31,P0041,W005,800,866.69855
2024-07-31,P0041,W006,1165,1212.5321
2024-07-31,P0042,W001,594,590.7386
2024-07-31,P0042,W002,984,956.7791
2024-07-31,P0042,W003,832,857.90955
2024-07-31,P0042,W004,1133,1124.75
2024-07-31,P0042,W005,1012,1069.9841
2024-07-31,P0042,W006,1238,1253.7345
2024-07-31,P0043,W001,890,888.4142
2024-07-31,P0043,W002,1195,1224.3821
2024-07-31,P0043,W003,1015,1022.36774
2024-07-31,P0043,W004,890,868.66376
2024-07-31,P0043,W005,804,826.322
2024-07-31,P0043,W006,595,612.75494
2024-07-31,P0044,W001,287,282.55936
2024-07-31,P0044,W002,199,203.66112
2024-07-31,P0044,W003,270,266.34656
2024-07-31,P0044,W004,191,195.06049
2024-07-31,P0044,W005,320,316.94736
2024-07-31,P0044,W006,197,192.48425
2024-07-31,P0045,W001,1917,1867.146
2024-07-31,P0045,W002,789,798.3049
2024-07-31,P0045,W003,793,811.43005
2024-07-31,P0045,W004,1304,1290.7319
2024-07-31,P0045,W005,1804,1779.3325
2024-07-31,P0045,W006,1581,1593.0205
2024-07-31,P0046,W001,526,536.4173
2024-07-31,P0046,W002,1070,1077.6787
2024-07-31,P0046,W003,904,901.0475
2024-07-31,P0046,W004,519,538.475
2024-07-31,P0046,W005,845,857.87555
2024-07-31,P0046,W006,715,695.26184
2024-07-31,P0047,W001,610,628.01984
2024-07-31,P0047,W002,608,597.131
2024-07-31,P0047,W003,427,427.52847
2024-07-31,P0047,W004,823,833.77734
2024-07-31,P0047,W005,989,974.70593
2024-07-31,P0047,W006,379,380.8526
2024-07-31,P0048,W001,1056,1070.7959
2024-07-31,P0048,W002,2063,2101.122
2024-07-31,P0048,W003,990,988.87854
2024-07-31,P0048,W004,1111,1093.0573
2024-07-31,P0048,W005,1560,1592.5519
2024-07-31,P0048,W006,1143,1161.3145
2024-07-31,P0049,W001,1100,1090.7285
2024-07-31,P0049,W002,680,676.736
2024-07-31,P0049,W003,904,903.9354
2024-07-31,P0049,W004,798,797.7864
2024-07-31,P0049,W005,783,771.41864
2024-07-31,P0049,W006,628,636.178
2024-07-31,P0050,W001,2044,2007.9298
2024-07-31,P0050,W002,1277,1281.078
2024-07-31,P0050,W003,1180,1168.4429
2024-07-31,P0050,W004,1723,1720.9183
2024-07-31,P0050,W005,1068,1077.9983
2024-07-31,P0050,W006,1573,1603.8899
2024-07-31,P0051,W001,869,888.1412
2024-07-31,P0051,W002,549,563.60736
2024-07-31,P0051,W003,1404,1408.0371
2024-07-31,P0051,W004,1370,1362.8254
2024-07-31,P0051,W005,803,775.88544
2024-07-31,P0051,W006,918,909.2492
2024-07-31,P0052,W001,1083,1076.5154
2024-07-31,P0052,W002,1209,1184.1427
2024-07-31,P0052,W003,1022,1045.4003
2024-07-31,P0052,W004,1370,1373.266
2024-07-31,P0052,W005,597,603.6094
2024-07-31,P0052,W006,1456,1446.6644
2024-07-31,P0053,W001,600,615.6919
2024-07-31,P0053,W002,460,478.2072
2024-07-31,P0053,W003,345,358.43063
2024-07-31,P0053,W004,409,421.37622
2024-07-31,P0053,W005,389,388.9331
2024-07-31,P0053,W006,648,674.8671
2024-07-31,P0054,W001,1168,1184.3438
2024-07-31,P0054,W002,2283,2221.765
2024-07-31,P0054,W003,752,767.203
2024-07-31,P0054,W004,2004,1966.6458
2024-07-31,P0054,W005,1263,1288.4545
2024-07-31,P0054,W006,2086,2066.9666
2024-07-31,P0055,W001,1816,1779.5325
2024-07-31,P0055,W002,1068,1026.438
2024-07-31,P0055,W003,1061,1032.123
2024-07-31,P0055,W004,1405,1418.9473
2024-07-31,P0055,W005,1885,1877.3475
2024-07-31,P0055,W006,1249,1294.3323
2024-07-31,P0056,W001,935,905.7896
2024-07-31,P0056,W002,756,751.7906
2024-07-31,P0056,W003,438,437.18164
2024-07-31,P0056,W004,543,544.33417
2024-07-31,P0056,W005,1143,1143.0605
2024-07-31,P0056,W006,588,596.7245
2024-07-31,P0057,W001,1892,1828.5854
2024-07-31,P0057,W002,1030,1090.388
2024-07-31,P0057,W003,865,860.9608
2024-07-31,P0057,W004,1765,1761.2146
2024-07-31,P0057,W005,783,810.36084
2024-07-31,P0057,W006,1369,1350.8806
2024-07-31,P0058,W001,1777,1696.0575
2024-07-31,P0058,W002,1714,1705.5428
2024-07-31,P0058,W003,946,931.1151
2024-07-31,P0058,W004,1351,1431.9784
2024-07-31,P0058,W005,1248,1252.9336
2024-07-31,P0058,W006,1466,1483.1669
2024-07-31,P0059,W001,830,825.6304
2024-07-31,P0059,W002,655,666.28143
2024-07-31,P0059,W003,464,487.05283
2024-07-31,P0059,W004,616,615.0592
2024-07-31,P0059,W005,951,930.8642
2024-07-31,P0059,W006,417,420.39355
2024-07-31,P0060,W001,855,849.78754
2024-07-31,P0060,W002,897,911.57043
2024-07-31,P0060,W003,966,966.93005
2024-07-31,P0060,W004,1554,1564.3813
2024-07-31,P0060,W005,1088,1106.8711
2024-07-31,P0060,W006,1554,1486.6257
2024-08-31,P0001,W001,283,278.28867
2024-08-31,P0001,W002,651,658.2088
2024-08-31,P0001,W003,338,351.16217
2024-08-31,P0001,W004,630,624.70123
2024-08-31,P0001,W005,303,303.0074
2024-08-31,P0001,W006,338,329.60632
2024-08-31,P0002,W001,672,678.8454
2024-08-31,P0002,W002,459,462.63196
2024-08-31,P0002,W003,614,618.5503
2024-08-31,P0002,W004,690,686.2978
2024-08-31,P0002,W005,648,640.91956
2024-08-31,P0002,W006,660,663.98865
2024-08-31,P0003,W001,453,454.4997
2024-08-31,P0003,W002,424,424.20654
2024-08-31,P0003,W003,214,213.72307
2024-08-31,P0003,W004,417,423.33554
2024-08-31,P0003,W005,439,442.24396
2024-08-31,P0003,W006,429,425.74173
2024-08-31,P0004,W001,794,780.00006
2024-08-31,P0004,W002,1481,1469.3132
2024-08-31,P0004,W003,1275,1249.8442
2024-08-31,P0004,W004,1268,1267.6451
2024-08-31,P0004,W005,1637,1614.1322
2024-08-31,P0004,W006,1022,1041.2046
2024-08-31,P0005,W001,142,141.89095
2024-08-31,P0005,W002,218,216.74559
2024-08-31,P0005,W003,348,344.33072
2024-08-31,P0005,W004,353,338.60135
2024-08-31,P0005,W005,192,187.73317
2024-08-31,P0005,W006,232,224.74268
2024-08-31,P0006,W001,269,273.10458
2024-08-31,P0006,W002,377,376.99164
2024-08-31,P0006,W003,416,420.6814
2024-08-31,P0006,W004,213,217.07803
2024-08-31,P0006,W005,447,447.74634
2024-08-31,P0006,W006,298,298.70126
2024-08-31,P0007,W001,254,256.0822
2024-08-31,P0007,W002,662,654.8454
2024-08-31,P0007,W003,293,290.3772
2024-08-31,P0007,W004,689,685.0494
2024-08-31,P0007,W005,463,467.7619
2024-08-31,P0007,W006,251,252.69493
2024-08-31,P0008,W001,489,493.50198
2024-08-31,P0008,W002,968,1021.0386
2024-08-31,P0008,W003,648,647.32336
2024-08-31,P0008,W004,552,559.4493
2024-08-31,P0008,W005,603,612.584
2024-08-31,P0008,W006,1171,1186.237
2024-08-31,P0009,W001,268,261.46295
2024-08-31,P0009,W002,354,358.77628
2024-08-31,P0009,W003,520,526.46454
2024-08-31,P0009,W004,570,560.6638
2024-08-31,P0009,W005,726,725.9837
2024-08-31,P0009,W006,330,326.607
2024-08-31,P0010,W001,1794,1720.3495
2024-08-31,P0010,W002,787,820.7915
2024-08-31,P0010,W003,1710,1724.5022
2024-08-31,P0010,W004,1125,1102.9453
2024-08-31,P0010,W005,1496,1570.9999
2024-08-31,P0010,W006,1453,1479.9037
2024-08-31,P0011,W001,341,333.79868
2024-08-31,P0011,W002,307,307.72702
2024-08-31,P0011,W003,664,642.9643
2024-08-31,P0011,W004,289,287.52353
2024-08-31,P0011,W005,282,287.25043
2024-08-31,P0011,W006,553,547.6282
2024-08-31,P0012,W001,495,481.50482
2024-08-31,P0012,W002,476,473.47424
2024-08-31,P0012,W003,387,388.2239
2024-08-31,P0012,W004,482,475.80548
2024-08-31,P0012,W005,458,450.88812
2024-08-31,P0012,W006,422,422.76358
2024-08-31,P0013,W001,688,701.3824
2024-08-31,P0013,W002,1262,1266.5583
2024-08-31,P0013,W003,1185,1159.4979
2024-08-31,P0013,W004,1599,1623.6914
2024-08-31,P0013,W005,762,752.485
2024-08-31,P0013,W006,594,592.3963
2024-08-31,P0014,W001,587,581.4109
2024-08-31,P0014,W002,412,412.66364
2024-08-31,P0014,W003,662,676.9944
2024-08-31,P0014,W004,781,794.738
2024-08-31,P0014,W005,895,901.0971
2024-08-31,P0014,W006,382,375.1958
2024-08-31,P0015,W001,213,209.55301
2024-08-31,P0015,W002,461,458.2809
2024-08-31,P0015,W003,476,465.4636
2024-08-31,P0015,W004,603,585.0189
2024-08-31,P0015,W005,248,245.38118
2024-08-31,P0015,W006,211,216.76503
2024-08-31,P0016,W001,332,343.97815
2024-08-31,P0016,W002,240,250.96906
2024-08-31,P0016,W003,267,265.4927
2024-08-31,P0016,W004,387,381.88278
2024-08-31,P0016,W005,372,369.2282
2024-08-31,P0016,W006,378,379.89563
2024-08-31,P0017,W001,288,289.58624
2024-08-31,P0017,W002,761,763.25525
2024-08-31,P0017,W003,643,657.6619
2024-08-31,P0017,W004,353,357.05035
2024-08-31,P0017,W005,371,366.6263
2024-08-31,P0017,W006,426,416.21454
2024-08-31,P0018,W001,426,440.06946
2024-08-31,P0018,W002,202,207.94968
2024-08-31,P0018,W003,266,274.72235
2024-08-31,P0018,W004,177,180.44621
2024-08-31,P0018,W005,383,407.20462
2024-08-31,P0018,W006,271,280.82617
2024-08-31,P0019,W001,1060,1057.6174
2024-08-31,P0019,W002,905,905.2275
2024-08-31,P0019,W003,716,700.5561
2024-08-31,P0019,W004,1756,1783.2068
2024-08-31,P0019,W005,1139,1129.685
2024-08-31,P0019,W006,1638,1592.5822
2024-08-31,P0020,W001,1061,1088.7578
2024-08-31,P0020,W002,1093,1123.0491
2024-08-31,P0020,W003,1482,1464.6224
2024-08-31,P0020,W004,994,1053.5118
2024-08-31,P0020,W005,1429,1446.501
2024-08-31,P0020,W006,1798,1800.8934
2024-08-31,P0021,W001,845,857.7137
2024-08-31,P0021,W002,945,948.76715
2024-08-31,P0021,W003,600,590.1483
2024-08-31,P0021,W004,558,562.0861
2024-08-31,P0021,W005,844,831.0121
2024-08-31,P0021,W006,819,816.9937
2024-08-31,P0022,W001,270,267.529
2024-08-31,P0022,W002,251,244.7268
2024-08-31,P0022,W003,245,242.193
2024-08-31,P0022,W004,199,200.35742
2024-08-31,P0022,W005,256,249.45839
2024-08-31,P0022,W006,224,220.99492
2024-08-31,P0023,W001,1315,1236.596
2024-08-31,P0023,W002,1784,1727.0349
2024-08-31,P0023,W003,651,648.5496
2024-08-31,P0023,W004,1387,1347.0177
2024-08-31,P0023,W005,1141,1088.0591
2024-08-31,P0023,W006,1269,1300.8049
2024-08-31,P0024,W001,690,691.105
2024-08-31,P0024,W002,782,773.5724
2024-08-31,P0024,W003,1123,1113.2665
2024-08-31,P0024,W004,1577,1544.9625
2024-08-31,P0024,W005,1044,1037.6346
2024-08-31,P0024,W006,1413,1388.7736
2024-08-31,P0025,W001,517,527.83624
2024-08-31,P0025,W002,631,624.62177
2024-08-31,P0025,W003,1121,1099.165
2024-08-31,P0025,W004,1214,1210.1337
2024-08-31,P0025,W005,1301,1315.8462
2024-08-31,P0025,W006,504,523.0514
2024-08-31,P0026,W001,101,106.964615
2024-08-31,P0026,W002,159,155.2435
2024-08-31,P0026,W003,210,207.46341
2024-08-31,P0026,W004,154,152.94115
2024-08-31,P0026,W005,161,160.63254
2024-08-31,P0026,W006,215,217.96793
2024-08-31,P0027,W001,268,258.732
2024-08-31,P0027,W002,384,387.28284
2024-08-31,P0027,W003,485,479.7314
2024-08-31,P0027,W004,414,403.01083
2024-08-31,P0027,W005,522,509.6867
2024-08-31,P0027,W006,623,608.8025
2024-08-31,P0028,W001,281,279.7575
2024-08-31,P0028,W002,165,167.85815
2024-08-31,P0028,W003,304,317.53552
2024-08-31,P0028,W004,299,290.77545
2024-08-31,P0028,W005,307,317.33264
2024-08-31,P0028,W006,218,225.55185
2024-08-31,P0029,W001,828,809.9997
2024-08-31,P0029,W002,1135,1137.9374
2024-08-31,P0029,W003,1227,1213.9843
2024-08-31,P0029,W004,852,845.0845
2024-08-31,P0029,W005,1713,1681.0978
2024-08-31,P0029,W006,1043,1058.4536
2024-08-31,P0030,W001,299,295.13638
2024-08-31,P0030,W002,634,626.7929
2024-08-31,P0030,W003,468,480.01547
2024-08-31,P0030,W004,272,268.934
2024-08-31,P0030,W005,302,299.78653
2024-08-31,P0030,W006,593,599.2829
2024-08-31,P0031,W001,1479,1504.763
2024-08-31,P0031,W002,1406,1450.7739
2024-08-31,P0031,W003,1156,1149.0502
2024-08-31,P0031,W004,1108,1129.2534
2024-08-31,P0031,W005,1661,1661.5598
2024-08-31,P0031,W006,927,917.58716
2024-08-31,P0032,W001,505,509.72263
2024-08-31,P0032,W002,775,758.0419
2024-08-31,P0032,W003,482,486.04486
2024-08-31,P0032,W004,744,739.3647
2024-08-31,P0032,W005,803,809.6918
2024-08-31,P0032,W006,404,395.75854
2024-08-31,P0033,W001,632,636.6185
2024-08-31,P0033,W002,1274,1279.1646
2024-08-31,P0033,W003,1111,1085.3813
2024-08-31,P0033,W004,1211,1254.0717
2024-08-31,P0033,W005,1103,1105.1017
2024-08-31,P0033,W006,1504,1481.8331
2024-08-31,P0034,W001,284,279.57843
2024-08-31,P0034,W002,111,109.29129
2024-08-31,P0034,W003,96,106.9658
2024-08-31,P0034,W004,183,185.07588
2024-08-31,P0034,W005,212,210.46025
2024-08-31,P0034,W006,193,197.19357
2024-08-31,P0035,W001,206,201.97215
2024-08-31,P0035,W002,169,171.26929
2024-08-31,P0035,W003,223,226.87636
2024-08-31,P0035,W004,246,245.4118
2024-08-31,P0035,W005,137,142.53302
2024-08-31,P0035,W006,314,307.23685
2024-08-31,P0036,W001,340,339.85605
2024-08-31,P0036,W002,494,478.0772
2024-08-31,P0036,W003,558,552.40454
2024-08-31,P0036,W004,865,856.60297
2024-08-31,P0036,W005,344,347.58582
2024-08-31,P0036,W006,781,793.7944
2024-08-31,P0037,W001,901,908.93384
2024-08-31,P0037,W002,918,918.9204
2024-08-31,P0037,W003,774,779.2446
2024-08-31,P0037,W004,899,904.2634
2024-08-31,P0037,W005,508,484.662
2024-08-31,P0037,W006,366,369.58838
2024-08-31,P0038,W001,498,505.51828
2024-08-31,P0038,W002,636,630.7787
2024-08-31,P0038,W003,780,763.6842
2024-08-31,P0038,W004,594,596.0941
2024-08-31,P0038,W005,677,685.47876
2024-08-31,P0038,W006,838,848.94867
2024-08-31,P0039,W001,1036,1024.8086
2024-08-31,P0039,W002,841,863.6703
2024-08-31,P0039,W003,869,902.9191
2024-08-31,P0039,W004,880,860.378
2024-08-31,P0039,W005,1397,1416.638
2024-08-31,P0039,W006,936,938.7711
2024-08-31,P0040,W001,1545,1554.8147
2024-08-31,P0040,W002,646,656.617
2024-08-31,P0040,W003,667,674.7118
2024-08-31,P0040,W004,972,962.5318
2024-08-31,P0040,W005,1135,1161.8654
2024-08-31,P0040,W006,1253,1277.293
2024-08-31,P0041,W001,951,963.4495
2024-08-31,P0041,W002,912,889.59296
2024-08-31,P0041,W003,644,649.76483
2024-08-31,P0041,W004,498,497.2552
2024-08-31,P0041,W005,642,651.07947
2024-08-31,P0041,W006,954,967.29395
2024-08-31,P0042,W001,493,488.2082
2024-08-31,P0042,W002,795,813.0483
2024-08-31,P0042,W003,759,745.7333
2024-08-31,P0042,W004,936,961.76294
2024-08-31,P0042,W005,909,916.895
2024-08-31,P0042,W006,1116,1104.6888
2024-08-31,P0043,W001,732,721.33997
2024-08-31,P0043,W002,1057,1007.7761
2024-08-31,P0043,W003,882,886.911
2024-08-31,P0043,W004,739,763.4559
2024-08-31,P0043,W005,731,724.88
2024-08-31,P0043,W006,552,538.6971
2024-08-31,P0044,W001,239,243.12689
2024-08-31,P0044,W002,177,176.10005
2024-08-31,P0044,W003,219,223.82237
2024-08-31,P0044,W004,172,168.57495
2024-08-31,P0044,W005,268,269.02698
2024-08-31,P0044,W006,170,172.5892
2024-08-31,P0045,W001,1531,1533.3171
2024-08-31,P0045,W002,702,683.5683
2024-08-31,P0045,W003,703,708.7656
2024-08-31,P0045,W004,1126,1121.1029
2024-08-31,P0045,W005,1553,1517.4567
2024-08-31,P0045,W006,1396,1359.3959
2024-08-31,P0046,W001,532,529.07385
2024-08-31,P0046,W002,980,986.5103
2024-08-31,P0046,W003,811,844.9449
2024-08-31,P0046,W004,488,486.20554
2024-08-31,P0046,W005,768,789.7235
2024-08-31,P0046,W006,649,675.509
2024-08-31,P0047,W001,537,526.4284
2024-08-31,P0047,W002,510,517.0653
2024-08-31,P0047,W003,364,372.11435
2024-08-31,P0047,W004,706,702.97644
2024-08-31,P0047,W005,818,826.7666
2024-08-31,P0047,W006,347,330.25873
2024-08-31,P0048,W001,899,906.1051
2024-08-31,P0048,W002,1792,1745.6132
2024-08-31,P0048,W003,855,845.0679
2024-08-31,P0048,W004,900,906.89343
2024-08-31,P0048,W005,1363,1335.6796
2024-08-31,P0048,W006,957,947.0992
2024-08-31,P0049,W001,903,915.8984
2024-08-31,P0049,W002,576,569.7984
2024-08-31,P0049,W003,790,776.04236
2024-08-31,P0049,W004,653,654.0785
2024-08-31,P0049,W005,632,643.8302
2024-08-31,P0049,W006,526,532.31494
2024-08-31,P0050,W001,1712,1696.0726
2024-08-31,P0050,W002,1163,1129.9017
2024-08-31,P0050,W003,981,984.9544
2024-08-31,P0050,W004,1445,1433.2236
2024-08-31,P0050,W005,910,890.1668
2024-08-31,P0050,W006,1349,1350.052
2024-08-31,P0051,W001,754,746.5762
2024-08-31,P0051,W002,486,463.70285
2024-08-31,P0051,W003,1222,1228.8135
2024-08-31,P0051,W004,1163,1160.2661
2024-08-31,P0051,W005,691,705.0362
2024-08-31,P0051,W006,760,772.409
2024-08-31,P0052,W001,953,945.391
2024-08-31,P0052,W002,1056,1055.6306
2024-08-31,P0052,W003,868,848.318
2024-08-31,P0052,W004,1147,1135.9392
2024-08-31,P0052,W005,537,530.48804
2024-08-31,P0052,W006,1232,1228.6562
2024-08-31,P0053,W001,497,491.5404
2024-08-31,P0053,W002,356,363.19797
2024-08-31,P0053,W003,264,266.13776
2024-08-31,P0053,W004,322,327.8988
2024-08-31,P0053,W005,296,300.74017
2024-08-31,P0053,W006,559,559.005
2024-08-31,P0054,W001,1003,1008.1193
2024-08-31,P0054,W002,1822,1832.2102
2024-08-31,P0054,W003,664,650.3941
2024-08-31,P0054,W004,1729,1704.1697
2024-08-31,P0054,W005,1044,1057.6655
2024-08-31,P0054,W006,1765,1718.4722
2024-08-31,P0055,W001,1436,1444.3374
2024-08-31,P0055,W002,869,906.36615
2024-08-31,P0055,W003,869,892.26587
2024-08-31,P0055,W004,1299,1264.6517
2024-08-31,P0055,W005,1526,1552.6351
2024-08-31,P0055,W006,1133,1096.9293
2024-08-31,P0056,W001,760,785.57874
2024-08-31,P0056,W002,642,652.8822
2024-08-31,P0056,W003,383,374.57404
2024-08-31,P0056,W004,465,467.1799
2024-08-31,P0056,W005,935,956.1836
2024-08-31,P0056,W006,496,483.88248
2024-08-31,P0057,W001,1643,1609.8031
2024-08-31,P0057,W002,856,856.6605
2024-08-31,P0057,W003,758,757.0743
2024-08-31,P0057,W004,1473,1490.6239
2024-08-31,P0057,W005,622,637.1039
2024-08-31,P0057,W006,1130,1147.6438
2024-08-31,P0058,W001,1461,1499.3188
2024-08-31,P0058,W002,1420,1446.4542
2024-08-31,P0058,W003,802,827.7795
2024-08-31,P0058,W004,1174,1154.4424
2024-08-31,P0058,W005,1049,1068.2717
2024-08-31,P0058,W006,1187,1186.0177
2024-08-31,P0059,W001,693,692.66223
2024-08-31,P0059,W002,568,560.1493
2024-08-31,P0059,W003,387,386.0483
2024-08-31,P0059,W004,521,517.8259
2024-08-31,P0059,W005,870,857.57153
2024-08-31,P0059,W006,358,353.39062
2024-08-31,P0060,W001,720,718.1862
2024-08-31,P0060,W002,776,767.1316
2024-08-31,P0060,W003,813,817.0618
2024-08-31,P0060,W004,1360,1354.0724
2024-08-31,P0060,W005,853,883.1165
2024-08-31,P0060,W006,1273,1314.4808
2024-09-30,P0001,W001,247,249.05302
2024-09-30,P0001,W002,616,591.9558
2024-09-30,P0001,W003,297,294.50745
2024-09-30,P0001,W004,546,542.55566
2024-09-30,P0001,W005,266,259.385
2024-09-30,P0001,W006,305,300.64267
2024-09-30,P0002,W001,652,620.3634
2024-09-30,P0002,W002,406,403.58063
2024-09-30,P0002,W003,558,547.9567
2024-09-30,P0002,W004,609,603.1134
2024-09-30,P0002,W005,560,566.2105
2024-09-30,P0002,W006,573,567.64655
2024-09-30,P0003,W001,413,398.7547
2024-09-30,P0003,W002,366,359.07788
2024-09-30,P0003,W003,180,184.27113
2024-09-30,P0003,W004,356,350.72186
2024-09-30,P0003,W005,397,390.0562
2024-09-30,P0003,W006,370,369.8168
2024-09-30,P0004,W001,684,690.0576
2024-09-30,P0004,W002,1338,1297.79
2024-09-30,P0004,W003,1107,1112.0457
2024-09-30,P0004,W004,1115,1094.7329
2024-09-30,P0004,W005,1405,1398.4835
2024-09-30,P0004,W006,929,915.0931
2024-09-30,P0005,W001,122,117.46521
2024-09-30,P0005,W002,192,193.314
2024-09-30,P0005,W003,319,315.3962
2024-09-30,P0005,W004,307,306.9087
2024-09-30,P0005,W005,170,167.72185
2024-09-30,P0005,W006,204,203.5698
2024-09-30,P0006,W001,226,239.74118
2024-09-30,P0006,W002,318,334.41458
2024-09-30,P0006,W003,319,338.17624
2024-09-30,P0006,W004,163,174.95427
2024-09-30,P0006,W005,358,379.77927
2024-09-30,P0006,W006,261,272.46982
2024-09-30,P0007,W001,228,225.99915
2024-09-30,P0007,W002,560,566.4349
2024-09-30,P0007,W003,248,256.83984
2024-09-30,P0007,W004,583,581.99255
2024-09-30,P0007,W005,414,406.31232
2024-09-30,P0007,W006,226,228.13396
2024-09-30,P0008,W001,435,437.92432
2024-09-30,P0008,W002,913,853.78186
2024-09-30,P0008,W003,558,561.19727
2024-09-30,P0008,W004,512,508.19177
2024-09-30,P0008,W005,545,541.84143
2024-09-30,P0008,W006,1007,1002.80676
2024-09-30,P0009,W001,247,245.58403
2024-09-30,P0009,W002,328,324.8534
2024-09-30,P0009,W003,489,473.93042
2024-09-30,P0009,W004,501,497.80127
2024-09-30,P0009,W005,607,616.86066
2024-09-30,P0009,W006,291,282.63788
2024-09-30,P0010,W001,1453,1495.464
2024-09-30,P0010,W002,674,675.48755
2024-09-30,P0010,W003,1553,1518.3647
2024-09-30,P0010,W004,946,962.8217
2024-09-30,P0010,W005,1379,1332.7196
2024-09-30,P0010,W006,1317,1299.0393
2024-09-30,P0011,W001,278,284.03287
2024-09-30,P0011,W002,261,260.08783
2024-09-30,P0011,W003,548,566.7838
2024-09-30,P0011,W004,249,251.90274
2024-09-30,P0011,W005,256,253.64238
2024-09-30,P0011,W006,476,476.40195
2024-09-30,P0012,W001,421,417.94843
2024-09-30,P0012,W002,427,411.86365
2024-09-30,P0012,W003,348,349.26514
2024-09-30,P0012,W004,405,405.6183
2024-09-30,P0012,W005,416,414.81122
2024-09-30,P0012,W006,384,378.06546
2024-09-30,P0013,W001,591,585.8321
2024-09-30,P0013,W002,1106,1079.524
2024-09-30,P0013,W003,972,1003.5403
2024-09-30,P0013,W004,1428,1374.9137
2024-09-30,P0013,W005,657,673.1933
2024-09-30,P0013,W006,538,537.1805
2024-09-30,P0014,W001,479,491.49683
2024-09-30,P0014,W002,356,358.22235
2024-09-30,P0014,W003,564,570.24274
2024-09-30,P0014,W004,696,688.3126
2024-09-30,P0014,W005,743,759.8808
2024-09-30,P0014,W006,332,343.137
2024-09-30,P0015,W001,184,186.82855
2024-09-30,P0015,W002,395,390.1087
2024-09-30,P0015,W003,424,421.36682
2024-09-30,P0015,W004,523,523.5016
2024-09-30,P0015,W005,213,217.49
2024-09-30,P0015,W006,186,190.00313
2024-09-30,P0016,W001,275,276.16324
2024-09-30,P0016,W002,230,220.82144
2024-09-30,P0016,W003,229,232.3134
2024-09-30,P0016,W004,340,333.9584
2024-09-30,P0016,W005,304,305.17294
2024-09-30,P0016,W006,342,338.18896
2024-09-30,P0017,W001,272,266.77832
2024-09-30,P0017,W002,677,680.1505
2024-09-30,P0017,W003,613,594.9184
2024-09-30,P0017,W004,317,309.74472
2024-09-30,P0017,W005,303,311.0345
2024-09-30,P0017,W006,379,372.79724
2024-09-30,P0018,W001,378,375.80624
2024-09-30,P0018,W002,188,187.73523
2024-09-30,P0018,W003,232,236.46445
2024-09-30,P0018,W004,160,158.32114
2024-09-30,P0018,W005,350,340.68637
2024-09-30,P0018,W006,231,235.64363
2024-09-30,P0019,W001,938,940.8684
2024-09-30,P0019,W002,815,804.49634
2024-09-30,P0019,W003,613,627.04834
2024-09-30,P0019,W004,1537,1519.3391
2024-09-30,P0019,W005,980,957.6323
2024-09-30,P0019,W006,1435,1455.2518
2024-09-30,P0020,W001,823,852.3548
2024-09-30,P0020,W002,849,864.541
2024-09-30,P0020,W003,1132,1153.2668
2024-09-30,P0020,W004,836,816.8193
2024-09-30,P0020,W005,1101,1156.0067
2024-09-30,P0020,W006,1342,1407.4946
2024-09-30,P0021,W001,757,741.4312
2024-09-30,P0021,W002,872,844.8239
2024-09-30,P0021,W003,508,518.429
2024-09-30,P0021,W004,474,475.30093
2024-09-30,P0021,W005,722,731.1785
2024-09-30,P0021,W006,709,704.90875
2024-09-30,P0022,W001,234,233.03008
2024-09-30,P0022,W002,208,220.36612
2024-09-30,P0022,W003,208,213.78313
2024-09-30,P0022,W004,178,175.9099
2024-09-30,P0022,W005,228,231.81923
2024-09-30,P0022,W006,200,203.71948
2024-09-30,P0023,W001,1138,1165.4867
2024-09-30,P0023,W002,1413,1410.3317
2024-09-30,P0023,W003,573,581.34125
2024-09-30,P0023,W004,1243,1229.0344
2024-09-30,P0023,W005,907,957.3698
2024-09-30,P0023,W006,1153,1142.9187
2024-09-30,P0024,W001,621,613.01013
2024-09-30,P0024,W002,685,680.3598
2024-09-30,P0024,W003,957,964.8531
2024-09-30,P0024,W004,1351,1359.8362
2024-09-30,P0024,W005,936,917.80615
2024-09-30,P0024,W006,1231,1231.693
2024-09-30,P0025,W001,446,451.2471
2024-09-30,P0025,W002,550,557.3327
2024-09-30,P0025,W003,992,981.3387
2024-09-30,P0025,W004,1019,1045.4713
2024-09-30,P0025,W005,1124,1135.0244
2024-09-30,P0025,W006,477,465.7704
2024-09-30,P0026,W001,88,106.2901
2024-09-30,P0026,W002,136,141.16174
2024-09-30,P0026,W003,182,183.88171
2024-09-30,P0026,W004,138,138.51486
2024-09-30,P0026,W005,134,141.79753
2024-09-30,P0026,W006,187,188.18083
2024-09-30,P0027,W001,250,245.77415
2024-09-30,P0027,W002,349,344.96957
2024-09-30,P0027,W003,456,462.237
2024-09-30,P0027,W004,344,346.23447
2024-09-30,P0027,W005,451,460.07065
2024-09-30,P0027,W006,518,528.0176
2024-09-30,P0028,W001,245,248.1801
2024-09-30,P0028,W002,144,145.04845
2024-09-30,P0028,W003,279,270.095
2024-09-30,P0028,W004,269,269.07532
2024-09-30,P0028,W005,288,285.0565
2024-09-30,P0028,W006,195,194.57883
2024-09-30,P0029,W001,758,752.0675
2024-09-30,P0029,W002,917,918.2001
2024-09-30,P0029,W003,1091,1090.979
2024-09-30,P0029,W004,695,720.4122
2024-09-30,P0029,W005,1508,1489.6558
2024-09-30,P0029,W006,923,917.468
2024-09-30,P0030,W001,253,257.62854
2024-09-30,P0030,W002,572,566.4145
2024-09-30,P0030,W003,414,410.0822
2024-09-30,P0030,W004,246,242.35846
2024-09-30,P0030,W005,280,280.54938
2024-09-30,P0030,W006,524,518.4744
2024-09-30,P0031,W001,1369,1366.5486
2024-09-30,P0031,W002,1312,1272.1082
2024-09-30,P0031,W003,1029,1028.3159
2024-09-30,P0031,W004,968,970.5878
2024-09-30,P0031,W005,1512,1510.0988
2024-09-30,P0031,W006,767,781.5034
2024-09-30,P0032,W001,445,439.77472
2024-09-30,P0032,W002,663,667.63885
2024-09-30,P0032,W003,425,420.96658
2024-09-30,P0032,W004,649,640.9062
2024-09-30,P0032,W005,723,721.07166
2024-09-30,P0032,W006,347,347.073
2024-09-30,P0033,W001,631,626.284
2024-09-30,P0033,W002,1209,1172.3662
2024-09-30,P0033,W003,1048,1039.7866
2024-09-30,P0033,W004,1180,1135.1951
2024-09-30,P0033,W005,1064,1056.4624
2024-09-30,P0033,W006,1368,1382.2257
2024-09-30,P0034,W001,251,251.81383
2024-09-30,P0034,W002,100,108.938
2024-09-30,P0034,W003,96,105.95674
2024-09-30,P0034,W004,167,167.10448
2024-09-30,P0034,W005,183,184.89558
2024-09-30,P0034,W006,183,182.2973
2024-09-30,P0035,W001,175,180.5946
2024-09-30,P0035,W002,138,144.21075
2024-09-30,P0035,W003,208,199.29428
2024-09-30,P0035,W004,212,211.86804
2024-09-30,P0035,W005,122,120.99943
2024-09-30,P0035,W006,272,273.17422
2024-09-30,P0036,W001,305,306.22098
2024-09-30,P0036,W002,416,423.0154
2024-09-30,P0036,W003,493,493.48868
2024-09-30,P0036,W004,777,749.2948
2024-09-30,P0036,W005,300,298.03052
2024-09-30,P0036,W006,724,707.77966
2024-09-30,P0037,W001,826,826.3796
2024-09-30,P0037,W002,830,813.0751
2024-09-30,P0037,W003,682,657.5129
2024-09-30,P0037,W004,765,765.72723
2024-09-30,P0037,W005,443,443.9995
2024-09-30,P0037,W006,314,313.17572
2024-09-30,P0038,W001,450,441.30334
2024-09-30,P0038,W002,572,568.1231
2024-09-30,P0038,W003,669,663.2378
2024-09-30,P0038,W004,534,528.8663
2024-09-30,P0038,W005,584,590.3448
2024-09-30,P0038,W006,762,749.3462
2024-09-30,P0039,W001,955,944.86255
2024-09-30,P0039,W002,755,747.5524
2024-09-30,P0039,W003,766,757.9864
2024-09-30,P0039,W004,781,793.9199
2024-09-30,P0039,W005,1265,1255.6597
2024-09-30,P0039,W006,863,841.7589
2024-09-30,P0040,W001,1387,1373.3898
2024-09-30,P0040,W002,582,573.2979
2024-09-30,P0040,W003,608,603.50226
2024-09-30,P0040,W004,849,857.05536
2024-09-30,P0040,W005,1008,996.66974
2024-09-30,P0040,W006,1107,1105.5624
2024-09-30,P0041,W001,908,871.24005
2024-09-30,P0041,W002,783,784.4524
2024-09-30,P0041,W003,579,571.244
2024-09-30,P0041,W004,437,431.914
2024-09-30,P0041,W005,601,579.1468
2024-09-30,P0041,W006,792,790.3205
2024-09-30,P0042,W001,416,435.53668
2024-09-30,P0042,W002,685,681.3259
2024-09-30,P0042,W003,638,651.77277
2024-09-30,P0042,W004,858,830.0018
2024-09-30,P0042,W005,752,746.6577
2024-09-30,P0042,W006,988,971.78235
2024-09-30,P0043,W001,640,639.0846
2024-09-30,P0043,W002,847,876.3438
2024-09-30,P0043,W003,754,733.7846
2024-09-30,P0043,W004,679,657.63965
2024-09-30,P0043,W005,586,596.6514
2024-09-30,P0043,W006,492,492.46915
2024-09-30,P0044,W001,220,221.72153
2024-09-30,P0044,W002,149,150.18512
2024-09-30,P0044,W003,212,206.7314
2024-09-30,P0044,W004,165,162.3861
2024-09-30,P0044,W005,243,241.20787
2024-09-30,P0044,W006,154,152.34488
2024-09-30,P0045,W001,1390,1379.7145
2024-09-30,P0045,W002,617,626.29156
2024-09-30,P0045,W003,602,607.331
2024-09-30,P0045,W004,951,945.7663
2024-09-30,P0045,W005,1337,1351.4242
2024-09-30,P0045,W006,1197,1234.4708
2024-09-30,P0046,W001,519,539.80115
2024-09-30,P0046,W002,967,982.3187
2024-09-30,P0046,W003,832,840.7383
2024-09-30,P0046,W004,495,527.1621
2024-09-30,P0046,W005,844,858.6659
2024-09-30,P0046,W006,654,690.52637
2024-09-30,P0047,W001,455,457.0546
2024-09-30,P0047,W002,445,435.22925
2024-09-30,P0047,W003,320,319.47314
2024-09-30,P0047,W004,595,593.87756
2024-09-30,P0047,W005,714,715.36176
2024-09-30,P0047,W006,293,299.9684
2024-09-30,P0048,W001,815,813.57605
2024-09-30,P0048,W002,1581,1536.1785
2024-09-30,P0048,W003,744,748.66815
2024-09-30,P0048,W004,811,810.32635
2024-09-30,P0048,W005,1144,1191.8053
2024-09-30,P0048,W006,860,843.3438
2024-09-30,P0049,W001,825,805.95416
2024-09-30,P0049,W002,471,480.14557
2024-09-30,P0049,W003,702,690.87177
2024-09-30,P0049,W004,576,570.87225
2024-09-30,P0049,W005,580,570.1279
2024-09-30,P0049,W006,470,456.087
2024-09-30,P0050,W001,1907,1886.1836
2024-09-30,P0050,W002,1132,1187.488
2024-09-30,P0050,W003,1075,1095.1709
2024-09-30,P0050,W004,1561,1565.0828
2024-09-30,P0050,W005,937,987.6865
2024-09-30,P0050,W006,1445,1456.0002
2024-09-30,P0051,W001,690,687.0335
2024-09-30,P0051,W002,394,415.50336
2024-09-30,P0051,W003,1061,1032.5366
2024-09-30,P0051,W004,976,969.29266
2024-09-30,P0051,W005,613,604.1489
2024-09-30,P0051,W006,698,686.6452
2024-09-30,P0052,W001,847,849.6435
2024-09-30,P0052,W002,925,923.4169
2024-09-30,P0052,W003,795,773.06445
2024-09-30,P0052,W004,1023,1000.84955
2024-09-30,P0052,W005,474,475.5601
2024-09-30,P0052,W006,1093,1098.5859
2024-09-30,P0053,W001,404,417.10306
2024-09-30,P0053,W002,309,308.40005
2024-09-30,P0053,W003,242,229.57399
2024-09-30,P0053,W004,284,280.08734
2024-09-30,P0053,W005,262,262.82785
2024-09-30,P0053,W006,476,482.84393
2024-09-30,P0054,W001,898,884.31024
2024-09-30,P0054,W002,1662,1599.8881
2024-09-30,P0054,W003,570,586.82806
2024-09-30,P0054,W004,1473,1492.0696
2024-09-30,P0054,W005,930,927.58246
2024-09-30,P0054,W006,1543,1538.0338
2024-09-30,P0055,W001,1311,1292.079
2024-09-30,P0055,W002,801,765.5526
2024-09-30,P0055,W003,753,766.286
2024-09-30,P0055,W004,1040,1086.7174
2024-09-30,P0055,W005,1381,1369.2831
2024-09-30,P0055,W006,944,969.04095
2024-09-30,P0056,W001,658,641.2709
2024-09-30,P0056,W002,550,547.5658
2024-09-30,P0056,W003,328,334.13782
2024-09-30,P0056,W004,404,397.84924
2024-09-30,P0056,W005,857,818.38666
2024-09-30,P0056,W006,431,434.47495
2024-09-30,P0057,W001,1395,1445.2925
2024-09-30,P0057,W002,779,771.85565
2024-09-30,P0057,W003,630,638.2229
2024-09-30,P0057,W004,1362,1310.75
2024-09-30,P0057,W005,589,582.8483
2024-09-30,P0057,W006,1004,1007.3633
2024-09-30,P0058,W001,1264,1261.0283
2024-09-30,P0058,W002,1277,1266.8735
2024-09-30,P0058,W003,694,681.6154
2024-09-30,P0058,W004,1025,1004.6084
2024-09-30,P0058,W005,966,946.3704
2024-09-30,P0058,W006,1067,1062.0991
2024-09-30,P0059,W001,639,620.9305
2024-09-30,P0059,W002,485,478.77173
2024-09-30,P0059,W003,358,352.33948
2024-09-30,P0059,W004,457,450.09958
2024-09-30,P0059,W005,704,714.725
2024-09-30,P0059,W006,316,313.06555
2024-09-30,P0060,W001,623,627.5888
2024-09-30,P0060,W002,688,692.5598
2024-09-30,P0060,W003,673,675.87537
2024-09-30,P0060,W004,1118,1134.4938
2024-09-30,P0060,W005,825,804.9472
2024-09-30,P0060,W006,1128,1106.4379
2024-10-31,P0001,W001,253,253.07692
2024-10-31,P0001,W002,636,646.37994
2024-10-31,P0001,W003,301,301.49335
2024-10-31,P0001,W004,541,548.00586
2024-10-31,P0001,W005,270,269.2406
2024-10-31,P0001,W006,314,311.29706
2024-10-31,P0002,W001,663,662.9187
2024-10-31,P0002,W002,414,414.03848
2024-10-31,P0002,W003,538,539.91235
2024-10-31,P0002,W004,583,593.99664
2024-10-31,P0002,W005,556,561.2904
2024-10-31,P0002,W006,618,595.3897
2024-10-31,P0003,W001,416,416.46353
2024-10-31,P0003,W002,390,386.59448
2024-10-31,P0003,W003,188,194.08025
2024-10-31,P0003,W004,390,381.4137
2024-10-31,P0003,W005,387,389.71796
2024-10-31,P0003,W006,347,355.4568
2024-10-31,P0004,W001,706,700.79913
2024-10-31,P0004,W002,1406,1407.4583
2024-10-31,P0004,W003,1132,1135.6415
2024-10-31,P0004,W004,1149,1160.7426
2024-10-31,P0004,W005,1526,1474.9977
2024-10-31,P0004,W006,992,960.57336
2024-10-31,P0005,W001,122,122.588745
2024-10-31,P0005,W002,189,190.04617
2024-10-31,P0005,W003,319,325.30148
2024-10-31,P0005,W004,316,320.00336
2024-10-31,P0005,W005,162,165.81845
2024-10-31,P0005,W006,197,203.92863
2024-10-31,P0006,W001,238,235.65564
2024-10-31,P0006,W002,317,318.4069
2024-10-31,P0006,W003,352,343.36444
2024-10-31,P0006,W004,171,167.4764
2024-10-31,P0006,W005,352,358.45483
2024-10-31,P0006,W006,267,264.68527
2024-10-31,P0007,W001,227,228.78136
2024-10-31,P0007,W002,610,592.9795
2024-10-31,P0007,W003,261,253.3641
2024-10-31,P0007,W004,632,623.6733
2024-10-31,P0007,W005,411,412.26505
2024-10-31,P0007,W006,226,227.67464
2024-10-31,P0008,W001,435,434.72687
2024-10-31,P0008,W002,895,919.5787
2024-10-31,P0008,W003,597,585.92505
2024-10-31,P0008,W004,529,530.361
2024-10-31,P0008,W005,555,556.5207
2024-10-31,P0008,W006,1075,1048.4141
2024-10-31,P0009,W001,246,248.27428
2024-10-31,P0009,W002,336,334.9243
2024-10-31,P0009,W003,512,500.18958
2024-10-31,P0009,W004,503,517.5731
2024-10-31,P0009,W005,647,626.2498
2024-10-31,P0009,W006,310,312.0736
2024-10-31,P0010,W001,1499,1468.1931
2024-10-31,P0010,W002,672,656.28394
2024-10-31,P0010,W003,1564,1539.0181
2024-10-31,P0010,W004,1055,1035.4572
2024-10-31,P0010,W005,1403,1412.1017
2024-10-31,P0010,W006,1360,1367.7429
2024-10-31,P0011,W001,296,295.29327
2024-10-31,P0011,W002,271,270.7585
2024-10-31,P0011,W003,586,566.3545
2024-10-31,P0011,W004,258,259.18347
2024-10-31,P0011,W005,260,259.11133
2024-10-31,P0011,W006,492,492.0462
2024-10-31,P0012,W001,436,435.0389
2024-10-31,P0012,W002,414,422.9065
2024-10-31,P0012,W003,355,344.47528
2024-10-31,P0012,W004,422,416.58475
2024-10-31,P0012,W005,413,409.36237
2024-10-31,P0012,W006,380,376.5343
2024-10-31,P0013,W001,618,613.2501
2024-10-31,P0013,W002,1227,1186.9515
2024-10-31,P0013,W003,1045,998.33466
2024-10-31,P0013,W004,1502,1478.1031
2024-10-31,P0013,W005,677,661.98334
2024-10-31,P0013,W006,531,549.0867
2024-10-31,P0014,W001,527,538.6137
2024-10-31,P0014,W002,414,421.05212
2024-10-31,P0014,W003,643,659.0774
2024-10-31,P0014,W004,756,793.5563
2024-10-31,P0014,W005,842,864.57947
2024-10-31,P0014,W006,384,395.27377
2024-10-31,P0015,W001,179,187.09056
2024-10-31,P0015,W002,412,416.26562
2024-10-31,P0015,W003,406,405.0264
2024-10-31,P0015,W004,547,550.9527
2024-10-31,P0015,W005,213,216.94167
2024-10-31,P0015,W006,201,193.81717
2024-10-31,P0016,W001,297,289.2175
2024-10-31,P0016,W002,224,230.3092
2024-10-31,P0016,W003,226,225.39835
2024-10-31,P0016,W004,353,353.36777
2024-10-31,P0016,W005,331,327.7563
2024-10-31,P0016,W006,342,339.25278
2024-10-31,P0017,W001,265,263.9211
2024-10-31,P0017,W002,667,671.12726
2024-10-31,P0017,W003,606,607.7735
2024-10-31,P0017,W004,347,338.84772
2024-10-31,P0017,W005,333,321.6233
2024-10-31,P0017,W006,371,385.18292
2024-10-31,P0018,W001,378,369.90015
2024-10-31,P0018,W002,194,193.8314
2024-10-31,P0018,W003,249,245.78886
2024-10-31,P0018,W004,158,161.05894
2024-10-31,P0018,W005,351,349.28516
2024-10-31,P0018,W006,242,238.39197
2024-10-31,P0019,W001,904,920.7486
2024-10-31,P0019,W002,830,828.78046
2024-10-31,P0019,W003,614,616.15216
2024-10-31,P0019,W004,1637,1583.1727
2024-10-31,P0019,W005,1044,1035.8964
2024-10-31,P0019,W006,1444,1414.6123
2024-10-31,P0020,W001,792,813.8153
2024-10-31,P0020,W002,857,863.586
2024-10-31,P0020,W003,1180,1182.9803
2024-10-31,P0020,W004,841,860.49084
2024-10-31,P0020,W005,1115,1112.8358
2024-10-31,P0020,W006,1458,1412.3168
2024-10-31,P0021,W001,793,785.1203
2024-10-31,P0021,W002,913,912.4051
2024-10-31,P0021,W003,548,533.51306
2024-10-31,P0021,W004,497,487.76318
2024-10-31,P0021,W005,716,719.9712
2024-10-31,P0021,W006,742,727.3139
2024-10-31,P0022,W001,264,266.8877
2024-10-31,P0022,W002,230,223.40175
2024-10-31,P0022,W003,221,222.68185
2024-10-31,P0022,W004,185,193.7409
2024-10-31,P0022,W005,235,236.66985
2024-10-31,P0022,W006,213,218.55963
2024-10-31,P0023,W001,1078,1083.7589
2024-10-31,P0023,W002,1485,1475.3516
2024-10-31,P0023,W003,580,573.6408
2024-10-31,P0023,W004,1199,1235.3826
2024-10-31,P0023,W005,983,959.8916
2024-10-31,P0023,W006,1216,1198.5258
2024-10-31,P0024,W001,660,664.6503
2024-10-31,P0024,W002,678,689.21484
2024-10-31,P0024,W003,987,986.69324
2024-10-31,P0024,W004,1351,1388.7222
2024-10-31,P0024,W005,943,968.44037
2024-10-31,P0024,W006,1199,1191.5135
2024-10-31,P0025,W001,492,481.0337
2024-10-31,P0025,W002,580,576.00934
2024-10-31,P0025,W003,966,961.32733
2024-10-31,P0025,W004,1103,1068.7362
2024-10-31,P0025,W005,1191,1180.9899
2024-10-31,P0025,W006,473,487.68597
2024-10-31,P0026,W001,88,107.69932
2024-10-31,P0026,W002,140,147.42694
2024-10-31,P0026,W003,180,185.38696
2024-10-31,P0026,W004,139,147.26715
2024-10-31,P0026,W005,148,150.42943
2024-10-31,P0026,W006,200,192.44986
2024-10-31,P0027,W001,246,250.2143
2024-10-31,P0027,W002,345,345.5533
2024-10-31,P0027,W003,458,455.1056
2024-10-31,P0027,W004,347,346.52707
2024-10-31,P0027,W005,448,448.9394
2024-10-31,P0027,W006,566,550.2893
2024-10-31,P0028,W001,243,242.73837
2024-10-31,P0028,W002,147,149.53694
2024-10-31,P0028,W003,288,288.5758
2024-10-31,P0028,W004,253,255.54626
2024-10-31,P0028,W005,288,288.46585
2024-10-31,P0028,W006,194,194.44685
2024-10-31,P0029,W001,794,780.5099
2024-10-31,P0029,W002,977,970.3036
2024-10-31,P0029,W003,1075,1068.893
2024-10-31,P0029,W004,737,743.09674
2024-10-31,P0029,W005,1515,1525.8018
2024-10-31,P0029,W006,935,924.56586
2024-10-31,P0030,W001,269,263.74786
2024-10-31,P0030,W002,576,576.2272
2024-10-31,P0030,W003,411,411.0298
2024-10-31,P0030,W004,240,245.11499
2024-10-31,P0030,W005,277,278.9035
2024-10-31,P0030,W006,525,519.2934
2024-10-31,P0031,W001,1350,1368.6796
2024-10-31,P0031,W002,1315,1317.9193
2024-10-31,P0031,W003,1051,1041.2323
2024-10-31,P0031,W004,973,979.9704
2024-10-31,P0031,W005,1581,1552.863
2024-10-31,P0031,W006,784,772.0949
2024-10-31,P0032,W001,477,481.07614
2024-10-31,P0032,W002,726,731.7486
2024-10-31,P0032,W003,458,450.27545
2024-10-31,P0032,W004,686,674.74146
2024-10-31,P0032,W005,772,773.2456
2024-10-31,P0032,W006,388,383.68845
2024-10-31,P0033,W001,631,695.1268
2024-10-31,P0033,W002,1230,1308.5564
2024-10-31,P0033,W003,1063,1148.5457
2024-10-31,P0033,W004,1304,1386.0198
2024-10-31,P0033,W005,1122,1180.9462
2024-10-31,P0033,W006,1413,1489.3076
2024-10-31,P0034,W001,247,250.22427
2024-10-31,P0034,W002,103,114.48146
2024-10-31,P0034,W003,94,110.405594
2024-10-31,P0034,W004,168,167.09177
2024-10-31,P0034,W005,190,189.60532
2024-10-31,P0034,W006,175,182.01833
2024-10-31,P0035,W001,171,169.93242
2024-10-31,P0035,W002,155,158.15346
2024-10-31,P0035,W003,214,208.34431
2024-10-31,P0035,W004,221,223.54947
2024-10-31,P0035,W005,132,128.8501
2024-10-31,P0035,W006,280,275.8373
2024-10-31,P0036,W001,366,386.96936
2024-10-31,P0036,W002,457,497.26743
2024-10-31,P0036,W003,595,624.5722
2024-10-31,P0036,W004,920,938.4881
2024-10-31,P0036,W005,366,376.23428
2024-10-31,P0036,W006,853,849.78705
2024-10-31,P0037,W001,840,818.7848
2024-10-31,P0037,W002,873,860.0061
2024-10-31,P0037,W003,651,659.61255
2024-10-31,P0037,W004,818,787.8952
2024-10-31,P0037,W005,446,442.55408
2024-10-31,P0037,W006,332,328.52795
2024-10-31,P0038,W001,440,444.1503
2024-10-31,P0038,W002,557,563.6118
2024-10-31,P0038,W003,666,652.2133
2024-10-31,P0038,W004,514,523.7322
2024-10-31,P0038,W005,621,604.62024
2024-10-31,P0038,W006,783,771.03156
2024-10-31,P0039,W001,941,958.8877
2024-10-31,P0039,W002,773,766.56683
2024-10-31,P0039,W003,771,774.82733
2024-10-31,P0039,W004,807,808.00275
2024-10-31,P0039,W005,1241,1239.9407
2024-10-31,P0039,W006,848,870.3296
2024-10-31,P0040,W001,1363,1389.2892
2024-10-31,P0040,W002,585,591.3493
2024-10-31,P0040,W003,600,609.628
2024-10-31,P0040,W004,877,871.4422
2024-10-31,P0040,W005,1020,1046.2085
2024-10-31,P0040,W006,1098,1100.5284
2024-10-31,P0041,W001,853,874.91547
2024-10-31,P0041,W002,788,771.93713
2024-10-31,P0041,W003,585,584.5511
2024-10-31,P0041,W004,425,437.2034
2024-10-31,P0041,W005,579,594.45764
2024-10-31,P0041,W006,832,822.72815
2024-10-31,P0042,W001,471,458.20883
2024-10-31,P0042,W002,691,692.57556
2024-10-31,P0042,W003,671,665.7439
2024-10-31,P0042,W004,882,895.0273
2024-10-31,P0042,W005,822,819.24786
2024-10-31,P0042,W006,978,994.9772
2024-10-31,P0043,W001,674,661.95703
2024-10-31,P0043,W002,920,879.7211
2024-10-31,P0043,W003,783,783.4822
2024-10-31,P0043,W004,712,725.8244
2024-10-31,P0043,W005,657,628.1321
2024-10-31,P0043,W006,503,499.80243
2024-10-31,P0044,W001,226,229.40405
2024-10-31,P0044,W002,152,158.37093
2024-10-31,P0044,W003,208,216.19772
2024-10-31,P0044,W004,157,168.092
2024-10-31,P0044,W005,250,254.17139
2024-10-31,P0044,W006,156,161.46063
2024-10-31,P0045,W001,1401,1403.7626
2024-10-31,P0045,W002,622,618.2185
2024-10-31,P0045,W003,613,610.5199
2024-10-31,P0045,W004,998,1003.8484
2024-10-31,P0045,W005,1310,1352.8541
2024-10-31,P0045,W006,1236,1206.6823
2024-10-31,P0046,W001,405,427.3647
2024-10-31,P0046,W002,777,797.3096
2024-10-31,P0046,W003,692,710.2519
2024-10-31,P0046,W004,416,429.9559
2024-10-31,P0046,W005,675,691.9783
2024-10-31,P0046,W006,535,537.95593
2024-10-31,P0047,W001,478,485.20178
2024-10-31,P0047,W002,434,434.86478
2024-10-31,P0047,W003,324,326.1713
2024-10-31,P0047,W004,643,641.5098
2024-10-31,P0047,W005,753,757.442
2024-10-31,P0047,W006,306,302.73148
2024-10-31,P0048,W001,830,807.3993
2024-10-31,P0048,W002,1612,1584.1187
2024-10-31,P0048,W003,766,752.1298
2024-10-31,P0048,W004,830,847.5739
2024-10-31,P0048,W005,1179,1180.0504
2024-10-31,P0048,W006,854,876.29614
2024-10-31,P0049,W001,869,846.0726
2024-10-31,P0049,W002,510,502.61694
2024-10-31,P0049,W003,728,736.45374
2024-10-31,P0049,W004,599,594.84985
2024-10-31,P0049,W005,584,583.3127
2024-10-31,P0049,W006,501,499.33575
2024-10-31,P0050,W001,1628,1607.6847
2024-10-31,P0050,W002,1010,1021.2794
2024-10-31,P0050,W003,945,957.7506
2024-10-31,P0050,W004,1345,1407.8822
2024-10-31,P0050,W005,783,834.7594
2024-10-31,P0050,W006,1205,1238.9006
2024-10-31,P0051,W001,803,807.79456
2024-10-31,P0051,W002,474,462.81595
2024-10-31,P0051,W003,1211,1210.9589
2024-10-31,P0051,W004,1090,1107.7308
2024-10-31,P0051,W005,673,701.744
2024-10-31,P0051,W006,862,828.7113
2024-10-31,P0052,W001,841,842.58185
2024-10-31,P0052,W002,946,952.6542
2024-10-31,P0052,W003,802,817.47504
2024-10-31,P0052,W004,1082,1090.1176
2024-10-31,P0052,W005,470,481.80032
2024-10-31,P0052,W006,1113,1107.8967
2024-10-31,P0053,W001,405,399.06415
2024-10-31,P0053,W002,343,333.27783
2024-10-31,P0053,W003,247,243.75777
2024-10-31,P0053,W004,300,295.47665
2024-10-31,P0053,W005,259,261.01007
2024-10-31,P0053,W006,484,476.92978
2024-10-31,P0054,W001,902,909.5781
2024-10-31,P0054,W002,1581,1583.6814
2024-10-31,P0054,W003,600,594.662
2024-10-31,P0054,W004,1535,1498.9742
2024-10-31,P0054,W005,986,980.0883
2024-10-31,P0054,W006,1566,1558.8037
2024-10-31,P0055,W001,1424,1403.2142
2024-10-31,P0055,W002,826,827.26416
2024-10-31,P0055,W003,790,761.16223
2024-10-31,P0055,W004,1136,1108.706
2024-10-31,P0055,W005,1478,1442.2004
2024-10-31,P0055,W006,948,949.4873
2024-10-31,P0056,W001,670,660.2293
2024-10-31,P0056,W002,564,554.50494
2024-10-31,P0056,W003,336,333.4682
2024-10-31,P0056,W004,428,417.8148
2024-10-31,P0056,W005,835,848.9181
2024-10-31,P0056,W006,436,432.68402
2024-10-31,P0057,W001,1400,1376.1802
2024-10-31,P0057,W002,810,798.54565
2024-10-31,P0057,W003,670,652.6681
2024-10-31,P0057,W004,1438,1421.9506
2024-10-31,P0057,W005,591,600.84796
2024-10-31,P0057,W006,958,983.13855
2024-10-31,P0058,W001,1347,1316.7864
2024-10-31,P0058,W002,1375,1344.8525
2024-10-31,P0058,W003,725,735.60547
2024-10-31,P0058,W004,1074,1078.0516
2024-10-31,P0058,W005,933,959.99963
2024-10-31,P0058,W006,1089,1082.435
2024-10-31,P0059,W001,583,599.43427
2024-10-31,P0059,W002,538,527.88745
2024-10-31,P0059,W003,366,360.83508
2024-10-31,P0059,W004,470,464.19647
2024-10-31,P0059,W005,720,718.92615
2024-10-31,P0059,W006,310,312.7808
2024-10-31,P0060,W001,667,658.0215
2024-10-31,P0060,W002,690,696.9172
2024-10-31,P0060,W003,715,706.9713
2024-10-31,P0060,W004,1179,1160.8586
2024-10-31,P0060,W005,820,827.02356
2024-10-31,P0060,W006,1221,1193.2031
2024-11-30,P0001,W001,290,284.86813
2024-11-30,P0001,W002,672,682.1237
2024-11-30,P0001,W003,354,347.2588
2024-11-30,P0001,W004,601,607.94244
2024-11-30,P0001,W005,300,294.9062
2024-11-30,P0001,W006,358,353.40228
2024-11-30,P0002,W001,706,720.5465
2024-11-30,P0002,W002,466,464.31564
2024-11-30,P0002,W003,618,615.5922
2024-11-30,P0002,W004,675,652.9131
2024-11-30,P0002,W005,677,655.3928
2024-11-30,P0002,W006,712,709.3188
2024-11-30,P0003,W001,457,448.97928
2024-11-30,P0003,W002,420,425.92706
2024-11-30,P0003,W003,220,205.15247
2024-11-30,P0003,W004,420,427.05673
2024-11-30,P0003,W005,425,422.7461
2024-11-30,P0003,W006,432,418.0274
2024-11-30,P0004,W001,760,769.86597
2024-11-30,P0004,W002,1586,1590.7036
2024-11-30,P0004,W003,1235,1220.6993
2024-11-30,P0004,W004,1210,1232.3141
2024-11-30,P0004,W005,1665,1669.5415
2024-11-30,P0004,W006,1045,1080.916
2024-11-30,P0005,W001,160,173.76302
2024-11-30,P0005,W002,264,263.7634
2024-11-30,P0005,W003,422,427.475
2024-11-30,P0005,W004,382,410.8159
2024-11-30,P0005,W005,222,224.57741
2024-11-30,P0005,W006,255,264.4697
2024-11-30,P0006,W001,252,257.9794
2024-11-30,P0006,W002,343,344.37057
2024-11-30,P0006,W003,391,405.67722
2024-11-30,P0006,W004,188,194.3826
2024-11-30,P0006,W005,417,397.12726
2024-11-30,P0006,W006,292,294.9587
2024-11-30,P0007,W001,263,265.7386
2024-11-30,P0007,W002,655,669.1987
2024-11-30,P0007,W003,298,300.4957
2024-11-30,P0007,W004,715,714.859
2024-11-30,P0007,W005,458,461.27032
2024-11-30,P0007,W006,257,262.29715
2024-11-30,P0008,W001,516,520.4495
2024-11-30,P0008,W002,1031,1026.8993
2024-11-30,P0008,W003,621,635.25726
2024-11-30,P0008,W004,604,614.5662
2024-11-30,P0008,W005,633,633.72516
2024-11-30,P0008,W006,1282,1252.9836
2024-11-30,P0009,W001,272,270.08896
2024-11-30,P0009,W002,369,371.9713
2024-11-30,P0009,W003,546,565.6033
2024-11-30,P0009,W004,587,587.83203
2024-11-30,P0009,W005,684,709.1794
2024-11-30,P0009,W006,356,359.26065
2024-11-30,P0010,W001,1744,1715.904
2024-11-30,P0010,W002,819,832.9829
2024-11-30,P0010,W003,1819,1776.6622
2024-11-30,P0010,W004,1135,1144.8448
2024-11-30,P0010,W005,1551,1562.151
2024-11-30,P0010,W006,1490,1518.6909
2024-11-30,P0011,W001,305,307.04138
2024-11-30,P0011,W002,309,310.33255
2024-11-30,P0011,W003,647,660.4447
2024-11-30,P0011,W004,283,272.48254
2024-11-30,P0011,W005,291,290.8317
2024-11-30,P0011,W006,586,587.77936
2024-11-30,P0012,W001,491,486.64536
2024-11-30,P0012,W002,496,489.2694
2024-11-30,P0012,W003,383,390.3205
2024-11-30,P0012,W004,461,461.7073
2024-11-30,P0012,W005,463,459.78403
2024-11-30,P0012,W006,421,423.63446
2024-11-30,P0013,W001,686,702.5364
2024-11-30,P0013,W002,1320,1326.5555
2024-11-30,P0013,W003,1245,1228.8679
2024-11-30,P0013,W004,1599,1624.0972
2024-11-30,P0013,W005,734,745.82214
2024-11-30,P0013,W006,593,580.7094
2024-11-30,P0014,W001,582,570.30725
2024-11-30,P0014,W002,430,424.48465
2024-11-30,P0014,W003,669,666.1636
2024-11-30,P0014,W004,808,811.739
2024-11-30,P0014,W005,913,906.6605
2024-11-30,P0014,W006,389,399.01862
2024-11-30,P0015,W001,212,211.02971
2024-11-30,P0015,W002,464,458.6955
2024-11-30,P0015,W003,506,492.52704
2024-11-30,P0015,W004,604,604.45435
2024-11-30,P0015,W005,241,243.78185
2024-11-30,P0015,W006,226,235.64832
2024-11-30,P0016,W001,346,346.15027
2024-11-30,P0016,W002,251,249.98915
2024-11-30,P0016,W003,258,257.45038
2024-11-30,P0016,W004,381,386.0601
2024-11-30,P0016,W005,374,366.99338
2024-11-30,P0016,W006,373,374.70258
2024-11-30,P0017,W001,317,314.59668
2024-11-30,P0017,W002,809,777.25024
2024-11-30,P0017,W003,720,689.10974
2024-11-30,P0017,W004,396,387.26038
2024-11-30,P0017,W005,352,364.2601
2024-11-30,P0017,W006,453,433.93777
2024-11-30,P0018,W001,399,416.04593
2024-11-30,P0018,W002,208,213.74893
2024-11-30,P0018,W003,268,271.8979
2024-11-30,P0018,W004,177,181.15309
2024-11-30,P0018,W005,391,393.32437
2024-11-30,P0018,W006,252,258.20078
2024-11-30,P0019,W001,1074,1041.663
2024-11-30,P0019,W002,930,925.09955
2024-11-30,P0019,W003,696,698.9322
2024-11-30,P0019,W004,1898,1850.7961
2024-11-30,P0019,W005,1149,1157.476
2024-11-30,P0019,W006,1603,1620.7603
2024-11-30,P0020,W001,904,886.0654
2024-11-30,P0020,W002,934,931.91925
2024-11-30,P0020,W003,1347,1294.6184
2024-11-30,P0020,W004,875,896.8974
2024-11-30,P0020,W005,1295,1276.6976
2024-11-30,P0020,W006,1569,1595.3989
2024-11-30,P0021,W001,911,900.09454
2024-11-30,P0021,W002,1020,1000.206
2024-11-30,P0021,W003,602,621.145
2024-11-30,P0021,W004,542,569.0205
2024-11-30,P0021,W005,869,847.8267
2024-11-30,P0021,W006,839,841.8239
2024-11-30,P0022,W001,269,276.82526
2024-11-30,P0022,W002,247,257.58478
2024-11-30,P0022,W003,242,239.65953
2024-11-30,P0022,W004,206,208.28227
2024-11-30,P0022,W005,245,255.7823
2024-11-30,P0022,W006,208,218.19943
2024-11-30,P0023,W001,1266,1243.5051
2024-11-30,P0023,W002,1681,1638.2255
2024-11-30,P0023,W003,676,660.62964
2024-11-30,P0023,W004,1418,1354.0084
2024-11-30,P0023,W005,1061,1080.3639
2024-11-30,P0023,W006,1414,1362.2545
2024-11-30,P0024,W001,728,714.87476
2024-11-30,P0024,W002,798,766.46875
2024-11-30,P0024,W003,1162,1114.0178
2024-11-30,P0024,W004,1557,1521.8508
2024-11-30,P0024,W005,1015,1003.24536
2024-11-30,P0024,W006,1332,1351.6398
2024-11-30,P0025,W001,642,667.91364
2024-11-30,P0025,W002,786,790.81683
2024-11-30,P0025,W003,1317,1330.1412
2024-11-30,P0025,W004,1512,1510.7306
2024-11-30,P0025,W005,1678,1596.8887
2024-11-30,P0025,W006,713,698.08765
2024-11-30,P0026,W001,100,109.71477
2024-11-30,P0026,W002,158,164.58258
2024-11-30,P0026,W003,214,214.26227
2024-11-30,P0026,W004,166,166.55943
2024-11-30,P0026,W005,157,169.05502
2024-11-30,P0026,W006,220,218.95619
2024-11-30,P0027,W001,261,260.76395
2024-11-30,P0027,W002,386,383.17896
2024-11-30,P0027,W003,533,520.2701
2024-11-30,P0027,W004,400,394.5552
2024-11-30,P0027,W005,491,497.5866
2024-11-30,P0027,W006,614,626.5959
2024-11-30,P0028,W001,289,278.8501
2024-11-30,P0028,W002,169,176.75394
2024-11-30,P0028,W003,320,322.86777
2024-11-30,P0028,W004,294,298.20392
2024-11-30,P0028,W005,311,318.05298
2024-11-30,P0028,W006,225,232.84375
2024-11-30,P0029,W001,839,846.37646
2024-11-30,P0029,W002,1100,1090.5289
2024-11-30,P0029,W003,1205,1200.4733
2024-11-30,P0029,W004,823,824.7849
2024-11-30,P0029,W005,1650,1617.1355
2024-11-30,P0029,W006,1122,1100.4854
2024-11-30,P0030,W001,293,296.22943
2024-11-30,P0030,W002,649,654.4422
2024-11-30,P0030,W003,442,452.35352
2024-11-30,P0030,W004,271,272.31934
2024-11-30,P0030,W005,323,323.8562
2024-11-30,P0030,W006,578,591.96375
2024-11-30,P0031,W001,1441,1477.3416
2024-11-30,P0031,W002,1500,1484.9258
2024-11-30,P0031,W003,1245,1209.6738
2024-11-30,P0031,W004,1162,1127.9828
2024-11-30,P0031,W005,1837,1777.1584
2024-11-30,P0031,W006,920,913.6959
2024-11-30,P0032,W001,513,522.41455
2024-11-30,P0032,W002,753,772.68835
2024-11-30,P0032,W003,501,523.8303
2024-11-30,P0032,W004,749,782.86914
2024-11-30,P0032,W005,823,843.5441
2024-11-30,P0032,W006,424,438.90652
2024-11-30,P0033,W001,652,658.4382
2024-11-30,P0033,W002,1276,1255.5103
2024-11-30,P0033,W003,1085,1067.5645
2024-11-30,P0033,W004,1343,1317.2506
2024-11-30,P0033,W005,1148,1146.1846
2024-11-30,P0033,W006,1537,1506.4712
2024-11-30,P0034,W001,301,290.1137
2024-11-30,P0034,W002,119,132.19261
2024-11-30,P0034,W003,97,118.77738
2024-11-30,P0034,W004,178,184.84744
2024-11-30,P0034,W005,206,209.1578
2024-11-30,P0034,W006,203,200.8832
2024-11-30,P0035,W001,191,199.97139
2024-11-30,P0035,W002,165,167.94835
2024-11-30,P0035,W003,238,240.4461
2024-11-30,P0035,W004,241,244.23306
2024-11-30,P0035,W005,143,156.00272
2024-11-30,P0035,W006,329,320.81604
2024-11-30,P0036,W001,415,448.65894
2024-11-30,P0036,W002,555,568.3724
2024-11-30,P0036,W003,641,688.0582
2024-11-30,P0036,W004,1057,1087.8323
2024-11-30,P0036,W005,398,413.9266
2024-11-30,P0036,W006,962,1032.2924
2024-11-30,P0037,W001,930,936.0608
2024-11-30,P0037,W002,950,965.0773
2024-11-30,P0037,W003,774,768.77234
2024-11-30,P0037,W004,881,897.2487
2024-11-30,P0037,W005,540,516.40845
2024-11-30,P0037,W006,373,372.64926
2024-11-30,P0038,W001,556,538.0006
2024-11-30,P0038,W002,680,664.8567
2024-11-30,P0038,W003,737,751.72076
2024-11-30,P0038,W004,621,604.6176
2024-11-30,P0038,W005,704,715.64954
2024-11-30,P0038,W006,861,860.11664
2024-11-30,P0039,W001,1150,1121.8823
2024-11-30,P0039,W002,882,879.8591
2024-11-30,P0039,W003,899,876.83777
2024-11-30,P0039,W004,902,899.28174
2024-11-30,P0039,W005,1361,1359.7688
2024-11-30,P0039,W006,994,947.1877
2024-11-30,P0040,W001,1549,1568.7028
2024-11-30,P0040,W002,739,729.1953
2024-11-30,P0040,W003,696,700.1144
2024-11-30,P0040,W004,987,1030.393
2024-11-30,P0040,W005,1186,1201.22
2024-11-30,P0040,W006,1380,1353.0541
2024-11-30,P0041,W001,1005,977.6618
2024-11-30,P0041,W002,903,900.43164
2024-11-30,P0041,W003,641,660.9874
2024-11-30,P0041,W004,511,484.3494
2024-11-30,P0041,W005,666,660.15497
2024-11-30,P0041,W006,916,910.5914
2024-11-30,P0042,W001,506,516.37775
2024-11-30,P0042,W002,798,805.96466
2024-11-30,P0042,W003,719,714.3152
2024-11-30,P0042,W004,922,947.34796
2024-11-30,P0042,W005,932,912.6482
2024-11-30,P0042,W006,1069,1065.5529
2024-11-30,P0043,W001,756,744.5406
2024-11-30,P0043,W002,1060,1047.6129
2024-11-30,P0043,W003,862,876.1214
2024-11-30,P0043,W004,779,785.20404
2024-11-30,P0043,W005,725,723.7463
2024-11-30,P0043,W006,531,542.44635
2024-11-30,P0044,W001,256,252.38387
2024-11-30,P0044,W002,177,181.72653
2024-11-30,P0044,W003,227,235.87416
2024-11-30,P0044,W004,176,177.01164
2024-11-30,P0044,W005,276,274.8644
2024-11-30,P0044,W006,174,176.51453
2024-11-30,P0045,W001,1584,1576.9752
2024-11-30,P0045,W002,721,726.1333
2024-11-30,P0045,W003,664,681.22125
2024-11-30,P0045,W004,1051,1065.9059
2024-11-30,P0045,W005,1543,1468.7717
2024-11-30,P0045,W006,1370,1348.3107
2024-11-30,P0046,W001,485,466.48245
2024-11-30,P0046,W002,873,865.0596
2024-11-30,P0046,W003,741,742.6966
2024-11-30,P0046,W004,459,463.0868
2024-11-30,P0046,W005,753,765.9394
2024-11-30,P0046,W006,633,620.86365
2024-11-30,P0047,W001,545,534.0776
2024-11-30,P0047,W002,495,511.29144
2024-11-30,P0047,W003,370,362.41492
2024-11-30,P0047,W004,717,719.2877
2024-11-30,P0047,W005,843,816.2942
2024-11-30,P0047,W006,340,332.58182
2024-11-30,P0048,W001,1117,1160.0775
2024-11-30,P0048,W002,2103,2082.2878
2024-11-30,P0048,W003,1044,1079.9591
2024-11-30,P0048,W004,1143,1155.7268
2024-11-30,P0048,W005,1532,1556.6349
2024-11-30,P0048,W006,1198,1178.0284
2024-11-30,P0049,W001,965,950.63257
2024-11-30,P0049,W002,588,588.893
2024-11-30,P0049,W003,855,827.2567
2024-11-30,P0049,W004,650,650.3704
2024-11-30,P0049,W005,650,651.1554
2024-11-30,P0049,W006,568,558.32434
2024-11-30,P0050,W001,1704,1740.3933
2024-11-30,P0050,W002,1160,1134.1053
2024-11-30,P0050,W003,1082,1075.4336
2024-11-30,P0050,W004,1505,1516.6744
2024-11-30,P0050,W005,863,850.99585
2024-11-30,P0050,W006,1395,1346.2521
2024-11-30,P0051,W001,798,846.7484
2024-11-30,P0051,W002,470,507.86365
2024-11-30,P0051,W003,1159,1216.4497
2024-11-30,P0051,W004,1108,1167.7075
2024-11-30,P0051,W005,629,670.88885
2024-11-30,P0051,W006,796,840.88007
2024-11-30,P0052,W001,956,946.6994
2024-11-30,P0052,W002,1027,1037.079
2024-11-30,P0052,W003,953,925.2674
2024-11-30,P0052,W004,1211,1190.6982
2024-11-30,P0052,W005,524,525.60767
2024-11-30,P0052,W006,1275,1263.1128
2024-11-30,P0053,W001,480,457.365
2024-11-30,P0053,W002,371,375.6087
2024-11-30,P0053,W003,279,284.44757
2024-11-30,P0053,W004,334,331.3866
2024-11-30,P0053,W005,290,286.05347
2024-11-30,P0053,W006,535,540.85406
2024-11-30,P0054,W001,1040,1036.0127
2024-11-30,P0054,W002,1949,1878.7686
2024-11-30,P0054,W003,715,703.1681
2024-11-30,P0054,W004,1768,1795.7859
2024-11-30,P0054,W005,1119,1134.6373
2024-11-30,P0054,W006,1772,1768.4266
2024-11-30,P0055,W001,1552,1566.375
2024-11-30,P0055,W002,927,928.57007
2024-11-30,P0055,W003,878,888.01245
2024-11-30,P0055,W004,1237,1242.0519
2024-11-30,P0055,W005,1642,1627.7223
2024-11-30,P0055,W006,1073,1055.0386
2024-11-30,P0056,W001,778,764.2403
2024-11-30,P0056,W002,639,629.4597
2024-11-30,P0056,W003,360,359.93274
2024-11-30,P0056,W004,486,485.86264
2024-11-30,P0056,W005,996,958.9911
2024-11-30,P0056,W006,523,510.89713
2024-11-30,P0057,W001,1626,1608.6975
2024-11-30,P0057,W002,875,885.1619
2024-11-30,P0057,W003,741,762.4013
2024-11-30,P0057,W004,1579,1602.0327
2024-11-30,P0057,W005,621,632.7778
2024-11-30,P0057,W006,1145,1123.6404
2024-11-30,P0058,W001,1499,1515.778
2024-11-30,P0058,W002,1530,1518.8531
2024-11-30,P0058,W003,813,811.1163
2024-11-30,P0058,W004,1254,1238.0067
2024-11-30,P0058,W005,1067,1046.2443
2024-11-30,P0058,W006,1205,1197.6628
2024-11-30,P0059,W001,716,695.9079
2024-11-30,P0059,W002,560,580.77026
2024-11-30,P0059,W003,411,416.1773
2024-11-30,P0059,W004,540,548.6893
2024-11-30,P0059,W005,839,822.2988
2024-11-30,P0059,W006,361,350.95764
2024-11-30,P0060,W001,726,724.89935
2024-11-30,P0060,W002,797,790.0993
2024-11-30,P0060,W003,800,793.8776
2024-11-30,P0060,W004,1328,1343.6365
2024-11-30,P0060,W005,877,898.1043
2024-11-30,P0060,W006,1349,1328.6492
2024-12-31,P0001,W001,339,336.60336
2024-12-31,P0001,W002,786,780.7252
2024-12-31,P0001,W003,409,414.635
2024-12-31,P0001,W004,744,717.9563
2024-12-31,P0001,W005,369,368.29218
2024-12-31,P0001,W006,404,409.89127
2024-12-31,P0002,W001,905,883.64966
2024-12-31,P0002,W002,559,552.6641
2024-12-31,P0002,W003,766,737.1044
2024-12-31,P0002,W004,812,816.8818
2024-12-31,P0002,W005,770,769.0287
2024-12-31,P0002,W006,809,816.60913
2024-12-31,P0003,W001,544,557.6923
2024-12-31,P0003,W002,514,501.34613
2024-12-31,P0003,W003,273,273.51837
2024-12-31,P0003,W004,495,504.2389
2024-12-31,P0003,W005,533,521.59985
2024-12-31,P0003,W006,524,517.9361
2024-12-31,P0004,W001,962,931.7519
2024-12-31,P0004,W002,1844,1848.4149
2024-12-31,P0004,W003,1538,1504.2826
2024-12-31,P0004,W004,1543,1506.1743
2024-12-31,P0004,W005,1985,1991.6705
2024-12-31,P0004,W006,1288,1300.3376
2024-12-31,P0005,W001,167,173.45984
2024-12-31,P0005,W002,252,263.96518
2024-12-31,P0005,W003,425,436.5355
2024-12-31,P0005,W004,409,416.62518
2024-12-31,P0005,W005,232,235.36023
2024-12-31,P0005,W006,266,272.10498
2024-12-31,P0006,W001,316,313.70285
2024-12-31,P0006,W002,420,416.93683
2024-12-31,P0006,W003,477,458.79852
2024-12-31,P0006,W004,238,237.38065
2024-12-31,P0006,W005,490,488.64236
2024-12-31,P0006,W006,333,335.94177
2024-12-31,P0007,W001,305,308.20343
2024-12-31,P0007,W002,810,796.9092
2024-12-31,P0007,W003,361,365.4495
2024-12-31,P0007,W004,786,807.9796
2024-12-31,P0007,W005,569,565.05524
2024-12-31,P0007,W006,297,301.23642
2024-12-31,P0008,W001,603,579.221
2024-12-31,P0008,W002,1264,1209.7804
2024-12-31,P0008,W003,803,777.6789
2024-12-31,P0008,W004,699,703.65515
2024-12-31,P0008,W005,728,728.55554
2024-12-31,P0008,W006,1495,1482.539
2024-12-31,P0009,W001,312,329.76004
2024-12-31,P0009,W002,484,472.20914
2024-12-31,P0009,W003,654,663.92017
2024-12-31,P0009,W004,700,691.8935
2024-12-31,P0009,W005,832,835.85657
2024-12-31,P0009,W006,406,399.9243
2024-12-31,P0010,W001,1992,2016.7021
2024-12-31,P0010,W002,980,978.25073
2024-12-31,P0010,W003,2170,2122.9158
2024-12-31,P0010,W004,1375,1340.557
2024-12-31,P0010,W005,1830,1847.0857
2024-12-31,P0010,W006,1842,1821.9128
2024-12-31,P0011,W001,380,369.9549
2024-12-31,P0011,W002,356,358.66147
2024-12-31,P0011,W003,759,753.6473
2024-12-31,P0011,W004,334,340.52234
2024-12-31,P0011,W005,329,338.8736
2024-12-31,P0011,W006,638,643.37665
2024-12-31,P0012,W001,563,562.6129
2024-12-31,P0012,W002,576,578.6633
2024-12-31,P0012,W003,479,467.3207
2024-12-31,P0012,W004,560,555.9489
2024-12-31,P0012,W005,549,555.4251
2024-12-31,P0012,W006,536,514.2633
2024-12-31,P0013,W001,844,847.3493
2024-12-31,P0013,W002,1557,1560.7659
2024-12-31,P0013,W003,1440,1408.6277
2024-12-31,P0013,W004,1921,1933.4459
2024-12-31,P0013,W005,909,885.6213
2024-12-31,P0013,W006,758,746.07056
2024-12-31,P0014,W001,818,848.4822
2024-12-31,P0014,W002,605,653.8858
2024-12-31,P0014,W003,953,1002.0144
2024-12-31,P0014,W004,1174,1197.4877
2024-12-31,P0014,W005,1324,1336.3646
2024-12-31,P0014,W006,540,577.27606
2024-12-31,P0015,W001,251,254.8351
2024-12-31,P0015,W002,548,547.942
2024-12-31,P0015,W003,580,590.86084
2024-12-31,P0015,W004,710,700.8863
2024-12-31,P0015,W005,282,277.65952
2024-12-31,P0015,W006,265,264.1474
2024-12-31,P0016,W001,410,411.89233
2024-12-31,P0016,W002,293,293.37094
2024-12-31,P0016,W003,322,320.45126
2024-12-31,P0016,W004,481,472.4776
2024-12-31,P0016,W005,414,420.12192
2024-12-31,P0016,W006,446,445.685
2024-12-31,P0017,W001,365,361.03937
2024-12-31,P0017,W002,886,912.25
2024-12-31,P0017,W003,805,814.6706
2024-12-31,P0017,W004,468,472.96362
2024-12-31,P0017,W005,419,409.9452
2024-12-31,P0017,W006,495,500.30258
2024-12-31,P0018,W001,508,491.3444
2024-12-31,P0018,W002,251,251.84158
2024-12-31,P0018,W003,320,325.81302
2024-12-31,P0018,W004,226,229.36519
2024-12-31,P0018,W005,478,471.71884
2024-12-31,P0018,W006,299,294.94696
2024-12-31,P0019,W001,1262,1273.9592
2024-12-31,P0019,W002,1127,1119.9384
2024-12-31,P0019,W003,825,813.421
2024-12-31,P0019,W004,2103,2091.5403
2024-12-31,P0019,W005,1360,1365.123
2024-12-31,P0019,W006,2057,1986.5541
2024-12-31,P0020,W001,1104,1081.2069
2024-12-31,P0020,W002,1244,1172.0872
2024-12-31,P0020,W003,1649,1587.6715
2024-12-31,P0020,W004,1131,1105.275
2024-12-31,P0020,W005,1493,1536.1791
2024-12-31,P0020,W006,1856,1869.2877
2024-12-31,P0021,W001,1099,1082.874
2024-12-31,P0021,W002,1152,1135.5114
2024-12-31,P0021,W003,679,691.0908
2024-12-31,P0021,W004,668,666.07855
2024-12-31,P0021,W005,992,990.8568
2024-12-31,P0021,W006,981,985.5502
2024-12-31,P0022,W001,324,326.14944
2024-12-31,P0022,W002,299,300.93253
2024-12-31,P0022,W003,294,292.28387
2024-12-31,P0022,W004,235,237.76752
2024-12-31,P0022,W005,293,293.3278
2024-12-31,P0022,W006,267,264.2244
2024-12-31,P0023,W001,1538,1510.5822
2024-12-31,P0023,W002,1967,1916.0618
2024-12-31,P0023,W003,749,768.3097
2024-12-31,P0023,W004,1659,1691.6063
2024-12-31,P0023,W005,1262,1257.8928
2024-12-31,P0023,W006,1630,1652.0757
2024-12-31,P0024,W001,882,882.8458
2024-12-31,P0024,W002,943,967.3869
2024-12-31,P0024,W003,1341,1339.7523
2024-12-31,P0024,W004,1870,1864.0685
2024-12-31,P0024,W005,1270,1264.9458
2024-12-31,P0024,W006,1655,1644.5413
2024-12-31,P0025,W001,624,692.9341
2024-12-31,P0025,W002,750,807.67737
2024-12-31,P0025,W003,1381,1438.2616
2024-12-31,P0025,W004,1598,1654.4375
2024-12-31,P0025,W005,1618,1715.7462
2024-12-31,P0025,W006,690,756.4728
2024-12-31,P0026,W001,117,125.024445
2024-12-31,P0026,W002,185,189.72849
2024-12-31,P0026,W003,252,251.61372
2024-12-31,P0026,W004,192,196.8755
2024-12-31,P0026,W005,191,192.74355
2024-12-31,P0026,W006,252,260.5937
2024-12-31,P0027,W001,339,329.48264
2024-12-31,P0027,W002,461,466.82834
2024-12-31,P0027,W003,599,611.5338
2024-12-31,P0027,W004,485,478.19333
2024-12-31,P0027,W005,598,603.21466
2024-12-31,P0027,W006,744,751.5428
2024-12-31,P0028,W001,392,418.50403
2024-12-31,P0028,W002,225,241.76392
2024-12-31,P0028,W003,457,464.74167
2024-12-31,P0028,W004,370,406.43677
2024-12-31,P0028,W005,433,448.93445
2024-12-31,P0028,W006,303,323.01187
2024-12-31,P0029,W001,1030,1022.22003
2024-12-31,P0029,W002,1286,1266.9553
2024-12-31,P0029,W003,1473,1440.6428
2024-12-31,P0029,W004,985,983.75183
2024-12-31,P0029,W005,1986,1961.1414
2024-12-31,P0029,W006,1287,1311.0862
2024-12-31,P0030,W001,364,363.87012
2024-12-31,P0030,W002,786,776.4518
2024-12-31,P0030,W003,581,557.98035
2024-12-31,P0030,W004,320,325.53546
2024-12-31,P0030,W005,392,384.2191
2024-12-31,P0030,W006,700,695.0588
2024-12-31,P0031,W001,1865,1781.583
2024-12-31,P0031,W002,1848,1830.8062
2024-12-31,P0031,W003,1328,1352.7012
2024-12-31,P0031,W004,1298,1348.3335
2024-12-31,P0031,W005,2105,2102.6582
2024-12-31,P0031,W006,1134,1124.2208
2024-12-31,P0032,W001,606,606.6226
2024-12-31,P0032,W002,934,913.021
2024-12-31,P0032,W003,597,594.965
2024-12-31,P0032,W004,882,872.9758
2024-12-31,P0032,W005,955,946.2713
2024-12-31,P0032,W006,468,475.66052
2024-12-31,P0033,W001,840,837.79694
2024-12-31,P0033,W002,1534,1513.6865
2024-12-31,P0033,W003,1347,1287.8031
2024-12-31,P0033,W004,1519,1533.0208
2024-12-31,P0033,W005,1307,1324.2367
2024-12-31,P0033,W006,1770,1795.5549
2024-12-31,P0034,W001,419,449.0594
2024-12-31,P0034,W002,160,186.91492
2024-12-31,P0034,W003,145,163.75188
2024-12-31,P0034,W004,259,275.93756
2024-12-31,P0034,W005,312,327.09396
2024-12-31,P0034,W006,294,315.03003
2024-12-31,P0035,W001,238,238.6869
2024-12-31,P0035,W002,201,203.70729
2024-12-31,P0035,W003,274,279.73615
2024-12-31,P0035,W004,304,300.3558
2024-12-31,P0035,W005,184,180.31908
2024-12-31,P0035,W006,388,389.64914
2024-12-31,P0036,W001,424,435.1769
2024-12-31,P0036,W002,553,566.8106
2024-12-31,P0036,W003,658,664.935
2024-12-31,P0036,W004,1014,1044.0029
2024-12-31,P0036,W005,407,413.85214
2024-12-31,P0036,W006,1029,1028.8088
2024-12-31,P0037,W001,1185,1137.6545
2024-12-31,P0037,W002,1194,1157.6486
2024-12-31,P0037,W003,878,879.53156
2024-12-31,P0037,W004,1050,1039.0112
2024-12-31,P0037,W005,610,611.37427
2024-12-31,P0037,W006,462,452.40106
2024-12-31,P0038,W001,579,598.4487
2024-12-31,P0038,W002,766,782.3354
2024-12-31,P0038,W003,878,866.5627
2024-12-31,P0038,W004,748,752.0433
2024-12-31,P0038,W005,813,831.05237
2024-12-31,P0038,W006,1020,1037.7083
2024-12-31,P0039,W001,1364,1344.2681
2024-12-31,P0039,W002,1024,1005.86676
2024-12-31,P0039,W003,1030,1025.9938
2024-12-31,P0039,W004,1079,1075.1465
2024-12-31,P0039,W005,1643,1671.8387
2024-12-31,P0039,W006,1166,1174.2019
2024-12-31,P0040,W001,1919,1867.8108
2024-12-31,P0040,W002,817,840.62714
2024-12-31,P0040,W003,790,812.8654
2024-12-31,P0040,W004,1188,1161.4567
2024-12-31,P0040,W005,1418,1422.6509
2024-12-31,P0040,W006,1434,1504.1636
2024-12-31,P0041,W001,1221,1231.3632
2024-12-31,P0041,W002,1044,1035.621
2024-12-31,P0041,W003,770,764.47375
2024-12-31,P0041,W004,645,625.37775
2024-12-31,P0041,W005,811,802.1223
2024-12-31,P0041,W006,1084,1101.7444
2024-12-31,P0042,W001,570,593.2058
2024-12-31,P0042,W002,949,937.0372
2024-12-31,P0042,W003,848,846.5754
2024-12-31,P0042,W004,1122,1127.3564
2024-12-31,P0042,W005,1128,1135.6833
2024-12-31,P0042,W006,1323,1311.2982
2024-12-31,P0043,W001,895,894.56555
2024-12-31,P0043,W002,1230,1216.3326
2024-12-31,P0043,W003,1014,1010.489
2024-12-31,P0043,W004,932,923.2298
2024-12-31,P0043,W005,859,851.49554
2024-12-31,P0043,W006,676,655.6726
2024-12-31,P0044,W001,302,307.73517
2024-12-31,P0044,W002,207,207.59833
2024-12-31,P0044,W003,287,284.9901
2024-12-31,P0044,W004,211,209.47513
2024-12-31,P0044,W005,325,322.9714
2024-12-31,P0044,W006,208,209.73547
2024-12-31,P0045,W001,1859,1850.9689
2024-12-31,P0045,W002,860,838.1775
2024-12-31,P0045,W003,810,821.2825
2024-12-31,P0045,W004,1342,1327.73
2024-12-31,P0045,W005,1776,1801.7472
2024-12-31,P0045,W006,1525,1578.9258
2024-12-31,P0046,W001,569,564.8777
2024-12-31,P0046,W002,1105,1088.7441
2024-12-31,P0046,W003,861,862.19836
2024-12-31,P0046,W004,535,521.37286
2024-12-31,P0046,W005,898,883.58954
2024-12-31,P0046,W006,731,723.7473
2024-12-31,P0047,W001,663,661.7917
2024-12-31,P0047,W002,588,581.6495
2024-12-31,P0047,W003,435,431.05185
2024-12-31,P0047,W004,884,860.0064
2024-12-31,P0047,W005,1020,1017.6787
2024-12-31,P0047,W006,403,393.61438
2024-12-31,P0048,W001,1132,1165.0165
2024-12-31,P0048,W002,2188,2163.7837
2024-12-31,P0048,W003,1039,1077.8398
2024-12-31,P0048,W004,1092,1141.7006
2024-12-31,P0048,W005,1682,1672.2179
2024-12-31,P0048,W006,1164,1245.6503
2024-12-31,P0049,W001,1139,1127.2157
2024-12-31,P0049,W002,715,721.1404
2024-12-31,P0049,W003,977,969.93744
2024-12-31,P0049,W004,802,784.7401
2024-12-31,P0049,W005,778,781.3337
2024-12-31,P0049,W006,662,665.1448
2024-12-31,P0050,W001,2051,2012.4373
2024-12-31,P0050,W002,1411,1368.8331
2024-12-31,P0050,W003,1310,1303.5192
2024-12-31,P0050,W004,1802,1787.7501
2024-12-31,P0050,W005,1101,1085.3651
2024-12-31,P0050,W006,1637,1648.24
2024-12-31,P0051,W001,911,917.5784
2024-12-31,P0051,W002,568,557.54645
2024-12-31,P0051,W003,1446,1399.4722
2024-12-31,P0051,W004,1273,1286.4409
2024-12-31,P0051,W005,791,784.08527
2024-12-31,P0051,W006,948,952.911
2024-12-31,P0052,W001,1091,1114.7836
2024-12-31,P0052,W002,1199,1200.7998
2024-12-31,P0052,W003,1064,1081.0417
2024-12-31,P0052,W004,1433,1441.9062
2024-12-31,P0052,W005,641,633.4528
2024-12-31,P0052,W006,1519,1509.5636
2024-12-31,P0053,W001,572,585.9399
2024-12-31,P0053,W002,439,442.00726
2024-12-31,P0053,W003,336,340.70447
2024-12-31,P0053,W004,408,398.37326
2024-12-31,P0053,W005,352,351.92517
2024-12-31,P0053,W006,649,630.6061
2024-12-31,P0054,W001,1202,1217.4633
2024-12-31,P0054,W002,2155,2181.1267
2024-12-31,P0054,W003,807,812.854
2024-12-31,P0054,W004,2111,2093.8774
2024-12-31,P0054,W005,1341,1344.8593
2024-12-31,P0054,W006,2209,2125.4648
2024-12-31,P0055,W001,1813,1828.9081
2024-12-31,P0055,W002,1118,1094.7048
2024-12-31,P0055,W003,1057,1072.3596
2024-12-31,P0055,W004,1505,1468.0121
2024-12-31,P0055,W005,2035,1976.166
2024-12-31,P0055,W006,1347,1320.7737
2024-12-31,P0056,W001,937,928.9896
2024-12-31,P0056,W002,732,727.1997
2024-12-31,P0056,W003,442,437.5816
2024-12-31,P0056,W004,555,555.6588
2024-12-31,P0056,W005,1137,1150.0627
2024-12-31,P0056,W006,572,590.7985
2024-12-31,P0057,W001,1910,1885.1979
2024-12-31,P0057,W002,1026,1009.7857
2024-12-31,P0057,W003,898,861.4207
2024-12-31,P0057,W004,1929,1882.2351
2024-12-31,P0057,W005,778,767.0007
2024-12-31,P0057,W006,1365,1359.5618
2024-12-31,P0058,W001,1677,1692.2211
2024-12-31,P0058,W002,1829,1826.8192
2024-12-31,P0058,W003,939,951.2631
2024-12-31,P0058,W004,1455,1477.7086
2024-12-31,P0058,W005,1268,1293.2112
2024-12-31,P0058,W006,1446,1450.2944
2024-12-31,P0059,W001,836,823.56635
2024-12-31,P0059,W002,700,686.20386
2024-12-31,P0059,W003,498,491.79202
2024-12-31,P0059,W004,635,631.3386
2024-12-31,P0059,W005,979,977.0594
2024-12-31,P0059,W006,443,438.5469
2024-12-31,P0060,W001,844,843.8576
2024-12-31,P0060,W002,911,935.1014
2024-12-31,P0060,W003,964,958.4761
2024-12-31,P0060,W004,1541,1530.5829
2024-12-31,P0060,W005,1147,1116.3263
2024-12-31,P0060,W006,1595,1575.0314
2025-01-31,P0001,W001,384,379.07776
2025-01-31,P0001,W002,929,922.8044
2025-01-31,P0001,W003,464,468.30145
2025-01-31,P0001,W004,849,858.00195
2025-01-31,P0001,W005,419,405.10617
2025-01-31,P0001,W006,481,475.74936
2025-01-31,P0002,W001,972,985.44586
2025-01-31,P0002,W002,610,615.12537
2025-01-31,P0002,W003,832,836.2143
2025-01-31,P0002,W004,966,950.3846
2025-01-31,P0002,W005,924,917.51013
2025-01-31,P0002,W006,902,899.4247
2025-01-31,P0003,W001,620,610.8962
2025-01-31,P0003,W002,598,599.87683
2025-01-31,P0003,W003,290,298.16592
2025-01-31,P0003,W004,571,553.7247
2025-01-31,P0003,W005,638,635.63367
2025-01-31,P0003,W006,601,603.82715
2025-01-31,P0004,W001,1087,1108.0846
2025-01-31,P0004,W002,2125,2066.1282
2025-01-31,P0004,W003,1748,1716.1545
2025-01-31,P0004,W004,1763,1729.8846
2025-01-31,P0004,W005,2126,2213.915
2025-01-31,P0004,W006,1490,1473.6251
2025-01-31,P0005,W001,195,198.72658
2025-01-31,P0005,W002,287,290.41037
2025-01-31,P0005,W003,478,471.7448
2025-01-31,P0005,W004,509,494.51086
2025-01-31,P0005,W005,263,263.46902
2025-01-31,P0005,W006,303,309.15366
2025-01-31,P0006,W001,367,367.16785
2025-01-31,P0006,W002,488,480.80902
2025-01-31,P0006,W003,538,546.897
2025-01-31,P0006,W004,268,267.07883
2025-01-31,P0006,W005,559,566.76013
2025-01-31,P0006,W006,424,411.72314
2025-01-31,P0007,W001,370,363.82776
2025-01-31,P0007,W002,887,895.7699
2025-01-31,P0007,W003,387,384.28943
2025-01-31,P0007,W004,959,929.78394
2025-01-31,P0007,W005,678,670.47327
2025-01-31,P0007,W006,358,354.67468
2025-01-31,P0008,W001,693,709.67755
2025-01-31,P0008,W002,1385,1388.2517
2025-01-31,P0008,W003,878,885.28973
2025-01-31,P0008,W004,823,805.7087
2025-01-31,P0008,W005,841,843.7875
2025-01-31,P0008,W006,1643,1650.5605
2025-01-31,P0009,W001,396,383.56848
2025-01-31,P0009,W002,494,513.8372
2025-01-31,P0009,W003,757,745.3583
2025-01-31,P0009,W004,767,783.0765
2025-01-31,P0009,W005,932,932.50745
2025-01-31,P0009,W006,429,437.94147
2025-01-31,P0010,W001,2243,2229.428
2025-01-31,P0010,W002,1071,1059.8988
2025-01-31,P0010,W003,2269,2289.519
2025-01-31,P0010,W004,1564,1565.2751
2025-01-31,P0010,W005,2114,2063.9949
2025-01-31,P0010,W006,1929,1974.6403
2025-01-31,P0011,W001,429,431.024
2025-01-31,P0011,W002,409,400.60458
2025-01-31,P0011,W003,898,883.8178
2025-01-31,P0011,W004,389,389.53903
2025-01-31,P0011,W005,383,383.00006
2025-01-31,P0011,W006,796,775.9104
2025-01-31,P0012,W001,662,656.6391
2025-01-31,P0012,W002,648,643.59845
2025-01-31,P0012,W003,529,530.00433
2025-01-31,P0012,W004,625,622.9313
2025-01-31,P0012,W005,637,635.57684
2025-01-31,P0012,W006,606,612.29065
2025-01-31,P0013,W001,944,967.0332
2025-01-31,P0013,W002,1730,1769.9995
2025-01-31,P0013,W003,1575,1574.3397
2025-01-31,P0013,W004,2169,2167.995
2025-01-31,P0013,W005,1030,1039.378
2025-01-31,P0013,W006,834,840.2896
2025-01-31,P0014,W001,775,830.18713
2025-01-31,P0014,W002,601,634.57336
2025-01-31,P0014,W003,990,1025.3896
2025-01-31,P0014,W004,1118,1198.1095
2025-01-31,P0014,W005,1251,1355.4065
2025-01-31,P0014,W006,542,565.38184
2025-01-31,P0015,W001,291,290.57776
2025-01-31,P0015,W002,642,631.64453
2025-01-31,P0015,W003,663,660.624
2025-01-31,P0015,W004,843,837.75916
2025-01-31,P0015,W005,326,331.90732
2025-01-31,P0015,W006,302,311.03772
2025-01-31,P0016,W001,458,453.54163
2025-01-31,P0016,W002,346,345.26498
2025-01-31,P0016,W003,377,374.38483
2025-01-31,P0016,W004,531,537.79156
2025-01-31,P0016,W005,483,478.13788
2025-01-31,P0016,W006,517,508.26865
2025-01-31,P0017,W001,455,456.15756
2025-01-31,P0017,W002,1140,1124.7996
2025-01-31,P0017,W003,1009,971.7202
2025-01-31,P0017,W004,577,587.92474
2025-01-31,P0017,W005,553,531.1724
2025-01-31,P0017,W006,658,639.8718
2025-01-31,P0018,W001,584,580.80597
2025-01-31,P0018,W002,289,283.53052
2025-01-31,P0018,W003,360,356.4199
2025-01-31,P0018,W004,247,250.5219
2025-01-31,P0018,W005,542,538.6948
2025-01-31,P0018,W006,363,354.90915
2025-01-31,P0019,W001,1445,1450.95
2025-01-31,P0019,W002,1277,1269.2322
2025-01-31,P0019,W003,962,953.272
2025-01-31,P0019,W004,2492,2438.2095
2025-01-31,P0019,W005,1535,1552.903
2025-01-31,P0019,W006,2237,2263.0742
2025-01-31,P0020,W001,1320,1305.3074
2025-01-31,P0020,W002,1375,1427.6753
2025-01-31,P0020,W003,1816,1846.595
2025-01-31,P0020,W004,1338,1357.3179
2025-01-31,P0020,W005,1828,1795.1147
2025-01-31,P0020,W006,2233,2202.6687
2025-01-31,P0021,W001,1170,1201.4519
2025-01-31,P0021,W002,1328,1335.9182
2025-01-31,P0021,W003,820,792.2023
2025-01-31,P0021,W004,789,780.2706
2025-01-31,P0021,W005,1120,1115.6943
2025-01-31,P0021,W006,1145,1116.5844
2025-01-31,P0022,W001,372,371.60226
2025-01-31,P0022,W002,334,334.96545
2025-01-31,P0022,W003,323,322.538
2025-01-31,P0022,W004,277,277.4727
2025-01-31,P0022,W005,347,345.0919
2025-01-31,P0022,W006,297,299.5355
2025-01-31,P0023,W001,1744,1759.9889
2025-01-31,P0023,W002,2200,2179.9624
2025-01-31,P0023,W003,906,894.4165
2025-01-31,P0023,W004,1935,1901.077
2025-01-31,P0023,W005,1503,1480.256
2025-01-31,P0023,W006,1889,1894.7698
2025-01-31,P0024,W001,1001,1006.206
2025-01-31,P0024,W002,1082,1091.3938
2025-01-31,P0024,W003,1503,1485.1276
2025-01-31,P0024,W004,2018,2071.8062
2025-01-31,P0024,W005,1426,1450.769
2025-01-31,P0024,W006,1891,1858.4521
2025-01-31,P0025,W001,712,703.7121
2025-01-31,P0025,W002,867,855.48145
2025-01-31,P0025,W003,1480,1478.7693
2025-01-31,P0025,W004,1657,1680.9197
2025-01-31,P0025,W005,1795,1769.2898
2025-01-31,P0025,W006,769,769.6139
2025-01-31,P0026,W001,138,147.97327
2025-01-31,P0026,W002,208,213.0158
2025-01-31,P0026,W003,292,293.21994
2025-01-31,P0026,W004,213,212.67053
2025-01-31,P0026,W005,213,220.31996
2025-01-31,P0026,W006,284,285.47714
2025-01-31,P0027,W001,388,391.09204
2025-01-31,P0027,W002,508,506.30884
2025-01-31,P0027,W003,699,695.1682
2025-01-31,P0027,W004,555,556.87164
2025-01-31,P0027,W005,717,707.60645
2025-01-31,P0027,W006,818,811.2955
2025-01-31,P0028,W001,430,453.63718
2025-01-31,P0028,W002,254,273.1322
2025-01-31,P0028,W003,522,559.22235
2025-01-31,P0028,W004,445,464.2913
2025-01-31,P0028,W005,501,525.2481
2025-01-31,P0028,W006,352,377.56226
2025-01-31,P0029,W001,1131,1161.6816
2025-01-31,P0029,W002,1466,1452.9047
2025-01-31,P0029,W003,1649,1626.842
2025-01-31,P0029,W004,1070,1084.8746
2025-01-31,P0029,W005,2235,2224.2925
2025-01-31,P0029,W006,1503,1494.5005
2025-01-31,P0030,W001,397,402.60522
2025-01-31,P0030,W002,900,902.2469
2025-01-31,P0030,W003,653,661.629
2025-01-31,P0030,W004,357,359.46426
2025-01-31,P0030,W005,449,446.5392
2025-01-31,P0030,W006,778,772.0822
2025-01-31,P0031,W001,2161,2153.3203
2025-01-31,P0031,W002,2003,2000.7561
2025-01-31,P0031,W003,1558,1532.1143
2025-01-31,P0031,W004,1469,1439.696
2025-01-31,P0031,W005,2395,2332.6406
2025-01-31,P0031,W006,1252,1286.8071
2025-01-31,P0032,W001,688,689.311
2025-01-31,P0032,W002,1039,1034.3097
2025-01-31,P0032,W003,671,676.9608
2025-01-31,P0032,W004,985,993.8246
2025-01-31,P0032,W005,1031,1045.5747
2025-01-31,P0032,W006,545,529.1885
2025-01-31,P0033,W001,902,917.1324
2025-01-31,P0033,W002,1765,1717.8602
2025-01-31,P0033,W003,1500,1481.6025
2025-01-31,P0033,W004,1720,1713.2216
2025-01-31,P0033,W005,1615,1557.0496
2025-01-31,P0033,W006,2066,2029.3604
2025-01-31,P0034,W001,407,405.22095
2025-01-31,P0034,W002,157,153.32202
2025-01-31,P0034,W003,136,142.7637
2025-01-31,P0034,W004,250,258.6683
2025-01-31,P0034,W005,280,279.48828
2025-01-31,P0034,W006,275,277.61078
2025-01-31,P0035,W001,274,277.23932
2025-01-31,P0035,W002,220,226.1423
2025-01-31,P0035,W003,322,321.35547
2025-01-31,P0035,W004,321,326.06323
2025-01-31,P0035,W005,196,204.13177
2025-01-31,P0035,W006,424,421.44446
2025-01-31,P0036,W001,471,466.3519
2025-01-31,P0036,W002,648,645.2893
2025-01-31,P0036,W003,779,747.4185
2025-01-31,P0036,W004,1156,1163.4419
2025-01-31,P0036,W005,469,459.40228
2025-01-31,P0036,W006,1091,1112.2098
2025-01-31,P0037,W001,1272,1304.6171
2025-01-31,P0037,W002,1329,1321.7317
2025-01-31,P0037,W003,1035,1010.12384
2025-01-31,P0037,W004,1250,1236.953
2025-01-31,P0037,W005,728,702.4177
2025-01-31,P0037,W006,507,518.7153
2025-01-31,P0038,W001,729,736.48016
2025-01-31,P0038,W002,932,926.8092
2025-01-31,P0038,W003,1123,1108.7463
2025-01-31,P0038,W004,904,922.9308
2025-01-31,P0038,W005,1125,1077.8096
2025-01-31,P0038,W006,1291,1282.3007
2025-01-31,P0039,W001,1512,1511.9304
2025-01-31,P0039,W002,1136,1152.5012
2025-01-31,P0039,W003,1167,1158.1372
2025-01-31,P0039,W004,1257,1251.4583
2025-01-31,P0039,W005,1933,1901.8824
2025-01-31,P0039,W006,1346,1326.2133
2025-01-31,P0040,W001,2133,2137.8982
2025-01-31,P0040,W002,917,911.7084
2025-01-31,P0040,W003,950,939.97394
2025-01-31,P0040,W004,1254,1270.3619
2025-01-31,P0040,W005,1568,1574.5459
2025-01-31,P0040,W006,1681,1666.1499
2025-01-31,P0041,W001,1296,1302.7361
2025-01-31,P0041,W002,1225,1209.3234
2025-01-31,P0041,W003,851,858.8744
2025-01-31,P0041,W004,694,709.0611
2025-01-31,P0041,W005,915,914.0649
2025-01-31,P0041,W006,1198,1193.0311
2025-01-31,P0042,W001,689,676.9676
2025-01-31,P0042,W002,1066,1076.3112
2025-01-31,P0042,W003,981,979.6595
2025-01-31,P0042,W004,1283,1266.545
2025-01-31,P0042,W005,1231,1224.0251
2025-01-31,P0042,W006,1481,1502.0642
2025-01-31,P0043,W001,1053,1029.8417
2025-01-31,P0043,W002,1374,1353.5283
2025-01-31,P0043,W003,1189,1172.0332
2025-01-31,P0043,W004,1053,1038.9099
2025-01-31,P0043,W005,949,941.9471
2025-01-31,P0043,W006,740,741.2543
2025-01-31,P0044,W001,321,326.92105
2025-01-31,P0044,W002,235,238.2868
2025-01-31,P0044,W003,307,317.12503
2025-01-31,P0044,W004,254,256.16965
2025-01-31,P0044,W005,361,358.79993
2025-01-31,P0044,W006,227,232.8041
2025-01-31,P0045,W001,2005,2047.104
2025-01-31,P0045,W002,917,935.02673
2025-01-31,P0045,W003,913,893.8638
2025-01-31,P0045,W004,1498,1502.799
2025-01-31,P0045,W005,2092,2068.9343
2025-01-31,P0045,W006,1902,1821.766
2025-01-31,P0046,W001,637,639.51025
2025-01-31,P0046,W002,1213,1211.6355
2025-01-31,P0046,W003,1025,970.7117
2025-01-31,P0046,W004,593,598.0865
2025-01-31,P0046,W005,1022,1029.7666
2025-01-31,P0046,W006,826,841.95294
2025-01-31,P0047,W001,738,734.9094
2025-01-31,P0047,W002,678,677.2185
2025-01-31,P0047,W003,508,510.29962
2025-01-31,P0047,W004,968,988.9708
2025-01-31,P0047,W005,1144,1142.6014
2025-01-31,P0047,W006,451,450.20642
2025-01-31,P0048,W001,1227,1232.4456
2025-01-31,P0048,W002,2448,2390.8718
2025-01-31,P0048,W003,1158,1167.4049
2025-01-31,P0048,W004,1312,1292.9856
2025-01-31,P0048,W005,1790,1812.1996
2025-01-31,P0048,W006,1335,1310.1693
2025-01-31,P0049,W001,1343,1328.3569
2025-01-31,P0049,W002,808,802.1576
2025-01-31,P0049,W003,1103,1089.6285
2025-01-31,P0049,W004,936,913.0533
2025-01-31,P0049,W005,905,899.876
2025-01-31,P0049,W006,743,735.6803
2025-01-31,P0050,W001,2399,2347.7112
2025-01-31,P0050,W002,1546,1566.5702
2025-01-31,P0050,W003,1391,1397.4971
2025-01-31,P0050,W004,1992,2008.4457
2025-01-31,P0050,W005,1149,1180.5446
2025-01-31,P0050,W006,1878,1845.0066
2025-01-31,P0051,W001,1058,1046.7753
2025-01-31,P0051,W002,653,660.80035
2025-01-31,P0051,W003,1662,1653.009
2025-01-31,P0051,W004,1518,1500.124
2025-01-31,P0051,W005,907,924.69794
2025-01-31,P0051,W006,1128,1096.6855
2025-01-31,P0052,W001,1320,1281.6323
2025-01-31,P0052,W002,1486,1431.4077
2025-01-31,P0052,W003,1166,1167.864
2025-01-31,P0052,W004,1632,1619.275
2025-01-31,P0052,W005,716,730.2948
2025-01-31,P0052,W006,1723,1690.722
2025-01-31,P0053,W001,668,656.68
2025-01-31,P0053,W002,508,496.61368
2025-01-31,P0053,W003,355,362.4567
2025-01-31,P0053,W004,472,470.59485
2025-01-31,P0053,W005,408,405.21686
2025-01-31,P0053,W006,742,746.3153
2025-01-31,P0054,W001,1553,1545.2933
2025-01-31,P0054,W002,2718,2719.5518
2025-01-31,P0054,W003,999,992.49164
2025-01-31,P0054,W004,2531,2561.677
2025-01-31,P0054,W005,1578,1576.9474
2025-01-31,P0054,W006,2645,2652.0557
2025-01-31,P0055,W001,2102,2055.3071
2025-01-31,P0055,W002,1200,1203.218
2025-01-31,P0055,W003,1269,1233.2227
2025-01-31,P0055,W004,1793,1812.1897
2025-01-31,P0055,W005,2307,2296.3967
2025-01-31,P0055,W006,1527,1513.7443
2025-01-31,P0056,W001,1048,1039.875
2025-01-31,P0056,W002,868,851.9521
2025-01-31,P0056,W003,518,514.45636
2025-01-31,P0056,W004,640,637.1407
2025-01-31,P0056,W005,1297,1275.6602
2025-01-31,P0056,W006,697,681.3453
2025-01-31,P0057,W001,2243,2184.0996
2025-01-31,P0057,W002,1176,1190.4374
2025-01-31,P0057,W003,1025,1034.0228
2025-01-31,P0057,W004,2138,2130.9417
2025-01-31,P0057,W005,871,883.4522
2025-01-31,P0057,W006,1578,1547.3049
2025-01-31,P0058,W001,2013,1983.8444
2025-01-31,P0058,W002,2023,1991.8573
2025-01-31,P0058,W003,1046,1064.7887
2025-01-31,P0058,W004,1625,1633.2826
2025-01-31,P0058,W005,1455,1452.3293
2025-01-31,P0058,W006,1697,1668.9155
2025-01-31,P0059,W001,916,915.85175
2025-01-31,P0059,W002,804,799.06683
2025-01-31,P0059,W003,559,560.938
2025-01-31,P0059,W004,744,722.6347
2025-01-31,P0059,W005,1104,1103.5653
2025-01-31,P0059,W006,487,484.51266
2025-01-31,P0060,W001,1015,997.60486
2025-01-31,P0060,W002,1087,1070.3876
2025-01-31,P0060,W003,1075,1081.7867
2025-01-31,P0060,W004,1886,1803.9895
2025-01-31,P0060,W005,1251,1255.4495
2025-01-31,P0060,W006,1737,1795.8716
2025-02-28,P0001,W001,401,394.18
2025-02-28,P0001,W002,982,955.83307
2025-02-28,P0001,W003,447,444.71304
2025-02-28,P0001,W004,854,848.5581
2025-02-28,P0001,W005,399,406.77344
2025-02-28,P0001,W006,467,468.9394
2025-02-28,P0002,W001,964,965.4452
2025-02-28,P0002,W002,646,641.4682
2025-02-28,P0002,W003,814,811.62915
2025-02-28,P0002,W004,905,948.78455
2025-02-28,P0002,W005,913,902.325
2025-02-28,P0002,W006,912,893.5576
2025-02-28,P0003,W001,635,636.4204
2025-02-28,P0003,W002,596,598.10223
2025-02-28,P0003,W003,298,300.91095
2025-02-28,P0003,W004,587,584.05835
2025-02-28,P0003,W005,622,620.4801
2025-02-28,P0003,W006,580,574.1283
2025-02-28,P0004,W001,1082,1088.4762
2025-02-28,P0004,W002,2142,2136.3801
2025-02-28,P0004,W003,1747,1717.6039
2025-02-28,P0004,W004,1644,1685.7742
2025-02-28,P0004,W005,2257,2193.5132
2025-02-28,P0004,W006,1456,1504.5769
2025-02-28,P0005,W001,193,202.33136
2025-02-28,P0005,W002,302,304.13885
2025-02-28,P0005,W003,487,486.04843
2025-02-28,P0005,W004,489,482.88727
2025-02-28,P0005,W005,257,260.83572
2025-02-28,P0005,W006,301,300.09894
2025-02-28,P0006,W001,360,361.4874
2025-02-28,P0006,W002,508,497.41946
2025-02-28,P0006,W003,555,548.9345
2025-02-28,P0006,W004,257,268.43732
2025-02-28,P0006,W005,568,562.72894
2025-02-28,P0006,W006,383,388.9182
2025-02-28,P0007,W001,347,363.51935
2025-02-28,P0007,W002,912,913.6291
2025-02-28,P0007,W003,394,390.49484
2025-02-28,P0007,W004,957,952.6013
2025-02-28,P0007,W005,659,678.50055
2025-02-28,P0007,W006,364,365.17786
2025-02-28,P0008,W001,659,673.43115
2025-02-28,P0008,W002,1360,1390.6832
2025-02-28,P0008,W003,895,891.0114
2025-02-28,P0008,W004,817,834.5799
2025-02-28,P0008,W005,910,896.08716
2025-02-28,P0008,W006,1634,1643.2544
2025-02-28,P0009,W001,362,374.60083
2025-02-28,P0009,W002,512,503.91245
2025-02-28,P0009,W003,725,745.5249
2025-02-28,P0009,W004,753,736.3481
2025-02-28,P0009,W005,962,957.8054
2025-02-28,P0009,W006,467,458.06912
2025-02-28,P0010,W001,2246,2251.738
2025-02-28,P0010,W002,1119,1123.9651
2025-02-28,P0010,W003,2370,2309.111
2025-02-28,P0010,W004,1530,1541.8256
2025-02-28,P0010,W005,2178,2187.6357
2025-02-28,P0010,W006,2056,2039.9769
2025-02-28,P0011,W001,441,444.02975
2025-02-28,P0011,W002,403,404.769
2025-02-28,P0011,W003,881,887.2705
2025-02-28,P0011,W004,383,386.657
2025-02-28,P0011,W005,387,383.92596
2025-02-28,P0011,W006,786,794.6103
2025-02-28,P0012,W001,664,667.01
2025-02-28,P0012,W002,663,667.1402
2025-02-28,P0012,W003,532,536.8762
2025-02-28,P0012,W004,612,605.91473
2025-02-28,P0012,W005,625,637.14984
2025-02-28,P0012,W006,581,589.8212
2025-02-28,P0013,W001,910,912.4892
2025-02-28,P0013,W002,1776,1720.143
2025-02-28,P0013,W003,1628,1612.9683
2025-02-28,P0013,W004,2249,2178.7036
2025-02-28,P0013,W005,1077,1054.0383
2025-02-28,P0013,W006,779,797.2856
2025-02-28,P0014,W001,791,786.55725
2025-02-28,P0014,W002,594,602.6717
2025-02-28,P0014,W003,992,979.1393
2025-02-28,P0014,W004,1081,1077.9042
2025-02-28,P0014,W005,1261,1248.9988
2025-02-28,P0014,W006,522,537.48456
2025-02-28,P0015,W001,290,292.00842
2025-02-28,P0015,W002,626,640.2079
2025-02-28,P0015,W003,646,659.9586
2025-02-28,P0015,W004,803,814.90857
2025-02-28,P0015,W005,339,342.98276
2025-02-28,P0015,W006,310,306.70596
2025-02-28,P0016,W001,476,475.09277
2025-02-28,P0016,W002,302,323.64508
2025-02-28,P0016,W003,353,366.98865
2025-02-28,P0016,W004,540,526.0342
2025-02-28,P0016,W005,515,506.5834
2025-02-28,P0016,W006,506,513.46716
2025-02-28,P0017,W001,407,446.02533
2025-02-28,P0017,W002,1045,1110.4387
2025-02-28,P0017,W003,912,957.75854
2025-02-28,P0017,W004,527,548.37427
2025-02-28,P0017,W005,505,519.334
2025-02-28,P0017,W006,605,642.9693
2025-02-28,P0018,W001,627,616.57043
2025-02-28,P0018,W002,271,277.68326
2025-02-28,P0018,W003,379,376.27972
2025-02-28,P0018,W004,246,248.20825
2025-02-28,P0018,W005,546,537.41003
2025-02-28,P0018,W006,371,372.7845
2025-02-28,P0019,W001,1405,1427.3412
2025-02-28,P0019,W002,1275,1259.5151
2025-02-28,P0019,W003,998,989.11816
2025-02-28,P0019,W004,2547,2513.4316
2025-02-28,P0019,W005,1545,1541.9847
2025-02-28,P0019,W006,2291,2260.2217
2025-02-28,P0020,W001,1277,1294.4781
2025-02-28,P0020,W002,1327,1256.9333
2025-02-28,P0020,W003,1766,1769.1351
2025-02-28,P0020,W004,1351,1337.9711
2025-02-28,P0020,W005,1798,1790.7332
2025-02-28,P0020,W006,2158,2210.8103
2025-02-28,P0021,W001,1116,1121.1561
2025-02-28,P0021,W002,1355,1316.7737
2025-02-28,P0021,W003,840,846.5051
2025-02-28,P0021,W004,751,764.3593
2025-02-28,P0021,W005,1097,1085.5503
2025-02-28,P0021,W006,1162,1157.3021
2025-02-28,P0022,W001,375,371.7507
2025-02-28,P0022,W002,343,341.9386
2025-02-28,P0022,W003,326,336.71048
2025-02-28,P0022,W004,266,270.69165
2025-02-28,P0022,W005,366,359.34253
2025-02-28,P0022,W006,314,312.21103
2025-02-28,P0023,W001,1698,1700.9124
2025-02-28,P0023,W002,2389,2325.539
2025-02-28,P0023,W003,890,889.9211
2025-02-28,P0023,W004,1849,1861.8936
2025-02-28,P0023,W005,1494,1512.6378
2025-02-28,P0023,W006,1862,1843.9739
2025-02-28,P0024,W001,1017,1014.14716
2025-02-28,P0024,W002,1040,1041.222
2025-02-28,P0024,W003,1524,1520.9052
2025-02-28,P0024,W004,2102,2087.751
2025-02-28,P0024,W005,1388,1402.5552
2025-02-28,P0024,W006,1884,1921.2476
2025-02-28,P0025,W001,713,729.265
2025-02-28,P0025,W002,903,897.5673
2025-02-28,P0025,W003,1495,1493.5717
2025-02-28,P0025,W004,1704,1636.1472
2025-02-28,P0025,W005,1870,1845.5381
2025-02-28,P0025,W006,762,769.16156
2025-02-28,P0026,W001,137,145.11168
2025-02-28,P0026,W002,208,212.9611
2025-02-28,P0026,W003,291,300.90054
2025-02-28,P0026,W004,219,226.3585
2025-02-28,P0026,W005,223,222.47218
2025-02-28,P0026,W006,295,293.25797
2025-02-28,P0027,W001,384,388.55725
2025-02-28,P0027,W002,536,532.7174
2025-02-28,P0027,W003,706,702.4124
2025-02-28,P0027,W004,547,543.89606
2025-02-28,P0027,W005,722,730.9253
2025-02-28,P0027,W006,844,845.02515
2025-02-28,P0028,W001,385,390.9098
2025-02-28,P0028,W002,218,228.6313
2025-02-28,P0028,W003,442,452.885
2025-02-28,P0028,W004,383,390.97733
2025-02-28,P0028,W005,425,439.74875
2025-02-28,P0028,W006,300,313.67725
2025-02-28,P0029,W001,1171,1151.1373
2025-02-28,P0029,W002,1463,1468.2579
2025-02-28,P0029,W003,1705,1690.1144
2025-02-28,P0029,W004,1137,1109.829
2025-02-28,P0029,W005,2397,2322.7114
2025-02-28,P0029,W006,1424,1456.927
2025-02-28,P0030,W001,420,417.34964
2025-02-28,P0030,W002,920,907.35345
2025-02-28,P0030,W003,638,640.77924
2025-02-28,P0030,W004,377,370.2668
2025-02-28,P0030,W005,442,443.0251
2025-02-28,P0030,W006,812,805.1236
2025-02-28,P0031,W001,2083,2113.282
2025-02-28,P0031,W002,2050,2021.7762
2025-02-28,P0031,W003,1617,1596.3861
2025-02-28,P0031,W004,1458,1464.091
2025-02-28,P0031,W005,2411,2390.2605
2025-02-28,P0031,W006,1203,1205.0903
2025-02-28,P0032,W001,741,725.9293
2025-02-28,P0032,W002,1061,1063.1721
2025-02-28,P0032,W003,651,653.7721
2025-02-28,P0032,W004,1025,1018.7649
2025-02-28,P0032,W005,1059,1049.8309
2025-02-28,P0032,W006,553,565.82025
2025-02-28,P0033,W001,966,930.9775
2025-02-28,P0033,W002,1783,1785.7998
2025-02-28,P0033,W003,1547,1555.7668
2025-02-28,P0033,W004,1728,1710.8555
2025-02-28,P0033,W005,1576,1567.0343
2025-02-28,P0033,W006,2094,2073.493
2025-02-28,P0034,W001,390,393.17856
2025-02-28,P0034,W002,154,159.15971
2025-02-28,P0034,W003,133,142.48735
2025-02-28,P0034,W004,231,232.9965
2025-02-28,P0034,W005,272,283.5335
2025-02-28,P0034,W006,257,260.15997
2025-02-28,P0035,W001,277,276.3079
2025-02-28,P0035,W002,226,234.41763
2025-02-28,P0035,W003,309,315.2546
2025-02-28,P0035,W004,337,326.92194
2025-02-28,P0035,W005,197,202.77472
2025-02-28,P0035,W006,424,420.05545
2025-02-28,P0036,W001,487,485.0056
2025-02-28,P0036,W002,648,641.24457
2025-02-28,P0036,W003,772,770.89044
2025-02-28,P0036,W004,1185,1161.0735
2025-02-28,P0036,W005,501,491.10895
2025-02-28,P0036,W006,1100,1082.0902
2025-02-28,P0037,W001,1353,1312.6418
2025-02-28,P0037,W002,1318,1312.7471
2025-02-28,P0037,W003,1056,1070.5577
2025-02-28,P0037,W004,1266,1242.2506
2025-02-28,P0037,W005,714,724.1014
2025-02-28,P0037,W006,515,502.16394
2025-02-28,P0038,W001,729,766.707
2025-02-28,P0038,W002,943,968.0045
2025-02-28,P0038,W003,1164,1173.0991
2025-02-28,P0038,W004,856,917.3173
2025-02-28,P0038,W005,1035,1122.6093
2025-02-28,P0038,W006,1353,1333.4829
2025-02-28,P0039,W001,1531,1529.4757
2025-02-28,P0039,W002,1235,1199.1573
2025-02-28,P0039,W003,1178,1177.7803
2025-02-28,P0039,W004,1245,1245.0021
2025-02-28,P0039,W005,1881,1913.9645
2025-02-28,P0039,W006,1302,1323.7402
2025-02-28,P0040,W001,2179,2191.661
2025-02-28,P0040,W002,916,926.2847
2025-02-28,P0040,W003,936,942.4134
2025-02-28,P0040,W004,1277,1280.8383
2025-02-28,P0040,W005,1596,1578.8612
2025-02-28,P0040,W006,1660,1671.9677
2025-02-28,P0041,W001,1384,1361.9446
2025-02-28,P0041,W002,1270,1245.1998
2025-02-28,P0041,W003,896,881.9673
2025-02-28,P0041,W004,730,723.3958
2025-02-28,P0041,W005,912,923.0485
2025-02-28,P0041,W006,1352,1283.46
2025-02-28,P0042,W001,713,716.5311
2025-02-28,P0042,W002,1084,1074.1251
2025-02-28,P0042,W003,961,966.948
2025-02-28,P0042,W004,1284,1292.0067
2025-02-28,P0042,W005,1258,1259.2533
2025-02-28,P0042,W006,1577,1510.3297
2025-02-28,P0043,W001,1338,1316.939
2025-02-28,P0043,W002,1854,1755.6355
2025-02-28,P0043,W003,1581,1514.1534
2025-02-28,P0043,W004,1350,1317.7677
2025-02-28,P0043,W005,1253,1228.8354
2025-02-28,P0043,W006,935,916.8897
2025-02-28,P0044,W001,420,416.4739
2025-02-28,P0044,W002,283,289.42075
2025-02-28,P0044,W003,378,380.14078
2025-02-28,P0044,W004,292,303.38156
2025-02-28,P0044,W005,430,458.22552
2025-02-28,P0044,W006,280,300.9676
2025-02-28,P0045,W001,2121,2089.1575
2025-02-28,P0045,W002,945,964.0598
2025-02-28,P0045,W003,979,947.79785
2025-02-28,P0045,W004,1539,1483.8656
2025-02-28,P0045,W005,2065,2075.1084
2025-02-28,P0045,W006,1850,1865.7175
2025-02-28,P0046,W001,643,651.7615
2025-02-28,P0046,W002,1236,1232.4677
2025-02-28,P0046,W003,1107,1072.118
2025-02-28,P0046,W004,617,608.73096
2025-02-28,P0046,W005,1054,1048.6108
2025-02-28,P0046,W006,813,817.9845
2025-02-28,P0047,W001,774,760.0534
2025-02-28,P0047,W002,705,697.3222
2025-02-28,P0047,W003,518,510.40244
2025-02-28,P0047,W004,1000,998.3653
2025-02-28,P0047,W005,1165,1152.3657
2025-02-28,P0047,W006,472,465.94318
2025-02-28,P0048,W001,1254,1247.7897
2025-02-28,P0048,W002,2586,2520.7607
2025-02-28,P0048,W003,1125,1134.2019
2025-02-28,P0048,W004,1266,1266.8252
2025-02-28,P0048,W005,1852,1815.6555
2025-02-28,P0048,W006,1351,1331.1235
2025-02-28,P0049,W001,1437,1459.1895
2025-02-28,P0049,W002,875,917.70465
2025-02-28,P0049,W003,1226,1215.6333
2025-02-28,P0049,W004,1013,1042.9133
2025-02-28,P0049,W005,980,1014.5108
2025-02-28,P0049,W006,791,834.18005
2025-02-28,P0050,W001,2485,2418.734
2025-02-28,P0050,W002,1531,1555.133
2025-02-28,P0050,W003,1369,1358.8267
2025-02-28,P0050,W004,2060,2026.6255
2025-02-28,P0050,W005,1121,1134.6161
2025-02-28,P0050,W006,1917,1907.3612
2025-02-28,P0051,W001,1071,1068.2836
2025-02-28,P0051,W002,647,655.52264
2025-02-28,P0051,W003,1729,1688.4828
2025-02-28,P0051,W004,1576,1559.8687
2025-02-28,P0051,W005,934,917.73114
2025-02-28,P0051,W006,1075,1107.0354
2025-02-28,P0052,W001,1336,1355.2
2025-02-28,P0052,W002,1445,1463.1616
2025-02-28,P0052,W003,1279,1245.7946
2025-02-28,P0052,W004,1734,1672.1091
2025-02-28,P0052,W005,729,733.3463
2025-02-28,P0052,W006,1701,1696.9147
2025-02-28,P0053,W001,665,660.1934
2025-02-28,P0053,W002,492,502.7176
2025-02-28,P0053,W003,389,382.83752
2025-02-28,P0053,W004,461,464.60507
2025-02-28,P0053,W005,407,399.22995
2025-02-28,P0053,W006,738,724.72876
2025-02-28,P0054,W001,1510,1571.5707
2025-02-28,P0054,W002,2784,2812.3643
2025-02-28,P0054,W003,1042,1047.1147
2025-02-28,P0054,W004,2419,2532.3296
2025-02-28,P0054,W005,1717,1785.5947
2025-02-28,P0054,W006,2830,2830.8696
2025-02-28,P0055,W001,2072,2058.8564
2025-02-28,P0055,W002,1256,1244.7611
2025-02-28,P0055,W003,1202,1214.7751
2025-02-28,P0055,W004,1830,1755.1088
2025-02-28,P0055,W005,2168,2201.0884
2025-02-28,P0055,W006,1557,1563.2137
2025-02-28,P0056,W001,1005,1020.73724
2025-02-28,P0056,W002,874,864.5402
2025-02-28,P0056,W003,513,523.2088
2025-02-28,P0056,W004,683,666.2448
2025-02-28,P0056,W005,1295,1286.4393
2025-02-28,P0056,W006,707,697.74054
2025-02-28,P0057,W001,2347,2316.7373
2025-02-28,P0057,W002,1231,1191.2864
2025-02-28,P0057,W003,1071,1065.1462
2025-02-28,P0057,W004,2071,2088.4778
2025-02-28,P0057,W005,838,856.19324
2025-02-28,P0057,W006,1676,1672.54
2025-02-28,P0058,W001,2073,2031.9613
2025-02-28,P0058,W002,2027,2041.1735
2025-02-28,P0058,W003,1065,1050.7858
2025-02-28,P0058,W004,1661,1648.5603
2025-02-28,P0058,W005,1438,1455.5104
2025-02-28,P0058,W006,1731,1686.0518
2025-02-28,P0059,W001,1003,966.0304
2025-02-28,P0059,W002,784,783.4423
2025-02-28,P0059,W003,585,583.4656
2025-02-28,P0059,W004,775,779.4752
2025-02-28,P0059,W005,1125,1110.4646
2025-02-28,P0059,W006,462,476.6832
2025-02-28,P0060,W001,1025,1023.7015
2025-02-28,P0060,W002,1051,1057.362
2025-02-28,P0060,W003,1104,1088.9852
2025-02-28,P0060,W004,1873,1906.9756
2025-02-28,P0060,W005,1244,1256.9758
2025-02-28,P0060,W006,1829,1772.8782
2025-03-31,P0001,W001,505,537.36096
2025-03-31,P0001,W002,1266,1291.9766
2025-03-31,P0001,W003,597,634.07745
2025-03-31,P0001,W004,1175,1175.9733
2025-03-31,P0001,W005,560,582.46893
2025-03-31,P0001,W006,647,668.64374
2025-03-31,P0002,W001,1207,1194.5786
2025-03-31,P0002,W002,783,778.99493
2025-03-31,P0002,W003,1023,1017.502
2025-03-31,P0002,W004,1098,1096.4584
2025-03-31,P0002,W005,1064,1076.4525
2025-03-31,P0002,W006,1099,1104.547
2025-03-31,P0003,W001,752,761.9208
2025-03-31,P0003,W002,698,708.1334
2025-03-31,P0003,W003,361,365.32858
2025-03-31,P0003,W004,686,683.95337
2025-03-31,P0003,W005,703,713.0172
2025-03-31,P0003,W006,685,697.43744
2025-03-31,P0004,W001,1300,1295.5
2025-03-31,P0004,W002,2653,2586.6116
2025-03-31,P0004,W003,2119,2122.9626
2025-03-31,P0004,W004,2174,2090.1006
2025-03-31,P0004,W005,2776,2701.5586
2025-03-31,P0004,W006,1800,1752.555
2025-03-31,P0005,W001,221,220.73558
2025-03-31,P0005,W002,379,373.50037
2025-03-31,P0005,W003,585,590.8737
2025-03-31,P0005,W004,560,576.2921
2025-03-31,P0005,W005,308,310.19852
2025-03-31,P0005,W006,361,370.4764
2025-03-31,P0006,W001,428,439.11374
2025-03-31,P0006,W002,567,584.9885
2025-03-31,P0006,W003,633,638.97577
2025-03-31,P0006,W004,321,316.18604
2025-03-31,P0006,W005,633,657.13257
2025-03-31,P0006,W006,480,492.1374
2025-03-31,P0007,W001,432,426.83914
2025-03-31,P0007,W002,1054,1059.1577
2025-03-31,P0007,W003,477,484.57443
2025-03-31,P0007,W004,1101,1103.1018
2025-03-31,P0007,W005,743,757.38916
2025-03-31,P0007,W006,425,433.3529
2025-03-31,P0008,W001,836,822.1962
2025-03-31,P0008,W002,1745,1693.8444
2025-03-31,P0008,W003,1110,1092.334
2025-03-31,P0008,W004,931,948.77234
2025-03-31,P0008,W005,970,1023.1448
2025-03-31,P0008,W006,2034,2013.7611
2025-03-31,P0009,W001,425,420.90634
2025-03-31,P0009,W002,586,591.4
2025-03-31,P0009,W003,852,850.0226
2025-03-31,P0009,W004,920,918.6815
2025-03-31,P0009,W005,1089,1106.2351
2025-03-31,P0009,W006,542,556.2811
2025-03-31,P0010,W001,2710,2669.251
2025-03-31,P0010,W002,1268,1264.9391
2025-03-31,P0010,W003,2984,2917.5435
2025-03-31,P0010,W004,1823,1817.9363
2025-03-31,P0010,W005,2543,2543.015
2025-03-31,P0010,W006,2436,2426.0786
2025-03-31,P0011,W001,509,515.669
2025-03-31,P0011,W002,480,479.61594
2025-03-31,P0011,W003,1079,1068.8398
2025-03-31,P0011,W004,472,462.87668
2025-03-31,P0011,W005,470,471.90363
2025-03-31,P0011,W006,953,942.71295
2025-03-31,P0012,W001,781,779.8828
2025-03-31,P0012,W002,739,754.2321
2025-03-31,P0012,W003,679,665.4546
2025-03-31,P0012,W004,785,770.80133
2025-03-31,P0012,W005,771,760.06885
2025-03-31,P0012,W006,707,706.66833
2025-03-31,P0013,W001,1132,1139.9902
2025-03-31,P0013,W002,2101,2111.5632
2025-03-31,P0013,W003,1899,1879.6313
2025-03-31,P0013,W004,2557,2576.7524
2025-03-31,P0013,W005,1215,1249.854
2025-03-31,P0013,W006,937,958.2275
2025-03-31,P0014,W001,983,966.17365
2025-03-31,P0014,W002,720,718.64105
2025-03-31,P0014,W003,1116,1134.092
2025-03-31,P0014,W004,1294,1304.6743
2025-03-31,P0014,W005,1477,1479.1698
2025-03-31,P0014,W006,631,638.471
2025-03-31,P0015,W001,345,347.68915
2025-03-31,P0015,W002,768,748.02203
2025-03-31,P0015,W003,772,761.31824
2025-03-31,P0015,W004,973,969.3706
2025-03-31,P0015,W005,379,385.35306
2025-03-31,P0015,W006,365,370.85663
2025-03-31,P0016,W001,549,549.2256
2025-03-31,P0016,W002,415,398.2927
2025-03-31,P0016,W003,445,441.95242
2025-03-31,P0016,W004,629,633.70355
2025-03-31,P0016,W005,577,590.8993
2025-03-31,P0016,W006,670,637.55383
2025-03-31,P0017,W001,511,495.7722
2025-03-31,P0017,W002,1234,1201.1046
2025-03-31,P0017,W003,1108,1099.4648
2025-03-31,P0017,W004,611,615.0449
2025-03-31,P0017,W005,629,625.6703
2025-03-31,P0017,W006,722,721.54736
2025-03-31,P0018,W001,705,718.3006
2025-03-31,P0018,W002,337,340.9668
2025-03-31,P0018,W003,436,440.913
2025-03-31,P0018,W004,294,287.28928
2025-03-31,P0018,W005,666,672.26416
2025-03-31,P0018,W006,439,427.64023
2025-03-31,P0019,W001,1706,1722.0762
2025-03-31,P0019,W002,1565,1563.6033
2025-03-31,P0019,W003,1153,1162.6617
2025-03-31,P0019,W004,2953,2949.106
2025-03-31,P0019,W005,1938,1841.4917
2025-03-31,P0019,W006,2693,2700.4805
2025-03-31,P0020,W001,1517,1535.32
2025-03-31,P0020,W002,1590,1601.9703
2025-03-31,P0020,W003,2171,2167.483
2025-03-31,P0020,W004,1533,1538.0265
2025-03-31,P0020,W005,2017,2020.8307
2025-03-31,P0020,W006,2577,2566.5825
2025-03-31,P0021,W001,1444,1414.4137
2025-03-31,P0021,W002,1679,1635.6648
2025-03-31,P0021,W003,952,965.26733
2025-03-31,P0021,W004,916,896.68835
2025-03-31,P0021,W005,1338,1324.197
2025-03-31,P0021,W006,1361,1387.6588
2025-03-31,P0022,W001,446,453.69803
2025-03-31,P0022,W002,406,412.68817
2025-03-31,P0022,W003,386,385.83075
2025-03-31,P0022,W004,326,330.50122
2025-03-31,P0022,W005,414,415.00397
2025-03-31,P0022,W006,377,368.28967
2025-03-31,P0023,W001,1994,1966.8768
2025-03-31,P0023,W002,2745,2705.515
2025-03-31,P0023,W003,1061,1063.3477
2025-03-31,P0023,W004,2231,2234.7751
2025-03-31,P0023,W005,1750,1751.9597
2025-03-31,P0023,W006,2191,2213.8752
2025-03-31,P0024,W001,1193,1215.525
2025-03-31,P0024,W002,1262,1256.3325
2025-03-31,P0024,W003,1776,1771.9451
2025-03-31,P0024,W004,2467,2476.7903
2025-03-31,P0024,W005,1758,1727.7059
2025-03-31,P0024,W006,2233,2257.057
2025-03-31,P0025,W001,862,856.33167
2025-03-31,P0025,W002,1019,1038.5293
2025-03-31,P0025,W003,1696,1744.3983
2025-03-31,P0025,W004,2083,2103.781
2025-03-31,P0025,W005,2133,2195.786
2025-03-31,P0025,W006,943,947.75995
2025-03-31,P0026,W001,164,166.39601
2025-03-31,P0026,W002,255,253.60838
2025-03-31,P0026,W003,336,339.21698
2025-03-31,P0026,W004,256,254.83151
2025-03-31,P0026,W005,254,260.04114
2025-03-31,P0026,W006,359,363.46155
2025-03-31,P0027,W001,447,450.25378
2025-03-31,P0027,W002,622,628.19794
2025-03-31,P0027,W003,844,849.247
2025-03-31,P0027,W004,670,664.6657
2025-03-31,P0027,W005,836,841.7295
2025-03-31,P0027,W006,1033,1029.5327
2025-03-31,P0028,W001,453,457.53592
2025-03-31,P0028,W002,270,268.02405
2025-03-31,P0028,W003,527,523.7433
2025-03-31,P0028,W004,464,461.85132
2025-03-31,P0028,W005,544,535.85034
2025-03-31,P0028,W006,382,366.08386
2025-03-31,P0029,W001,1383,1396.1449
2025-03-31,P0029,W002,1809,1783.5734
2025-03-31,P0029,W003,2020,1992.352
2025-03-31,P0029,W004,1329,1320.0574
2025-03-31,P0029,W005,2777,2775.1277
2025-03-31,P0029,W006,1727,1757.7115
2025-03-31,P0030,W001,477,477.6002
2025-03-31,P0030,W002,1086,1083.0042
2025-03-31,P0030,W003,754,757.72614
2025-03-31,P0030,W004,432,433.43457
2025-03-31,P0030,W005,507,517.97815
2025-03-31,P0030,W006,953,954.0895
2025-03-31,P0031,W001,2591,2587.0396
2025-03-31,P0031,W002,2511,2454.9202
2025-03-31,P0031,W003,1950,1930.552
2025-03-31,P0031,W004,1825,1804.8722
2025-03-31,P0031,W005,2938,2924.0984
2025-03-31,P0031,W006,1494,1482.6683
2025-03-31,P0032,W001,861,864.41077
2025-03-31,P0032,W002,1234,1251.2219
2025-03-31,P0032,W003,783,784.0675
2025-03-31,P0032,W004,1201,1196.7391
2025-03-31,P0032,W005,1343,1300.4607
2025-03-31,P0032,W006,651,646.72437
2025-03-31,P0033,W001,1101,1118.9663
2025-03-31,P0033,W002,2236,2171.9727
2025-03-31,P0033,W003,1826,1787.0449
2025-03-31,P0033,W004,1974,1984.05
2025-03-31,P0033,W005,1824,1870.6289
2025-03-31,P0033,W006,2378,2453.6694
2025-03-31,P0034,W001,480,474.57535
2025-03-31,P0034,W002,195,203.60439
2025-03-31,P0034,W003,166,169.0544
2025-03-31,P0034,W004,305,304.40353
2025-03-31,P0034,W005,350,326.927
2025-03-31,P0034,W006,321,321.28937
2025-03-31,P0035,W001,323,321.45917
2025-03-31,P0035,W002,268,274.29285
2025-03-31,P0035,W003,381,381.6768
2025-03-31,P0035,W004,404,400.39047
2025-03-31,P0035,W005,235,234.89218
2025-03-31,P0035,W006,522,514.29
2025-03-31,P0036,W001,601,605.32336
2025-03-31,P0036,W002,736,750.55664
2025-03-31,P0036,W003,950,941.01086
2025-03-31,P0036,W004,1429,1406.0514
2025-03-31,P0036,W005,591,595.1751
2025-03-31,P0036,W006,1423,1379.3477
2025-03-31,P0037,W001,1578,1584.077
2025-03-31,P0037,W002,1627,1578.6383
2025-03-31,P0037,W003,1256,1252.934
2025-03-31,P0037,W004,1503,1501.6958
2025-03-31,P0037,W005,815,841.8159
2025-03-31,P0037,W006,617,608.4314
2025-03-31,P0038,W001,874,860.0978
2025-03-31,P0038,W002,994,1001.79645
2025-03-31,P0038,W003,1189,1235.7467
2025-03-31,P0038,W004,1003,981.4016
2025-03-31,P0038,W005,1132,1138.0825
2025-03-31,P0038,W006,1471,1517.6316
2025-03-31,P0039,W001,1871,1833.1628
2025-03-31,P0039,W002,1425,1430.1469
2025-03-31,P0039,W003,1411,1399.4639
2025-03-31,P0039,W004,1506,1517.4993
2025-03-31,P0039,W005,2321,2257.977
2025-03-31,P0039,W006,1595,1601.04
2025-03-31,P0040,W001,2632,2595.936
2025-03-31,P0040,W002,1115,1115.4045
2025-03-31,P0040,W003,1105,1100.2219
2025-03-31,P0040,W004,1585,1553.7548
2025-03-31,P0040,W005,1870,1887.4683
2025-03-31,P0040,W006,2082,2044.3015
2025-03-31,P0041,W001,1645,1646.4161
2025-03-31,P0041,W002,1403,1431.7961
2025-03-31,P0041,W003,1115,1103.0503
2025-03-31,P0041,W004,828,837.8691
2025-03-31,P0041,W005,1034,1050.3542
2025-03-31,P0041,W006,1550,1576.4126
2025-03-31,P0042,W001,826,829.30176
2025-03-31,P0042,W002,1223,1234.7151
2025-03-31,P0042,W003,1242,1221.4406
2025-03-31,P0042,W004,1590,1565.7759
2025-03-31,P0042,W005,1515,1502.0326
2025-03-31,P0042,W006,1766,1823.8197
2025-03-31,P0043,W001,1231,1267.6145
2025-03-31,P0043,W002,1693,1765.533
2025-03-31,P0043,W003,1488,1523.9497
2025-03-31,P0043,W004,1263,1343.8624
2025-03-31,P0043,W005,1158,1227.0454
2025-03-31,P0043,W006,863,921.2908
2025-03-31,P0044,W001,416,411.81512
2025-03-31,P0044,W002,272,270.02875
2025-03-31,P0044,W003,382,379.00195
2025-03-31,P0044,W004,299,287.27637
2025-03-31,P0044,W005,453,456.94534
2025-03-31,P0044,W006,278,280.0262
2025-03-31,P0045,W001,2483,2453.357
2025-03-31,P0045,W002,1069,1078.3778
2025-03-31,P0045,W003,1078,1115.2429
2025-03-31,P0045,W004,1783,1789.5607
2025-03-31,P0045,W005,2433,2452.4158
2025-03-31,P0045,W006,2264,2257.5762
2025-03-31,P0046,W001,800,773.09955
2025-03-31,P0046,W002,1505,1465.9218
2025-03-31,P0046,W003,1291,1279.3809
2025-03-31,P0046,W004,727,723.51587
2025-03-31,P0046,W005,1226,1221.0594
2025-03-31,P0046,W006,969,976.2456
2025-03-31,P0047,W001,911,908.1806
2025-03-31,P0047,W002,823,820.7886
2025-03-31,P0047,W003,615,627.0676
2025-03-31,P0047,W004,1183,1187.6945
2025-03-31,P0047,W005,1366,1363.9354
2025-03-31,P0047,W006,558,564.2006
2025-03-31,P0048,W001,1484,1519.0895
2025-03-31,P0048,W002,2967,2951.2405
2025-03-31,P0048,W003,1414,1385.924
2025-03-31,P0048,W004,1528,1527.4464
2025-03-31,P0048,W005,2187,2225.53
2025-03-31,P0048,W006,1622,1640.1732
2025-03-31,P0049,W001,1859,1845.8083
2025-03-31,P0049,W002,1079,1162.3088
2025-03-31,P0049,W003,1466,1465.43
2025-03-31,P0049,W004,1295,1322.2458
2025-03-31,P0049,W005,1212,1286.1022
2025-03-31,P0049,W006,1057,1121.5245
2025-03-31,P0050,W001,2862,2888.9612
2025-03-31,P0050,W002,1776,1800.9745
2025-03-31,P0050,W003,1707,1699.9454
2025-03-31,P0050,W004,2383,2382.9175
2025-03-31,P0050,W005,1428,1409.5286
2025-03-31,P0050,W006,2214,2238.8394
2025-03-31,P0051,W001,1280,1301.2859
2025-03-31,P0051,W002,771,772.4531
2025-03-31,P0051,W003,1972,2015.4266
2025-03-31,P0051,W004,1842,1832.4381
2025-03-31,P0051,W005,1055,1057.9407
2025-03-31,P0051,W006,1322,1317.2533
2025-03-31,P0052,W001,1608,1617.0125
2025-03-31,P0052,W002,1746,1724.8307
2025-03-31,P0052,W003,1424,1426.842
2025-03-31,P0052,W004,1951,2005.4305
2025-03-31,P0052,W005,861,859.1604
2025-03-31,P0052,W006,1993,2027.4552
2025-03-31,P0053,W001,795,800.6363
2025-03-31,P0053,W002,596,587.85736
2025-03-31,P0053,W003,459,465.09082
2025-03-31,P0053,W004,533,531.80096
2025-03-31,P0053,W005,463,473.92368
2025-03-31,P0053,W006,942,920.80896
2025-03-31,P0054,W001,1679,1692.1478
2025-03-31,P0054,W002,2933,2929.378
2025-03-31,P0054,W003,1055,1075.2587
2025-03-31,P0054,W004,2817,2791.8547
2025-03-31,P0054,W005,1836,1840.6096
2025-03-31,P0054,W006,3098,2967.6418
2025-03-31,P0055,W001,2473,2529.119
2025-03-31,P0055,W002,1437,1443.1882
2025-03-31,P0055,W003,1453,1450.4158
2025-03-31,P0055,W004,2207,2210.811
2025-03-31,P0055,W005,2690,2609.1245
2025-03-31,P0055,W006,1798,1806.9547
2025-03-31,P0056,W001,1267,1224.5219
2025-03-31,P0056,W002,1057,1051.1036
2025-03-31,P0056,W003,618,613.53485
2025-03-31,P0056,W004,833,827.26764
2025-03-31,P0056,W005,1582,1536.4094
2025-03-31,P0056,W006,834,828.8837
2025-03-31,P0057,W001,2639,2591.227
2025-03-31,P0057,W002,1484,1482.9446
2025-03-31,P0057,W003,1208,1216.61
2025-03-31,P0057,W004,2478,2437.7412
2025-03-31,P0057,W005,1062,1039.5216
2025-03-31,P0057,W006,1682,1814.3898
2025-03-31,P0058,W001,2423,2463.5798
2025-03-31,P0058,W002,2433,2411.0566
2025-03-31,P0058,W003,1356,1305.3307
2025-03-31,P0058,W004,1937,1897.2325
2025-03-31,P0058,W005,1829,1757.5321
2025-03-31,P0058,W006,2006,2019.182
2025-03-31,P0059,W001,1243,1247.0624
2025-03-31,P0059,W002,917,923.237
2025-03-31,P0059,W003,666,686.3095
2025-03-31,P0059,W004,880,899.3124
2025-03-31,P0059,W005,1293,1321.6262
2025-03-31,P0059,W006,569,554.1555
2025-03-31,P0060,W001,1201,1218.0367
2025-03-31,P0060,W002,1249,1249.5115
2025-03-31,P0060,W003,1335,1341.2875
2025-03-31,P0060,W004,2168,2178.7922
2025-03-31,P0060,W005,1460,1477.0939
2025-03-31,P0060,W006,2172,2184.6313
2025-04-30,P0001,W001,438,441.75873
2025-04-30,P0001,W002,1060,1076.3513
2025-04-30,P0001,W003,518,530.7977
2025-04-30,P0001,W004,985,989.41455
2025-04-30,P0001,W005,472,486.47086
2025-04-30,P0001,W006,535,554.59705
2025-04-30,P0002,W001,1090,1096.0072
2025-04-30,P0002,W002,712,727.37305
2025-04-30,P0002,W003,910,914.005
2025-04-30,P0002,W004,1057,1033.6608
2025-04-30,P0002,W005,970,983.1456
2025-04-30,P0002,W006,1052,1056.8419
2025-04-30,P0003,W001,715,712.3543
2025-04-30,P0003,W002,706,682.4555
2025-04-30,P0003,W003,331,334.79242
2025-04-30,P0003,W004,656,662.69104
2025-04-30,P0003,W005,707,697.66974
2025-04-30,P0003,W006,646,640.8256
2025-04-30,P0004,W001,1283,1271.8534
2025-04-30,P0004,W002,2394,2448.8794
2025-04-30,P0004,W003,1981,1962.6431
2025-04-30,P0004,W004,1968,1995.7825
2025-04-30,P0004,W005,2641,2626.2283
2025-04-30,P0004,W006,1700,1735.4078
2025-04-30,P0005,W001,222,230.76576
2025-04-30,P0005,W002,348,357.03772
2025-04-30,P0005,W003,532,540.58307
2025-04-30,P0005,W004,573,547.8881
2025-04-30,P0005,W005,305,309.92908
2025-04-30,P0005,W006,345,346.5635
2025-04-30,P0006,W001,421,421.23947
2025-04-30,P0006,W002,560,551.0192
2025-04-30,P0006,W003,639,618.6391
2025-04-30,P0006,W004,293,297.8521
2025-04-30,P0006,W005,642,625.13837
2025-04-30,P0006,W006,472,458.9891
2025-04-30,P0007,W001,426,421.12292
2025-04-30,P0007,W002,1027,1001.77277
2025-04-30,P0007,W003,450,447.9846
2025-04-30,P0007,W004,1044,1039.5668
2025-04-30,P0007,W005,735,725.4429
2025-04-30,P0007,W006,415,411.33496
2025-04-30,P0008,W001,791,798.4111
2025-04-30,P0008,W002,1603,1625.7781
2025-04-30,P0008,W003,991,1027.9089
2025-04-30,P0008,W004,934,918.0246
2025-04-30,P0008,W005,978,960.29004
2025-04-30,P0008,W006,1806,1851.7339
2025-04-30,P0009,W001,427,422.22266
2025-04-30,P0009,W002,589,580.24164
2025-04-30,P0009,W003,815,815.1548
2025-04-30,P0009,W004,853,873.20764
2025-04-30,P0009,W005,1122,1083.5685
2025-04-30,P0009,W006,506,505.75516
2025-04-30,P0010,W001,2626,2600.9075
2025-04-30,P0010,W002,1234,1230.9943
2025-04-30,P0010,W003,2784,2749.0076
2025-04-30,P0010,W004,1758,1735.8837
2025-04-30,P0010,W005,2390,2445.32
2025-04-30,P0010,W006,2463,2457.3103
2025-04-30,P0011,W001,497,497.41693
2025-04-30,P0011,W002,441,447.3108
2025-04-30,P0011,W003,1067,1042.801
2025-04-30,P0011,W004,447,447.21365
2025-04-30,P0011,W005,478,468.38092
2025-04-30,P0011,W006,886,898.8733
2025-04-30,P0012,W001,782,778.5707
2025-04-30,P0012,W002,771,743.2128
2025-04-30,P0012,W003,639,647.7616
2025-04-30,P0012,W004,730,732.65015
2025-04-30,P0012,W005,752,740.55536
2025-04-30,P0012,W006,683,663.9731
2025-04-30,P0013,W001,1044,1025.1846
2025-04-30,P0013,W002,1989,2002.7814
2025-04-30,P0013,W003,1925,1863.5007
2025-04-30,P0013,W004,2523,2476.0369
2025-04-30,P0013,W005,1251,1216.1128
2025-04-30,P0013,W006,943,917.314
2025-04-30,P0014,W001,883,907.98145
2025-04-30,P0014,W002,668,684.6612
2025-04-30,P0014,W003,1042,1045.6954
2025-04-30,P0014,W004,1221,1215.1482
2025-04-30,P0014,W005,1369,1393.9144
2025-04-30,P0014,W006,627,618.5019
2025-04-30,P0015,W001,313,319.86508
2025-04-30,P0015,W002,710,732.7947
2025-04-30,P0015,W003,734,727.2007
2025-04-30,P0015,W004,924,916.04535
2025-04-30,P0015,W005,377,373.9712
2025-04-30,P0015,W006,355,348.6958
2025-04-30,P0016,W001,525,519.26196
2025-04-30,P0016,W002,381,382.17966
2025-04-30,P0016,W003,405,417.9352
2025-04-30,P0016,W004,584,584.8803
2025-04-30,P0016,W005,572,560.6057
2025-04-30,P0016,W006,581,599.2761
2025-04-30,P0017,W001,457,468.04117
2025-04-30,P0017,W002,1227,1202.0
2025-04-30,P0017,W003,1066,1044.9568
2025-04-30,P0017,W004,578,579.618
2025-04-30,P0017,W005,556,575.6069
2025-04-30,P0017,W006,653,660.22064
2025-04-30,P0018,W001,673,672.23486
2025-04-30,P0018,W002,339,336.21118
2025-04-30,P0018,W003,413,420.41455
2025-04-30,P0018,W004,285,286.24957
2025-04-30,P0018,W005,616,616.80927
2025-04-30,P0018,W006,404,413.41962
2025-04-30,P0019,W001,1619,1598.8605
2025-04-30,P0019,W002,1481,1486.8695
2025-04-30,P0019,W003,1055,1071.7212
2025-04-30,P0019,W004,2821,2811.2234
2025-04-30,P0019,W005,1808,1909.7606
2025-04-30,P0019,W006,2500,2529.1843
2025-04-30,P0020,W001,1525,1557.4398
2025-04-30,P0020,W002,1589,1624.7645
2025-04-30,P0020,W003,2090,2095.521
2025-04-30,P0020,W004,1560,1604.4235
2025-04-30,P0020,W005,2165,2182.1885
2025-04-30,P0020,W006,2615,2617.4165
2025-04-30,P0021,W001,1483,1530.3649
2025-04-30,P0021,W002,1811,1831.4708
2025-04-30,P0021,W003,1054,1096.971
2025-04-30,P0021,W004,1033,1089.4939
2025-04-30,P0021,W005,1469,1500.4729
2025-04-30,P0021,W006,1398,1462.9679
2025-04-30,P0022,W001,424,423.56357
2025-04-30,P0022,W002,376,380.05096
2025-04-30,P0022,W003,372,373.8062
2025-04-30,P0022,W004,307,311.6058
2025-04-30,P0022,W005,394,399.78482
2025-04-30,P0022,W006,361,377.55258
2025-04-30,P0023,W001,2465,2515.9827
2025-04-30,P0023,W002,3438,3388.44
2025-04-30,P0023,W003,1331,1313.3463
2025-04-30,P0023,W004,2729,2739.598
2025-04-30,P0023,W005,2252,2196.8608
2025-04-30,P0023,W006,2540,2532.8367
2025-04-30,P0024,W001,1067,1098.3285
2025-04-30,P0024,W002,1193,1163.5044
2025-04-30,P0024,W003,1744,1743.2543
2025-04-30,P0024,W004,2336,2348.2458
2025-04-30,P0024,W005,1688,1705.8407
2025-04-30,P0024,W006,2035,2055.985
2025-04-30,P0025,W001,839,831.23114
2025-04-30,P0025,W002,1004,983.02814
2025-04-30,P0025,W003,1698,1634.2383
2025-04-30,P0025,W004,1943,1948.4805
2025-04-30,P0025,W005,2029,2012.9473
2025-04-30,P0025,W006,861,867.4059
2025-04-30,P0026,W001,157,164.18623
2025-04-30,P0026,W002,239,241.33441
2025-04-30,P0026,W003,300,306.9001
2025-04-30,P0026,W004,249,250.41753
2025-04-30,P0026,W005,256,255.29477
2025-04-30,P0026,W006,335,330.7443
2025-04-30,P0027,W001,447,440.4019
2025-04-30,P0027,W002,607,600.51025
2025-04-30,P0027,W003,807,795.26904
2025-04-30,P0027,W004,635,641.5111
2025-04-30,P0027,W005,807,787.19025
2025-04-30,P0027,W006,983,971.3371
2025-04-30,P0028,W001,415,421.25378
2025-04-30,P0028,W002,258,258.2124
2025-04-30,P0028,W003,501,496.70508
2025-04-30,P0028,W004,449,447.75027
2025-04-30,P0028,W005,494,501.71088
2025-04-30,P0028,W006,355,362.09186
2025-04-30,P0029,W001,1306,1307.6105
2025-04-30,P0029,W002,1761,1744.9517
2025-04-30,P0029,W003,1879,1871.2769
2025-04-30,P0029,W004,1250,1270.4902
2025-04-30,P0029,W005,2498,2559.551
2025-04-30,P0029,W006,1729,1666.7473
2025-04-30,P0030,W001,478,471.20367
2025-04-30,P0030,W002,1010,1043.4991
2025-04-30,P0030,W003,779,758.07806
2025-04-30,P0030,W004,422,421.4913
2025-04-30,P0030,W005,479,478.35547
2025-04-30,P0030,W006,895,911.756
2025-04-30,P0031,W001,2400,2418.129
2025-04-30,P0031,W002,2290,2335.8572
2025-04-30,P0031,W003,1776,1798.9205
2025-04-30,P0031,W004,1753,1707.7507
2025-04-30,P0031,W005,2805,2740.4028
2025-04-30,P0031,W006,1373,1362.3223
2025-04-30,P0032,W001,814,819.4697
2025-04-30,P0032,W002,1156,1146.4445
2025-04-30,P0032,W003,753,749.1251
2025-04-30,P0032,W004,1206,1171.4559
2025-04-30,P0032,W005,1293,1307.6831
2025-04-30,P0032,W006,631,632.84985
2025-04-30,P0033,W001,1059,1076.7324
2025-04-30,P0033,W002,1883,1950.8433
2025-04-30,P0033,W003,1681,1699.0623
2025-04-30,P0033,W004,2062,2020.9738
2025-04-30,P0033,W005,1770,1769.0797
2025-04-30,P0033,W006,2352,2342.5261
2025-04-30,P0034,W001,437,437.37683
2025-04-30,P0034,W002,174,176.83383
2025-04-30,P0034,W003,152,156.2645
2025-04-30,P0034,W004,268,275.1713
2025-04-30,P0034,W005,329,330.8439
2025-04-30,P0034,W006,296,298.91815
2025-04-30,P0035,W001,313,318.87405
2025-04-30,P0035,W002,260,262.9263
2025-04-30,P0035,W003,364,365.1378
2025-04-30,P0035,W004,382,386.50977
2025-04-30,P0035,W005,227,232.68874
2025-04-30,P0035,W006,478,476.87415
2025-04-30,P0036,W001,579,565.5057
2025-04-30,P0036,W002,712,701.2136
2025-04-30,P0036,W003,911,920.3828
2025-04-30,P0036,W004,1418,1397.891
2025-04-30,P0036,W005,557,563.0999
2025-04-30,P0036,W006,1227,1236.4434
2025-04-30,P0037,W001,1544,1507.5752
2025-04-30,P0037,W002,1506,1508.8423
2025-04-30,P0037,W003,1169,1152.447
2025-04-30,P0037,W004,1405,1419.5856
2025-04-30,P0037,W005,792,754.8336
2025-04-30,P0037,W006,610,613.7227
2025-04-30,P0038,W001,733,758.9068
2025-04-30,P0038,W002,990,968.5511
2025-04-30,P0038,W003,1185,1149.8263
2025-04-30,P0038,W004,908,915.53314
2025-04-30,P0038,W005,1140,1113.903
2025-04-30,P0038,W006,1371,1369.5007
2025-04-30,P0039,W001,1644,1690.5167
2025-04-30,P0039,W002,1362,1387.8079
2025-04-30,P0039,W003,1352,1321.6848
2025-04-30,P0039,W004,1419,1413.1216
2025-04-30,P0039,W005,2131,2201.795
2025-04-30,P0039,W006,1539,1528.9642
2025-04-30,P0040,W001,2449,2423.8179
2025-04-30,P0040,W002,1086,1071.8093
2025-04-30,P0040,W003,1051,1076.3126
2025-04-30,P0040,W004,1518,1514.2361
2025-04-30,P0040,W005,1750,1759.1268
2025-04-30,P0040,W006,1920,1944.0338
2025-04-30,P0041,W001,1509,1515.3862
2025-04-30,P0041,W002,1420,1378.3546
2025-04-30,P0041,W003,1017,1019.2357
2025-04-30,P0041,W004,785,779.376
2025-04-30,P0041,W005,988,998.1197
2025-04-30,P0041,W006,1444,1427.7867
2025-04-30,P0042,W001,775,786.7028
2025-04-30,P0042,W002,1187,1164.5859
2025-04-30,P0042,W003,1216,1185.3062
2025-04-30,P0042,W004,1544,1516.0624
2025-04-30,P0042,W005,1474,1444.0768
2025-04-30,P0042,W006,1739,1703.5204
2025-04-30,P0043,W001,1115,1128.9712
2025-04-30,P0043,W002,1632,1589.3615
2025-04-30,P0043,W003,1350,1369.7495
2025-04-30,P0043,W004,1177,1162.2412
2025-04-30,P0043,W005,1114,1098.1324
2025-04-30,P0043,W006,872,872.30005
2025-04-30,P0044,W001,383,381.6524
2025-04-30,P0044,W002,264,263.17352
2025-04-30,P0044,W003,358,353.5388
2025-04-30,P0044,W004,277,281.50278
2025-04-30,P0044,W005,417,420.85733
2025-04-30,P0044,W006,260,259.3093
2025-04-30,P0045,W001,2340,2316.9238
2025-04-30,P0045,W002,1042,1018.72345
2025-04-30,P0045,W003,1074,1033.4639
2025-04-30,P0045,W004,1808,1758.7507
2025-04-30,P0045,W005,2369,2340.6785
2025-04-30,P0045,W006,2124,2071.888
2025-04-30,P0046,W001,748,764.52405
2025-04-30,P0046,W002,1457,1446.3966
2025-04-30,P0046,W003,1147,1193.8899
2025-04-30,P0046,W004,670,675.9061
2025-04-30,P0046,W005,1153,1159.476
2025-04-30,P0046,W006,939,926.1748
2025-04-30,P0047,W001,1053,1091.2306
2025-04-30,P0047,W002,925,916.00146
2025-04-30,P0047,W003,655,683.9773
2025-04-30,P0047,W004,1288,1275.3804
2025-04-30,P0047,W005,1516,1539.6357
2025-04-30,P0047,W006,604,625.27325
2025-04-30,P0048,W001,1403,1399.0847
2025-04-30,P0048,W002,2885,2862.8206
2025-04-30,P0048,W003,1363,1362.4662
2025-04-30,P0048,W004,1453,1428.2993
2025-04-30,P0048,W005,2062,2024.0394
2025-04-30,P0048,W006,1533,1526.7693
2025-04-30,P0049,W001,1469,1492.7755
2025-04-30,P0049,W002,876,902.45715
2025-04-30,P0049,W003,1243,1229.7028
2025-04-30,P0049,W004,1037,1054.0449
2025-04-30,P0049,W005,1026,1017.8109
2025-04-30,P0049,W006,844,885.7788
2025-04-30,P0050,W001,2874,2802.0347
2025-04-30,P0050,W002,1658,1618.9285
2025-04-30,P0050,W003,1644,1634.7808
2025-04-30,P0050,W004,2292,2322.5447
2025-04-30,P0050,W005,1419,1395.9703
2025-04-30,P0050,W006,2143,2153.2905
2025-04-30,P0051,W001,1238,1229.5619
2025-04-30,P0051,W002,751,748.75476
2025-04-30,P0051,W003,2014,1901.6002
2025-04-30,P0051,W004,1732,1729.1978
2025-04-30,P0051,W005,1032,1032.2178
2025-04-30,P0051,W006,1268,1269.2573
2025-04-30,P0052,W001,1687,1712.6791
2025-04-30,P0052,W002,1783,1867.6958
2025-04-30,P0052,W003,1571,1601.1571
2025-04-30,P0052,W004,2123,2139.1218
2025-04-30,P0052,W005,910,978.3975
2025-04-30,P0052,W006,2216,2210.7917
2025-04-30,P0053,W001,732,735.7049
2025-04-30,P0053,W002,584,574.637
2025-04-30,P0053,W003,437,433.63342
2025-04-30,P0053,W004,521,516.234
2025-04-30,P0053,W005,449,444.93402
2025-04-30,P0053,W006,872,863.739
2025-04-30,P0054,W001,1576,1605.428
2025-04-30,P0054,W002,2942,2853.7886
2025-04-30,P0054,W003,1022,1018.7675
2025-04-30,P0054,W004,2587,2635.007
2025-04-30,P0054,W005,1678,1692.1333
2025-04-30,P0054,W006,2697,2736.9485
2025-04-30,P0055,W001,2302,2313.365
2025-04-30,P0055,W002,1356,1366.33
2025-04-30,P0055,W003,1370,1371.8756
2025-04-30,P0055,W004,1979,1993.2898
2025-04-30,P0055,W005,2468,2469.5647
2025-04-30,P0055,W006,1808,1773.1743
2025-04-30,P0056,W001,1150,1164.6254
2025-04-30,P0056,W002,994,1007.9693
2025-04-30,P0056,W003,595,579.464
2025-04-30,P0056,W004,732,751.3168
2025-04-30,P0056,W005,1490,1497.6161
2025-04-30,P0056,W006,778,783.2169
2025-04-30,P0057,W001,2668,2631.2273
2025-04-30,P0057,W002,1415,1417.2523
2025-04-30,P0057,W003,1174,1166.7313
2025-04-30,P0057,W004,2568,2499.947
2025-04-30,P0057,W005,1001,1024.3942
2025-04-30,P0057,W006,1842,1733.795
2025-04-30,P0058,W001,2315,2337.2664
2025-04-30,P0058,W002,2476,2360.5608
2025-04-30,P0058,W003,1266,1257.7454
2025-04-30,P0058,W004,1856,1879.4523
2025-04-30,P0058,W005,1616,1671.2463
2025-04-30,P0058,W006,1910,1956.454
2025-04-30,P0059,W001,1092,1109.9867
2025-04-30,P0059,W002,895,894.65356
2025-04-30,P0059,W003,650,635.5059
2025-04-30,P0059,W004,842,834.3307
2025-04-30,P0059,W005,1290,1262.683
2025-04-30,P0059,W006,542,533.76117
2025-04-30,P0060,W001,1161,1155.9257
2025-04-30,P0060,W002,1257,1243.3365
2025-04-30,P0060,W003,1268,1226.1859
2025-04-30,P0060,W004,2040,2024.2615
2025-04-30,P0060,W005,1304,1358.2053
2025-04-30,P0060,W006,2081,2024.68
2025-05-31,P0001,W001,450,455.8295
2025-05-31,P0001,W002,1086,1113.1664
2025-05-31,P0001,W003,552,565.6274
2025-05-31,P0001,W004,1017,1074.2137
2025-05-31,P0001,W005,487,496.6757
2025-05-31,P0001,W006,563,571.4504
2025-05-31,P0002,W001,1079,1064.9023
2025-05-31,P0002,W002,706,693.7841
2025-05-31,P0002,W003,909,925.677
2025-05-31,P0002,W004,1023,1017.69257
2025-05-31,P0002,W005,979,968.8122
2025-05-31,P0002,W006,1012,1019.9231
2025-05-31,P0003,W001,705,702.9204
2025-05-31,P0003,W002,590,620.58746
2025-05-31,P0003,W003,350,345.33878
2025-05-31,P0003,W004,636,633.1551
2025-05-31,P0003,W005,680,686.48505
2025-05-31,P0003,W006,628,619.5038
2025-05-31,P0004,W001,1159,1214.165
2025-05-31,P0004,W002,2254,2245.4263
2025-05-31,P0004,W003,1937,1900.0646
2025-05-31,P0004,W004,1976,1967.3032
2025-05-31,P0004,W005,2478,2487.135
2025-05-31,P0004,W006,1642,1630.7524
2025-05-31,P0005,W001,215,225.25558
2025-05-31,P0005,W002,377,385.16425
2025-05-31,P0005,W003,595,608.7684
2025-05-31,P0005,W004,591,633.1575
2025-05-31,P0005,W005,309,324.2406
2025-05-31,P0005,W006,354,382.51453
2025-05-31,P0006,W001,401,405.4646
2025-05-31,P0006,W002,548,558.2865
2025-05-31,P0006,W003,604,617.68097
2025-05-31,P0006,W004,303,302.46613
2025-05-31,P0006,W005,603,612.48663
2025-05-31,P0006,W006,453,461.0811
2025-05-31,P0007,W001,383,396.30322
2025-05-31,P0007,W002,1049,1050.3269
2025-05-31,P0007,W003,444,448.29468
2025-05-31,P0007,W004,1013,1020.8364
2025-05-31,P0007,W005,700,692.12335
2025-05-31,P0007,W006,413,415.43628
2025-05-31,P0008,W001,790,784.5082
2025-05-31,P0008,W002,1535,1503.4147
2025-05-31,P0008,W003,1024,974.3108
2025-05-31,P0008,W004,941,947.252
2025-05-31,P0008,W005,973,970.0953
2025-05-31,P0008,W006,1832,1790.2413
2025-05-31,P0009,W001,393,400.5334
2025-05-31,P0009,W002,573,572.1939
2025-05-31,P0009,W003,816,814.1932
2025-05-31,P0009,W004,875,861.6775
2025-05-31,P0009,W005,1069,1075.1809
2025-05-31,P0009,W006,497,492.59537
2025-05-31,P0010,W001,2748,2669.9065
2025-05-31,P0010,W002,1224,1224.4327
2025-05-31,P0010,W003,2721,2708.2927
2025-05-31,P0010,W004,1746,1746.4581
2025-05-31,P0010,W005,2379,2340.3054
2025-05-31,P0010,W006,2276,2317.182
2025-05-31,P0011,W001,501,488.28845
2025-05-31,P0011,W002,440,441.61212
2025-05-31,P0011,W003,990,1015.9153
2025-05-31,P0011,W004,437,441.97787
2025-05-31,P0011,W005,442,456.05338
2025-05-31,P0011,W006,836,846.18353
2025-05-31,P0012,W001,780,761.6949
2025-05-31,P0012,W002,768,754.9559
2025-05-31,P0012,W003,586,593.7663
2025-05-31,P0012,W004,686,692.9196
2025-05-31,P0012,W005,709,720.79724
2025-05-31,P0012,W006,644,670.25757
2025-05-31,P0013,W001,1054,1037.5156
2025-05-31,P0013,W002,2040,2001.5809
2025-05-31,P0013,W003,1766,1813.8079
2025-05-31,P0013,W004,2401,2462.6768
2025-05-31,P0013,W005,1114,1159.0131
2025-05-31,P0013,W006,961,937.29486
2025-05-31,P0014,W001,1007,1046.1082
2025-05-31,P0014,W002,791,812.5294
2025-05-31,P0014,W003,1191,1175.4778
2025-05-31,P0014,W004,1411,1418.0513
2025-05-31,P0014,W005,1570,1579.6218
2025-05-31,P0014,W006,657,722.23456
2025-05-31,P0015,W001,318,313.3685
2025-05-31,P0015,W002,681,683.0148
2025-05-31,P0015,W003,726,731.49243
2025-05-31,P0015,W004,907,923.06775
2025-05-31,P0015,W005,389,386.52237
2025-05-31,P0015,W006,353,352.49203
2025-05-31,P0016,W001,501,505.41992
2025-05-31,P0016,W002,389,384.95505
2025-05-31,P0016,W003,394,397.2974
2025-05-31,P0016,W004,582,566.02277
2025-05-31,P0016,W005,549,552.73804
2025-05-31,P0016,W006,577,560.22876
2025-05-31,P0017,W001,460,457.79803
2025-05-31,P0017,W002,1211,1203.1355
2025-05-31,P0017,W003,1045,1043.9419
2025-05-31,P0017,W004,558,558.70374
2025-05-31,P0017,W005,554,557.55634
2025-05-31,P0017,W006,661,653.9527
2025-05-31,P0018,W001,637,647.60364
2025-05-31,P0018,W002,315,318.9542
2025-05-31,P0018,W003,438,418.9955
2025-05-31,P0018,W004,274,275.4574
2025-05-31,P0018,W005,600,599.6953
2025-05-31,P0018,W006,413,403.42758
2025-05-31,P0019,W001,1976,2040.8464
2025-05-31,P0019,W002,1917,1875.8506
2025-05-31,P0019,W003,1454,1401.3197
2025-05-31,P0019,W004,3506,3537.629
2025-05-31,P0019,W005,2213,2231.9841
2025-05-31,P0019,W006,3307,3251.4343
2025-05-31,P0020,W001,1410,1437.0258
2025-05-31,P0020,W002,1516,1506.8942
2025-05-31,P0020,W003,2087,2010.6521
2025-05-31,P0020,W004,1491,1495.4897
2025-05-31,P0020,W005,1959,1989.1008
2025-05-31,P0020,W006,2402,2435.4976
2025-05-31,P0021,W001,1311,1353.4769
2025-05-31,P0021,W002,1581,1601.4635
2025-05-31,P0021,W003,918,947.40314
2025-05-31,P0021,W004,873,911.35626
2025-05-31,P0021,W005,1277,1287.9218
2025-05-31,P0021,W006,1269,1262.596
2025-05-31,P0022,W001,417,418.537
2025-05-31,P0022,W002,374,376.35635
2025-05-31,P0022,W003,357,357.10437
2025-05-31,P0022,W004,306,302.671
2025-05-31,P0022,W005,379,379.29077
2025-05-31,P0022,W006,356,341.57355
2025-05-31,P0023,W001,2029,2121.3152
2025-05-31,P0023,W002,2678,2612.6592
2025-05-31,P0023,W003,1038,1034.7242
2025-05-31,P0023,W004,2239,2246.441
2025-05-31,P0023,W005,1724,1746.2839
2025-05-31,P0023,W006,2161,2174.2908
2025-05-31,P0024,W001,1118,1084.8097
2025-05-31,P0024,W002,1202,1197.4999
2025-05-31,P0024,W003,1698,1718.4103
2025-05-31,P0024,W004,2382,2330.9229
2025-05-31,P0024,W005,1595,1597.1125
2025-05-31,P0024,W006,2044,2047.6128
2025-05-31,P0025,W001,846,854.2177
2025-05-31,P0025,W002,986,1005.04224
2025-05-31,P0025,W003,1670,1653.7283
2025-05-31,P0025,W004,1906,1920.4802
2025-05-31,P0025,W005,2004,1956.6625
2025-05-31,P0025,W006,876,882.2313
2025-05-31,P0026,W001,154,157.78159
2025-05-31,P0026,W002,249,245.7247
2025-05-31,P0026,W003,314,308.15897
2025-05-31,P0026,W004,243,244.70503
2025-05-31,P0026,W005,240,249.56969
2025-05-31,P0026,W006,318,326.78003
2025-05-31,P0027,W001,424,432.62564
2025-05-31,P0027,W002,584,580.6083
2025-05-31,P0027,W003,782,777.94867
2025-05-31,P0027,W004,617,620.3601
2025-05-31,P0027,W005,798,791.24036
2025-05-31,P0027,W006,929,953.87683
2025-05-31,P0028,W001,405,405.32443
2025-05-31,P0028,W002,256,256.77527
2025-05-31,P0028,W003,494,497.4338
2025-05-31,P0028,W004,413,413.11203
2025-05-31,P0028,W005,473,478.99808
2025-05-31,P0028,W006,335,339.90576
2025-05-31,P0029,W001,1290,1265.8748
2025-05-31,P0029,W002,1658,1677.1979
2025-05-31,P0029,W003,1846,1822.2328
2025-05-31,P0029,W004,1261,1246.0288
2025-05-31,P0029,W005,2482,2424.0925
2025-05-31,P0029,W006,1729,1697.6058
2025-05-31,P0030,W001,467,470.21326
2025-05-31,P0030,W002,948,926.26886
2025-05-31,P0030,W003,708,727.6297
2025-05-31,P0030,W004,415,414.0495
2025-05-31,P0030,W005,474,470.97116
2025-05-31,P0030,W006,901,898.3994
2025-05-31,P0031,W001,2499,2427.546
2025-05-31,P0031,W002,2279,2227.9302
2025-05-31,P0031,W003,1813,1765.4236
2025-05-31,P0031,W004,1709,1734.4305
2025-05-31,P0031,W005,2729,2682.2046
2025-05-31,P0031,W006,1424,1412.223
2025-05-31,P0032,W001,806,809.01263
2025-05-31,P0032,W002,1189,1163.4244
2025-05-31,P0032,W003,761,756.34534
2025-05-31,P0032,W004,1135,1148.7343
2025-05-31,P0032,W005,1246,1241.757
2025-05-31,P0032,W006,612,611.72235
2025-05-31,P0033,W001,1092,1063.543
2025-05-31,P0033,W002,1890,1878.2456
2025-05-31,P0033,W003,1644,1651.1588
2025-05-31,P0033,W004,1966,1975.0988
2025-05-31,P0033,W005,1662,1691.0337
2025-05-31,P0033,W006,2352,2274.0718
2025-05-31,P0034,W001,426,427.82074
2025-05-31,P0034,W002,179,178.54628
2025-05-31,P0034,W003,151,158.22346
2025-05-31,P0034,W004,276,265.19455
2025-05-31,P0034,W005,305,312.1461
2025-05-31,P0034,W006,297,291.86652
2025-05-31,P0035,W001,304,300.48962
2025-05-31,P0035,W002,270,262.6243
2025-05-31,P0035,W003,364,353.68817
2025-05-31,P0035,W004,387,385.34647
2025-05-31,P0035,W005,215,218.87718
2025-05-31,P0035,W006,471,476.92682
2025-05-31,P0036,W001,522,547.0202
2025-05-31,P0036,W002,721,726.163
2025-05-31,P0036,W003,897,867.5533
2025-05-31,P0036,W004,1316,1341.2012
2025-05-31,P0036,W005,542,536.9784
2025-05-31,P0036,W006,1281,1283.3643
2025-05-31,P0037,W001,1479,1470.3153
2025-05-31,P0037,W002,1508,1499.1782
2025-05-31,P0037,W003,1164,1142.4363
2025-05-31,P0037,W004,1392,1364.4954
2025-05-31,P0037,W005,793,804.54553
2025-05-31,P0037,W006,556,557.77716
2025-05-31,P0038,W001,798,759.6999
2025-05-31,P0038,W002,999,985.25775
2025-05-31,P0038,W003,1140,1150.7517
2025-05-31,P0038,W004,965,948.7251
2025-05-31,P0038,W005,985,1032.5878
2025-05-31,P0038,W006,1323,1317.4922
2025-05-31,P0039,W001,1653,1650.712
2025-05-31,P0039,W002,1332,1299.4454
2025-05-31,P0039,W003,1309,1339.4916
2025-05-31,P0039,W004,1416,1423.1438
2025-05-31,P0039,W005,2184,2122.0916
2025-05-31,P0039,W006,1504,1504.9176
2025-05-31,P0040,W001,2378,2387.2556
2025-05-31,P0040,W002,1044,1054.3678
2025-05-31,P0040,W003,1062,1047.8429
2025-05-31,P0040,W004,1472,1469.4432
2025-05-31,P0040,W005,1732,1696.8573
2025-05-31,P0040,W006,1901,1886.3463
2025-05-31,P0041,W001,1586,1533.6781
2025-05-31,P0041,W002,1375,1372.1703
2025-05-31,P0041,W003,973,982.85364
2025-05-31,P0041,W004,783,780.35156
2025-05-31,P0041,W005,996,984.46216
2025-05-31,P0041,W006,1394,1363.1577
2025-05-31,P0042,W001,790,782.2223
2025-05-31,P0042,W002,1223,1198.5948
2025-05-31,P0042,W003,1101,1134.4161
2025-05-31,P0042,W004,1487,1512.4822
2025-05-31,P0042,W005,1352,1398.9879
2025-05-31,P0042,W006,1652,1664.118
2025-05-31,P0043,W001,1116,1078.2832
2025-05-31,P0043,W002,1596,1571.8944
2025-05-31,P0043,W003,1348,1317.1598
2025-05-31,P0043,W004,1207,1212.9993
2025-05-31,P0043,W005,1120,1089.5741
2025-05-31,P0043,W006,795,801.64233
2025-05-31,P0044,W001,360,369.9916
2025-05-31,P0044,W002,245,254.08647
2025-05-31,P0044,W003,339,338.8161
2025-05-31,P0044,W004,279,275.74426
2025-05-31,P0044,W005,420,418.67563
2025-05-31,P0044,W006,259,261.1093
2025-05-31,P0045,W001,2432,2365.3877
2025-05-31,P0045,W002,1068,1054.0428
2025-05-31,P0045,W003,1047,1058.2751
2025-05-31,P0045,W004,1803,1808.2292
2025-05-31,P0045,W005,2347,2331.8145
2025-05-31,P0045,W006,2058,2079.8962
2025-05-31,P0046,W001,723,712.0651
2025-05-31,P0046,W002,1347,1378.1936
2025-05-31,P0046,W003,1140,1111.2092
2025-05-31,P0046,W004,700,683.3244
2025-05-31,P0046,W005,1120,1111.5156
2025-05-31,P0046,W006,888,889.5947
2025-05-31,P0047,W001,813,850.6198
2025-05-31,P0047,W002,784,816.3135
2025-05-31,P0047,W003,564,556.35767
2025-05-31,P0047,W004,1093,1099.3658
2025-05-31,P0047,W005,1336,1334.1725
2025-05-31,P0047,W006,500,498.6587
2025-05-31,P0048,W001,1405,1388.0785
2025-05-31,P0048,W002,2643,2689.9724
2025-05-31,P0048,W003,1325,1332.8855
2025-05-31,P0048,W004,1462,1460.0687
2025-05-31,P0048,W005,2091,2073.1113
2025-05-31,P0048,W006,1454,1465.9716
2025-05-31,P0049,W001,1457,1424.9731
2025-05-31,P0049,W002,871,861.61096
2025-05-31,P0049,W003,1248,1252.4542
2025-05-31,P0049,W004,1036,1015.57947
2025-05-31,P0049,W005,974,1001.4986
2025-05-31,P0049,W006,838,815.17395
2025-05-31,P0050,W001,2661,2678.5366
2025-05-31,P0050,W002,1660,1659.5825
2025-05-31,P0050,W003,1640,1618.9727
2025-05-31,P0050,W004,2272,2271.697
2025-05-31,P0050,W005,1433,1422.2826
2025-05-31,P0050,W006,2091,2073.7046
2025-05-31,P0051,W001,1144,1170.545
2025-05-31,P0051,W002,726,736.2756
2025-05-31,P0051,W003,1878,1876.1826
2025-05-31,P0051,W004,1637,1677.7716
2025-05-31,P0051,W005,1053,1041.4879
2025-05-31,P0051,W006,1301,1290.1737
2025-05-31,P0052,W001,1471,1539.963
2025-05-31,P0052,W002,1584,1610.6421
2025-05-31,P0052,W003,1398,1427.7356
2025-05-31,P0052,W004,1780,1831.549
2025-05-31,P0052,W005,787,818.30975
2025-05-31,P0052,W006,1928,2011.4979
2025-05-31,P0053,W001,720,724.179
2025-05-31,P0053,W002,541,551.39764
2025-05-31,P0053,W003,413,423.12244
2025-05-31,P0053,W004,485,494.95377
2025-05-31,P0053,W005,468,454.4408
2025-05-31,P0053,W006,856,873.40045
2025-05-31,P0054,W001,1627,1590.0066
2025-05-31,P0054,W002,2751,2765.5435
2025-05-31,P0054,W003,1002,1009.8881
2025-05-31,P0054,W004,2679,2659.2903
2025-05-31,P0054,W005,1694,1674.7343
2025-05-31,P0054,W006,2693,2674.2017
2025-05-31,P0055,W001,2342,2317.3743
2025-05-31,P0055,W002,1405,1370.3065
2025-05-31,P0055,W003,1353,1335.074
2025-05-31,P0055,W004,1941,1951.1628
2025-05-31,P0055,W005,2377,2408.6863
2025-05-31,P0055,W006,1702,1707.2957
2025-05-31,P0056,W001,1128,1129.3793
2025-05-31,P0056,W002,969,954.16956
2025-05-31,P0056,W003,577,587.3593
2025-05-31,P0056,W004,721,730.3377
2025-05-31,P0056,W005,1480,1465.3569
2025-05-31,P0056,W006,768,781.37506
2025-05-31,P0057,W001,2512,2522.9775
2025-05-31,P0057,W002,1446,1427.8647
2025-05-31,P0057,W003,1189,1173.37
2025-05-31,P0057,W004,2374,2431.1318
2025-05-31,P0057,W005,1027,1030.8209
2025-05-31,P0057,W006,1706,1776.0798
2025-05-31,P0058,W001,2259,2248.6194
2025-05-31,P0058,W002,2235,2261.772
2025-05-31,P0058,W003,1267,1261.1162
2025-05-31,P0058,W004,1764,1796.7928
2025-05-31,P0058,W005,1685,1653.4507
2025-05-31,P0058,W006,1858,1822.7068
2025-05-31,P0059,W001,1055,1059.0839
2025-05-31,P0059,W002,868,878.99536
2025-05-31,P0059,W003,611,617.15656
2025-05-31,P0059,W004,820,822.9052
2025-05-31,P0059,W005,1304,1291.7349
2025-05-31,P0059,W006,564,558.5156
2025-05-31,P0060,W001,1181,1174.6962
2025-05-31,P0060,W002,1205,1185.0804
2025-05-31,P0060,W003,1232,1246.2014
2025-05-31,P0060,W004,1994,1966.9271
2025-05-31,P0060,W005,1341,1311.6666
2025-05-31,P0060,W006,2008,2028.3263
2025-06-30,P0001,W001,396,390.5306
2025-06-30,P0001,W002,946,935.6042
2025-06-30,P0001,W003,454,452.23608
2025-06-30,P0001,W004,800,817.20996
2025-06-30,P0001,W005,398,403.84418
2025-06-30,P0001,W006,449,455.44696
2025-06-30,P0002,W001,935,929.7174
2025-06-30,P0002,W002,626,616.4828
2025-06-30,P0002,W003,817,801.28357
2025-06-30,P0002,W004,873,872.5846
2025-06-30,P0002,W005,816,830.1041
2025-06-30,P0002,W006,844,839.0915
2025-06-30,P0003,W001,618,618.6189
2025-06-30,P0003,W002,560,545.7977
2025-06-30,P0003,W003,282,287.87125
2025-06-30,P0003,W004,564,558.1174
2025-06-30,P0003,W005,623,605.34674
2025-06-30,P0003,W006,534,539.37354
2025-06-30,P0004,W001,1036,1026.12
2025-06-30,P0004,W002,1983,1975.9066
2025-06-30,P0004,W003,1733,1720.8259
2025-06-30,P0004,W004,1744,1737.8821
2025-06-30,P0004,W005,2062,2111.846
2025-06-30,P0004,W006,1340,1361.4886
2025-06-30,P0005,W001,187,190.16861
2025-06-30,P0005,W002,292,289.82108
2025-06-30,P0005,W003,443,454.2776
2025-06-30,P0005,W004,474,468.93604
2025-06-30,P0005,W005,254,252.9751
2025-06-30,P0005,W006,289,283.75854
2025-06-30,P0006,W001,333,331.64615
2025-06-30,P0006,W002,462,455.70834
2025-06-30,P0006,W003,510,506.825
2025-06-30,P0006,W004,261,260.9681
2025-06-30,P0006,W005,516,511.7113
2025-06-30,P0006,W006,391,384.96753
2025-06-30,P0007,W001,348,343.79028
2025-06-30,P0007,W002,876,877.23334
2025-06-30,P0007,W003,364,374.34586
2025-06-30,P0007,W004,900,877.3109
2025-06-30,P0007,W005,629,633.021
2025-06-30,P0007,W006,349,347.68045
2025-06-30,P0008,W001,665,665.94543
2025-06-30,P0008,W002,1327,1348.6692
2025-06-30,P0008,W003,864,857.8052
2025-06-30,P0008,W004,804,812.9091
2025-06-30,P0008,W005,791,824.8302
2025-06-30,P0008,W006,1490,1537.3058
2025-06-30,P0009,W001,355,347.42435
2025-06-30,P0009,W002,504,504.1315
2025-06-30,P0009,W003,711,712.5998
2025-06-30,P0009,W004,749,748.9072
2025-06-30,P0009,W005,966,948.6122
2025-06-30,P0009,W006,444,433.2101
2025-06-30,P0010,W001,2347,2322.531
2025-06-30,P0010,W002,1048,1061.1782
2025-06-30,P0010,W003,2437,2426.5002
2025-06-30,P0010,W004,1527,1559.1953
2025-06-30,P0010,W005,2041,2069.9307
2025-06-30,P0010,W006,2030,2017.6111
2025-06-30,P0011,W001,491,499.5222
2025-06-30,P0011,W002,453,440.18835
2025-06-30,P0011,W003,985,984.0985
2025-06-30,P0011,W004,430,441.2813
2025-06-30,P0011,W005,455,437.96228
2025-06-30,P0011,W006,849,849.0392
2025-06-30,P0012,W001,668,673.9818
2025-06-30,P0012,W002,647,654.7259
2025-06-30,P0012,W003,516,512.7243
2025-06-30,P0012,W004,669,645.5863
2025-06-30,P0012,W005,619,618.64404
2025-06-30,P0012,W006,574,561.98425
2025-06-30,P0013,W001,950,966.9765
2025-06-30,P0013,W002,1724,1749.9939
2025-06-30,P0013,W003,1555,1546.9154
2025-06-30,P0013,W004,2237,2153.728
2025-06-30,P0013,W005,1026,1003.5866
2025-06-30,P0013,W006,797,811.5044
2025-06-30,P0014,W001,765,772.2436
2025-06-30,P0014,W002,562,572.8888
2025-06-30,P0014,W003,902,896.2531
2025-06-30,P0014,W004,1094,1102.3081
2025-06-30,P0014,W005,1136,1146.8098
2025-06-30,P0014,W006,495,506.37125
2025-06-30,P0015,W001,274,280.65683
2025-06-30,P0015,W002,598,594.4542
2025-06-30,P0015,W003,620,625.77356
2025-06-30,P0015,W004,734,734.6733
2025-06-30,P0015,W005,319,318.53534
2025-06-30,P0015,W006,306,311.2079
2025-06-30,P0016,W001,435,433.85898
2025-06-30,P0016,W002,324,325.15088
2025-06-30,P0016,W003,347,339.76093
2025-06-30,P0016,W004,525,527.1658
2025-06-30,P0016,W005,493,489.86533
2025-06-30,P0016,W006,486,500.90314
2025-06-30,P0017,W001,396,397.12375
2025-06-30,P0017,W002,1035,1028.0077
2025-06-30,P0017,W003,831,851.8676
2025-06-30,P0017,W004,494,491.0472
2025-06-30,P0017,W005,488,478.7458
2025-06-30,P0017,W006,602,599.00287
2025-06-30,P0018,W001,606,602.11774
2025-06-30,P0018,W002,303,309.0251
2025-06-30,P0018,W003,373,394.77972
2025-06-30,P0018,W004,247,251.43784
2025-06-30,P0018,W005,545,556.2768
2025-06-30,P0018,W006,354,367.85138
2025-06-30,P0019,W001,1432,1458.6306
2025-06-30,P0019,W002,1232,1298.9008
2025-06-30,P0019,W003,934,972.391
2025-06-30,P0019,W004,2469,2400.5928
2025-06-30,P0019,W005,1478,1515.6791
2025-06-30,P0019,W006,1967,2003.3771
2025-06-30,P0020,W001,1189,1200.3445
2025-06-30,P0020,W002,1265,1298.4924
2025-06-30,P0020,W003,1709,1750.8036
2025-06-30,P0020,W004,1233,1229.6552
2025-06-30,P0020,W005,1644,1667.8722
2025-06-30,P0020,W006,2087,2088.6611
2025-06-30,P0021,W001,1133,1124.3214
2025-06-30,P0021,W002,1289,1302.6759
2025-06-30,P0021,W003,817,801.8719
2025-06-30,P0021,W004,706,722.45544
2025-06-30,P0021,W005,1092,1095.908
2025-06-30,P0021,W006,1063,1068.7032
2025-06-30,P0022,W001,351,344.40427
2025-06-30,P0022,W002,322,320.27502
2025-06-30,P0022,W003,308,304.19647
2025-06-30,P0022,W004,251,258.25287
2025-06-30,P0022,W005,325,328.05423
2025-06-30,P0022,W006,285,293.99292
2025-06-30,P0023,W001,1744,1856.4888
2025-06-30,P0023,W002,2514,2490.8245
2025-06-30,P0023,W003,983,1045.2448
2025-06-30,P0023,W004,2043,2120.4146
2025-06-30,P0023,W005,1626,1705.1223
2025-06-30,P0023,W006,1983,2066.6453
2025-06-30,P0024,W001,973,964.51013
2025-06-30,P0024,W002,1083,1077.5952
2025-06-30,P0024,W003,1548,1522.2786
2025-06-30,P0024,W004,2075,2044.9653
2025-06-30,P0024,W005,1352,1383.6755
2025-06-30,P0024,W006,1840,1809.6495
2025-06-30,P0025,W001,692,697.55975
2025-06-30,P0025,W002,843,850.8819
2025-06-30,P0025,W003,1384,1408.6154
2025-06-30,P0025,W004,1671,1668.8889
2025-06-30,P0025,W005,1775,1762.1011
2025-06-30,P0025,W006,700,718.1585
2025-06-30,P0026,W001,134,138.31268
2025-06-30,P0026,W002,218,219.76036
2025-06-30,P0026,W003,272,274.05627
2025-06-30,P0026,W004,197,197.79424
2025-06-30,P0026,W005,211,210.61205
2025-06-30,P0026,W006,285,276.83496
2025-06-30,P0027,W001,378,375.7801
2025-06-30,P0027,W002,535,536.2816
2025-06-30,P0027,W003,667,678.47473
2025-06-30,P0027,W004,523,522.89233
2025-06-30,P0027,W005,696,696.1282
2025-06-30,P0027,W006,835,805.6544
2025-06-30,P0028,W001,364,357.65192
2025-06-30,P0028,W002,218,215.2537
2025-06-30,P0028,W003,436,437.84702
2025-06-30,P0028,W004,366,363.79306
2025-06-30,P0028,W005,423,416.1701
2025-06-30,P0028,W006,298,297.65942
2025-06-30,P0029,W001,1160,1162.6788
2025-06-30,P0029,W002,1530,1474.2422
2025-06-30,P0029,W003,1653,1644.5613
2025-06-30,P0029,W004,1096,1076.8368
2025-06-30,P0029,W005,2232,2177.272
2025-06-30,P0029,W006,1386,1439.2709
2025-06-30,P0030,W001,382,389.50873
2025-06-30,P0030,W002,839,818.34546
2025-06-30,P0030,W003,594,592.475
2025-06-30,P0030,W004,369,370.6464
2025-06-30,P0030,W005,432,424.99487
2025-06-30,P0030,W006,762,762.0423
2025-06-30,P0031,W001,2070,2084.4731
2025-06-30,P0031,W002,1952,1972.6492
2025-06-30,P0031,W003,1513,1532.264
2025-06-30,P0031,W004,1469,1499.2493
2025-06-30,P0031,W005,2283,2259.6057
2025-06-30,P0031,W006,1163,1185.5215
2025-06-30,P0032,W001,635,637.6631
2025-06-30,P0032,W002,962,988.95966
2025-06-30,P0032,W003,654,649.97327
2025-06-30,P0032,W004,967,961.9666
2025-06-30,P0032,W005,1042,1041.2222
2025-06-30,P0032,W006,531,521.2916
2025-06-30,P0033,W001,910,915.47076
2025-06-30,P0033,W002,1697,1655.3652
2025-06-30,P0033,W003,1521,1485.3622
2025-06-30,P0033,W004,1650,1664.226
2025-06-30,P0033,W005,1529,1480.5027
2025-06-30,P0033,W006,1948,1985.0358
2025-06-30,P0034,W001,372,364.07578
2025-06-30,P0034,W002,152,154.28479
2025-06-30,P0034,W003,126,127.42329
2025-06-30,P0034,W004,239,238.15372
2025-06-30,P0034,W005,276,271.13138
2025-06-30,P0034,W006,260,261.87482
2025-06-30,P0035,W001,266,266.50412
2025-06-30,P0035,W002,211,219.7157
2025-06-30,P0035,W003,314,319.53555
2025-06-30,P0035,W004,322,325.78442
2025-06-30,P0035,W005,183,186.06834
2025-06-30,P0035,W006,413,415.51218
2025-06-30,P0036,W001,460,446.88882
2025-06-30,P0036,W002,644,630.106
2025-06-30,P0036,W003,757,771.381
2025-06-30,P0036,W004,1127,1114.3173
2025-06-30,P0036,W005,468,467.35135
2025-06-30,P0036,W006,1038,1048.958
2025-06-30,P0037,W001,1301,1291.1174
2025-06-30,P0037,W002,1297,1264.2057
2025-06-30,P0037,W003,994,992.53455
2025-06-30,P0037,W004,1172,1178.0065
2025-06-30,P0037,W005,668,685.47675
2025-06-30,P0037,W006,503,492.34467
2025-06-30,P0038,W001,724,713.6065
2025-06-30,P0038,W002,845,867.09705
2025-06-30,P0038,W003,981,951.52405
2025-06-30,P0038,W004,769,798.2401
2025-06-30,P0038,W005,921,876.23755
2025-06-30,P0038,W006,1126,1141.4022
2025-06-30,P0039,W001,1511,1468.3502
2025-06-30,P0039,W002,1135,1166.8737
2025-06-30,P0039,W003,1151,1122.5107
2025-06-30,P0039,W004,1171,1192.021
2025-06-30,P0039,W005,1867,1863.3259
2025-06-30,P0039,W006,1270,1288.2563
2025-06-30,P0040,W001,2133,2096.6138
2025-06-30,P0040,W002,891,887.884
2025-06-30,P0040,W003,846,861.0769
2025-06-30,P0040,W004,1284,1289.8776
2025-06-30,P0040,W005,1500,1496.3877
2025-06-30,P0040,W006,1676,1662.6149
2025-06-30,P0041,W001,1256,1292.052
2025-06-30,P0041,W002,1125,1118.776
2025-06-30,P0041,W003,868,868.5863
2025-06-30,P0041,W004,659,658.96277
2025-06-30,P0041,W005,878,868.9336
2025-06-30,P0041,W006,1218,1213.199
2025-06-30,P0042,W001,668,675.1581
2025-06-30,P0042,W002,1049,1041.6066
2025-06-30,P0042,W003,947,949.1587
2025-06-30,P0042,W004,1278,1272.2542
2025-06-30,P0042,W005,1174,1168.0648
2025-06-30,P0042,W006,1477,1441.7645
2025-06-30,P0043,W001,1017,1000.6828
2025-06-30,P0043,W002,1344,1344.0312
2025-06-30,P0043,W003,1119,1130.3405
2025-06-30,P0043,W004,1000,977.28644
2025-06-30,P0043,W005,912,937.8218
2025-06-30,P0043,W006,732,721.11914
2025-06-30,P0044,W001,322,313.05798
2025-06-30,P0044,W002,216,211.42635
2025-06-30,P0044,W003,301,297.44595
2025-06-30,P0044,W004,242,242.22507
2025-06-30,P0044,W005,361,357.1952
2025-06-30,P0044,W006,232,228.28345
2025-06-30,P0045,W001,1930,1993.7101
2025-06-30,P0045,W002,901,902.38275
2025-06-30,P0045,W003,935,919.09406
2025-06-30,P0045,W004,1500,1494.1254
2025-06-30,P0045,W005,2097,2046.5952
2025-06-30,P0045,W006,1851,1798.2054
2025-06-30,P0046,W001,657,692.54895
2025-06-30,P0046,W002,1219,1231.5032
2025-06-30,P0046,W003,1092,1071.5482
2025-06-30,P0046,W004,641,676.76263
2025-06-30,P0046,W005,1057,1077.398
2025-06-30,P0046,W006,837,872.51776
2025-06-30,P0047,W001,706,708.096
2025-06-30,P0047,W002,725,694.66345
2025-06-30,P0047,W003,485,496.10965
2025-06-30,P0047,W004,903,898.8138
2025-06-30,P0047,W005,1157,1152.0983
2025-06-30,P0047,W006,456,458.34662
2025-06-30,P0048,W001,1204,1185.274
2025-06-30,P0048,W002,2253,2205.6829
2025-06-30,P0048,W003,1122,1102.2913
2025-06-30,P0048,W004,1271,1285.3578
2025-06-30,P0048,W005,1713,1754.4675
2025-06-30,P0048,W006,1313,1303.0637
2025-06-30,P0049,W001,1289,1271.4789
2025-06-30,P0049,W002,756,758.4527
2025-06-30,P0049,W003,1060,1042.8237
2025-06-30,P0049,W004,885,881.0588
2025-06-30,P0049,W005,843,818.34674
2025-06-30,P0049,W006,710,712.6043
2025-06-30,P0050,W001,2268,2213.3662
2025-06-30,P0050,W002,1494,1469.2211
2025-06-30,P0050,W003,1378,1414.81
2025-06-30,P0050,W004,1881,1897.6926
2025-06-30,P0050,W005,1189,1191.8104
2025-06-30,P0050,W006,1719,1724.6432
2025-06-30,P0051,W001,1047,1025.0323
2025-06-30,P0051,W002,637,628.7345
2025-06-30,P0051,W003,1616,1644.2439
2025-06-30,P0051,W004,1420,1394.6356
2025-06-30,P0051,W005,900,909.7402
2025-06-30,P0051,W006,1028,1059.0933
2025-06-30,P0052,W001,1186,1175.709
2025-06-30,P0052,W002,1415,1421.0424
2025-06-30,P0052,W003,1237,1200.439
2025-06-30,P0052,W004,1425,1483.5123
2025-06-30,P0052,W005,716,713.55273
2025-06-30,P0052,W006,1631,1637.2103
2025-06-30,P0053,W001,645,617.70483
2025-06-30,P0053,W002,479,478.99365
2025-06-30,P0053,W003,357,357.40515
2025-06-30,P0053,W004,444,431.23196
2025-06-30,P0053,W005,391,402.2553
2025-06-30,P0053,W006,721,724.03186
2025-06-30,P0054,W001,1345,1377.1145
2025-06-30,P0054,W002,2504,2447.4587
2025-06-30,P0054,W003,851,853.39417
2025-06-30,P0054,W004,2210,2228.9739
2025-06-30,P0054,W005,1451,1459.5686
2025-06-30,P0054,W006,2330,2352.5312
2025-06-30,P0055,W001,1953,1980.3691
2025-06-30,P0055,W002,1180,1197.6112
2025-06-30,P0055,W003,1137,1149.051
2025-06-30,P0055,W004,1695,1682.7488
2025-06-30,P0055,W005,2119,2127.4558
2025-06-30,P0055,W006,1471,1473.0951
2025-06-30,P0056,W001,1013,987.99884
2025-06-30,P0056,W002,842,834.8586
2025-06-30,P0056,W003,510,506.4073
2025-06-30,P0056,W004,620,614.53033
2025-06-30,P0056,W005,1291,1260.1885
2025-06-30,P0056,W006,698,682.002
2025-06-30,P0057,W001,2132,2122.7407
2025-06-30,P0057,W002,1187,1231.1721
2025-06-30,P0057,W003,989,978.67377
2025-06-30,P0057,W004,2043,2027.6166
2025-06-30,P0057,W005,886,896.7174
2025-06-30,P0057,W006,1518,1520.745
2025-06-30,P0058,W001,2083,2006.9626
2025-06-30,P0058,W002,2027,2023.6969
2025-06-30,P0058,W003,1106,1100.581
2025-06-30,P0058,W004,1577,1583.637
2025-06-30,P0058,W005,1428,1423.1604
2025-06-30,P0058,W006,1649,1615.5271
2025-06-30,P0059,W001,960,937.6216
2025-06-30,P0059,W002,757,744.18677
2025-06-30,P0059,W003,529,520.0662
2025-06-30,P0059,W004,708,702.06647
2025-06-30,P0059,W005,1061,1089.9022
2025-06-30,P0059,W006,454,463.497
2025-06-30,P0060,W001,1007,1033.7689
2025-06-30,P0060,W002,1021,1027.1953
2025-06-30,P0060,W003,1124,1100.0182
2025-06-30,P0060,W004,1811,1795.7457
2025-06-30,P0060,W005,1187,1176.335
2025-06-30,P0060,W006,1819,1784.8771
2025-07-31,P0001,W001,370,373.99646
2025-07-31,P0001,W002,862,855.0668
2025-07-31,P0001,W003,437,427.865
2025-07-31,P0001,W004,749,743.0742
2025-07-31,P0001,W005,384,385.00784
2025-07-31,P0001,W006,436,433.61517
2025-07-31,P0002,W001,846,853.9882
2025-07-31,P0002,W002,537,542.7302
2025-07-31,P0002,W003,708,708.3861
2025-07-31,P0002,W004,809,794.3015
2025-07-31,P0002,W005,764,761.1843
2025-07-31,P0002,W006,759,757.8826
2025-07-31,P0003,W001,534,542.32227
2025-07-31,P0003,W002,465,473.3536
2025-07-31,P0003,W003,247,246.45909
2025-07-31,P0003,W004,471,481.11746
2025-07-31,P0003,W005,563,557.50415
2025-07-31,P0003,W006,489,488.86612
2025-07-31,P0004,W001,966,959.4777
2025-07-31,P0004,W002,1828,1787.2123
2025-07-31,P0004,W003,1491,1487.6326
2025-07-31,P0004,W004,1425,1467.1018
2025-07-31,P0004,W005,1883,1793.9261
2025-07-31,P0004,W006,1291,1269.5712
2025-07-31,P0005,W001,159,158.72049
2025-07-31,P0005,W002,245,249.90839
2025-07-31,P0005,W003,402,400.52505
2025-07-31,P0005,W004,402,403.59177
2025-07-31,P0005,W005,222,220.65117
2025-07-31,P0005,W006,255,254.70474
2025-07-31,P0006,W001,306,300.83618
2025-07-31,P0006,W002,404,403.4296
2025-07-31,P0006,W003,434,439.2056
2025-07-31,P0006,W004,219,222.71526
2025-07-31,P0006,W005,470,461.4032
2025-07-31,P0006,W006,349,341.15878
2025-07-31,P0007,W001,306,305.65326
2025-07-31,P0007,W002,748,767.52313
2025-07-31,P0007,W003,345,331.7036
2025-07-31,P0007,W004,781,798.7541
2025-07-31,P0007,W005,552,546.1615
2025-07-31,P0007,W006,314,313.1446
2025-07-31,P0008,W001,574,586.3818
2025-07-31,P0008,W002,1243,1196.6675
2025-07-31,P0008,W003,771,791.34973
2025-07-31,P0008,W004,662,681.6735
2025-07-31,P0008,W005,734,733.2879
2025-07-31,P0008,W006,1437,1372.2256
2025-07-31,P0009,W001,318,321.40082
2025-07-31,P0009,W002,425,430.01276
2025-07-31,P0009,W003,613,615.9912
2025-07-31,P0009,W004,641,652.8541
2025-07-31,P0009,W005,792,815.8124
2025-07-31,P0009,W006,397,397.60342
2025-07-31,P0010,W001,1925,1938.0193
2025-07-31,P0010,W002,902,922.94775
2025-07-31,P0010,W003,2118,2065.982
2025-07-31,P0010,W004,1292,1299.6428
2025-07-31,P0010,W005,1751,1801.3922
2025-07-31,P0010,W006,1737,1782.3647
2025-07-31,P0011,W001,408,453.0733
2025-07-31,P0011,W002,386,423.31165
2025-07-31,P0011,W003,800,874.2893
2025-07-31,P0011,W004,346,397.93588
2025-07-31,P0011,W005,381,427.52365
2025-07-31,P0011,W006,763,819.41565
2025-07-31,P0012,W001,576,577.2233
2025-07-31,P0012,W002,578,578.9035
2025-07-31,P0012,W003,442,444.31668
2025-07-31,P0012,W004,538,548.6885
2025-07-31,P0012,W005,523,528.0277
2025-07-31,P0012,W006,491,495.08426
2025-07-31,P0013,W001,827,837.1632
2025-07-31,P0013,W002,1570,1554.8268
2025-07-31,P0013,W003,1389,1375.3971
2025-07-31,P0013,W004,1853,1877.2059
2025-07-31,P0013,W005,816,856.59015
2025-07-31,P0013,W006,705,717.62286
2025-07-31,P0014,W001,746,753.03467
2025-07-31,P0014,W002,561,573.5787
2025-07-31,P0014,W003,825,869.35425
2025-07-31,P0014,W004,1031,1028.584
2025-07-31,P0014,W005,1113,1145.2693
2025-07-31,P0014,W006,482,489.39606
2025-07-31,P0015,W001,239,234.45673
2025-07-31,P0015,W002,553,552.17883
2025-07-31,P0015,W003,574,563.8011
2025-07-31,P0015,W004,670,667.07874
2025-07-31,P0015,W005,280,279.72742
2025-07-31,P0015,W006,270,266.78867
2025-07-31,P0016,W001,387,386.7866
2025-07-31,P0016,W002,312,308.27176
2025-07-31,P0016,W003,298,299.50043
2025-07-31,P0016,W004,447,446.84708
2025-07-31,P0016,W005,436,432.1782
2025-07-31,P0016,W006,440,431.82712
2025-07-31,P0017,W001,367,356.9236
2025-07-31,P0017,W002,902,909.51776
2025-07-31,P0017,W003,771,766.3153
2025-07-31,P0017,W004,436,433.67123
2025-07-31,P0017,W005,425,431.48404
2025-07-31,P0017,W006,529,530.05115
2025-07-31,P0018,W001,512,512.49817
2025-07-31,P0018,W002,261,260.4636
2025-07-31,P0018,W003,303,309.30798
2025-07-31,P0018,W004,201,203.09698
2025-07-31,P0018,W005,443,448.10608
2025-07-31,P0018,W006,308,311.3373
2025-07-31,P0019,W001,1161,1212.7502
2025-07-31,P0019,W002,1114,1095.1501
2025-07-31,P0019,W003,852,840.5823
2025-07-31,P0019,W004,2195,2128.654
2025-07-31,P0019,W005,1315,1332.926
2025-07-31,P0019,W006,1956,1858.8292
2025-07-31,P0020,W001,1136,1123.0973
2025-07-31,P0020,W002,1200,1180.3469
2025-07-31,P0020,W003,1584,1558.9894
2025-07-31,P0020,W004,1180,1196.1246
2025-07-31,P0020,W005,1475,1498.9248
2025-07-31,P0020,W006,1940,1946.8588
2025-07-31,P0021,W001,1026,1014.40454
2025-07-31,P0021,W002,1207,1182.9133
2025-07-31,P0021,W003,720,725.3483
2025-07-31,P0021,W004,640,628.33966
2025-07-31,P0021,W005,920,935.60895
2025-07-31,P0021,W006,985,959.1579
2025-07-31,P0022,W001,313,323.7321
2025-07-31,P0022,W002,286,285.2497
2025-07-31,P0022,W003,285,281.6163
2025-07-31,P0022,W004,231,225.06146
2025-07-31,P0022,W005,285,282.03876
2025-07-31,P0022,W006,261,255.74985
2025-07-31,P0023,W001,1413,1440.9818
2025-07-31,P0023,W002,1986,1944.6115
2025-07-31,P0023,W003,795,786.59955
2025-07-31,P0023,W004,1637,1627.8899
2025-07-31,P0023,W005,1276,1283.4481
2025-07-31,P0023,W006,1617,1629.8671
2025-07-31,P0024,W001,873,886.63586
2025-07-31,P0024,W002,920,939.6591
2025-07-31,P0024,W003,1289,1319.5208
2025-07-31,P0024,W004,1811,1823.1562
2025-07-31,P0024,W005,1204,1209.8221
2025-07-31,P0024,W006,1550,1607.2249
2025-07-31,P0025,W001,594,608.966
2025-07-31,P0025,W002,756,762.46405
2025-07-31,P0025,W003,1246,1218.6635
2025-07-31,P0025,W004,1508,1502.3761
2025-07-31,P0025,W005,1504,1532.4653
2025-07-31,P0025,W006,618,625.8001
2025-07-31,P0026,W001,116,113.63867
2025-07-31,P0026,W002,183,186.60782
2025-07-31,P0026,W003,251,245.89058
2025-07-31,P0026,W004,186,178.67635
2025-07-31,P0026,W005,196,194.15538
2025-07-31,P0026,W006,259,258.84076
2025-07-31,P0027,W001,327,321.1132
2025-07-31,P0027,W002,451,461.22363
2025-07-31,P0027,W003,588,581.67316
2025-07-31,P0027,W004,454,452.4791
2025-07-31,P0027,W005,604,611.23596
2025-07-31,P0027,W006,690,732.13226
2025-07-31,P0028,W001,310,309.88464
2025-07-31,P0028,W002,201,202.10706
2025-07-31,P0028,W003,379,377.30838
2025-07-31,P0028,W004,336,329.55185
2025-07-31,P0028,W005,370,369.3159
2025-07-31,P0028,W006,266,262.92178
2025-07-31,P0029,W001,1011,1013.4775
2025-07-31,P0029,W002,1196,1244.1879
2025-07-31,P0029,W003,1491,1464.812
2025-07-31,P0029,W004,926,952.1644
2025-07-31,P0029,W005,2030,1983.3914
2025-07-31,P0029,W006,1316,1287.5319
2025-07-31,P0030,W001,340,335.9923
2025-07-31,P0030,W002,710,735.20575
2025-07-31,P0030,W003,541,539.856
2025-07-31,P0030,W004,310,308.33408
2025-07-31,P0030,W005,372,371.49973
2025-07-31,P0030,W006,679,679.9483
2025-07-31,P0031,W001,1858,1866.2784
2025-07-31,P0031,W002,1812,1783.0983
2025-07-31,P0031,W003,1382,1348.9891
2025-07-31,P0031,W004,1256,1256.9891
2025-07-31,P0031,W005,2105,2087.849
2025-07-31,P0031,W006,1090,1095.3262
2025-07-31,P0032,W001,610,605.59955
2025-07-31,P0032,W002,888,871.093
2025-07-31,P0032,W003,597,596.72363
2025-07-31,P0032,W004,878,877.02686
2025-07-31,P0032,W005,987,972.1743
2025-07-31,P0032,W006,460,473.11707
2025-07-31,P0033,W001,765,804.48114
2025-07-31,P0033,W002,1554,1519.594
2025-07-31,P0033,W003,1262,1277.4583
2025-07-31,P0033,W004,1486,1444.5361
2025-07-31,P0033,W005,1315,1335.2305
2025-07-31,P0033,W006,1676,1713.5803
2025-07-31,P0034,W001,340,336.75436
2025-07-31,P0034,W002,133,134.73567
2025-07-31,P0034,W003,117,108.716125
2025-07-31,P0034,W004,217,214.56573
2025-07-31,P0034,W005,243,237.35052
2025-07-31,P0034,W006,226,227.57825
2025-07-31,P0035,W001,226,227.85428
2025-07-31,P0035,W002,201,196.20006
2025-07-31,P0035,W003,257,255.7458
2025-07-31,P0035,W004,264,264.12064
2025-07-31,P0035,W005,175,171.13304
2025-07-31,P0035,W006,366,358.5205
2025-07-31,P0036,W001,419,418.35007
2025-07-31,P0036,W002,537,549.62506
2025-07-31,P0036,W003,631,651.832
2025-07-31,P0036,W004,1018,1018.87305
2025-07-31,P0036,W005,409,411.56558
2025-07-31,P0036,W006,956,941.08264
2025-07-31,P0037,W001,1138,1142.271
2025-07-31,P0037,W002,1128,1142.2837
2025-07-31,P0037,W003,887,882.7597
2025-07-31,P0037,W004,1067,1055.226
2025-07-31,P0037,W005,595,587.0887
2025-07-31,P0037,W006,412,423.48187
2025-07-31,P0038,W001,591,607.26605
2025-07-31,P0038,W002,737,717.8655
2025-07-31,P0038,W003,843,858.99927
2025-07-31,P0038,W004,691,691.4892
2025-07-31,P0038,W005,795,819.3783
2025-07-31,P0038,W006,997,1005.95825
2025-07-31,P0039,W001,1329,1347.0126
2025-07-31,P0039,W002,1042,1014.90594
2025-07-31,P0039,W003,1016,1030.5424
2025-07-31,P0039,W004,1054,1048.1053
2025-07-31,P0039,W005,1569,1601.6704
2025-07-31,P0039,W006,1156,1173.214
2025-07-31,P0040,W001,1905,1866.6117
2025-07-31,P0040,W002,814,811.19507
2025-07-31,P0040,W003,781,775.89136
2025-07-31,P0040,W004,1173,1163.0898
2025-07-31,P0040,W005,1374,1370.0376
2025-07-31,P0040,W006,1563,1568.9023
2025-07-31,P0041,W001,1168,1143.1665
2025-07-31,P0041,W002,1047,1025.6865
2025-07-31,P0041,W003,784,773.20953
2025-07-31,P0041,W004,577,575.2013
2025-07-31,P0041,W005,776,783.2562
2025-07-31,P0041,W006,1093,1085.6189
2025-07-31,P0042,W001,572,572.07275
2025-07-31,P0042,W002,890,914.36206
2025-07-31,P0042,W003,808,811.1013
2025-07-31,P0042,W004,1127,1146.5773
2025-07-31,P0042,W005,1130,1111.9949
2025-07-31,P0042,W006,1271,1291.6699
2025-07-31,P0043,W001,884,907.73517
2025-07-31,P0043,W002,1190,1194.0127
2025-07-31,P0043,W003,1047,1009.04095
2025-07-31,P0043,W004,863,874.66705
2025-07-31,P0043,W005,825,825.6164
2025-07-31,P0043,W006,632,636.7133
2025-07-31,P0044,W001,291,290.47333
2025-07-31,P0044,W002,188,188.87868
2025-07-31,P0044,W003,275,271.25073
2025-07-31,P0044,W004,210,207.28152
2025-07-31,P0044,W005,316,313.11697
2025-07-31,P0044,W006,204,200.56276
2025-07-31,P0045,W001,1782,1766.4132
2025-07-31,P0045,W002,858,841.7384
2025-07-31,P0045,W003,761,795.595
2025-07-31,P0045,W004,1273,1295.9708
2025-07-31,P0045,W005,1732,1737.7667
2025-07-31,P0045,W006,1528,1598.4044
2025-07-31,P0046,W001,583,567.8954
2025-07-31,P0046,W002,1033,1028.4816
2025-07-31,P0046,W003,878,866.7621
2025-07-31,P0046,W004,503,503.6777
2025-07-31,P0046,W005,886,878.5821
2025-07-31,P0046,W006,709,698.21906
2025-07-31,P0047,W001,619,610.52167
2025-07-31,P0047,W002,567,600.9422
2025-07-31,P0047,W003,428,426.82635
2025-07-31,P0047,W004,815,815.7822
2025-07-31,P0047,W005,962,980.1421
2025-07-31,P0047,W006,395,393.5317
2025-07-31,P0048,W001,1115,1112.0508
2025-07-31,P0048,W002,2154,2070.2385
2025-07-31,P0048,W003,976,992.82416
2025-07-31,P0048,W004,1121,1118.895
2025-07-31,P0048,W005,1602,1563.9149
2025-07-31,P0048,W006,1140,1146.3286
2025-07-31,P0049,W001,1062,1081.8749
2025-07-31,P0049,W002,676,669.3348
2025-07-31,P0049,W003,898,911.96704
2025-07-31,P0049,W004,765,779.7799
2025-07-31,P0049,W005,784,795.8934
2025-07-31,P0049,W006,627,634.29065
2025-07-31,P0050,W001,2219,2172.8928
2025-07-31,P0050,W002,1242,1256.1663
2025-07-31,P0050,W003,1186,1157.4541
2025-07-31,P0050,W004,1659,1662.8984
2025-07-31,P0050,W005,1038,1047.6947
2025-07-31,P0050,W006,1639,1618.5537
2025-07-31,P0051,W001,917,915.2901
2025-07-31,P0051,W002,563,575.388
2025-07-31,P0051,W003,1450,1429.1881
2025-07-31,P0051,W004,1275,1254.7792
2025-07-31,P0051,W005,784,800.5686
2025-07-31,P0051,W006,944,950.43427
2025-07-31,P0052,W001,1118,1113.5215
2025-07-31,P0052,W002,1232,1224.1401
2025-07-31,P0052,W003,1027,1051.3895
2025-07-31,P0052,W004,1421,1350.6475
2025-07-31,P0052,W005,635,631.80743
2025-07-31,P0052,W006,1406,1442.9622
2025-07-31,P0053,W001,560,578.0297
2025-07-31,P0053,W002,421,426.72415
2025-07-31,P0053,W003,315,310.0344
2025-07-31,P0053,W004,389,390.47256
2025-07-31,P0053,W005,363,353.3747
2025-07-31,P0053,W006,669,656.23956
2025-07-31,P0054,W001,1245,1238.7151
2025-07-31,P0054,W002,2122,2137.3965
2025-07-31,P0054,W003,778,763.3402
2025-07-31,P0054,W004,1995,1954.5887
2025-07-31,P0054,W005,1286,1294.6691
2025-07-31,P0054,W006,2185,2121.364
2025-07-31,P0055,W001,1754,1755.6295
2025-07-31,P0055,W002,1030,1046.328
2025-07-31,P0055,W003,1014,1018.41534
2025-07-31,P0055,W004,1481,1487.5784
2025-07-31,P0055,W005,1875,1849.7216
2025-07-31,P0055,W006,1282,1294.3627
2025-07-31,P0056,W001,900,894.39764
2025-07-31,P0056,W002,769,775.74567
2025-07-31,P0056,W003,441,442.319
2025-07-31,P0056,W004,541,535.964
2025-07-31,P0056,W005,1129,1127.3604
2025-07-31,P0056,W006,572,589.0493
2025-07-31,P0057,W001,1923,1919.4772
2025-07-31,P0057,W002,1061,1028.8231
2025-07-31,P0057,W003,911,904.8355
2025-07-31,P0057,W004,1878,1809.6005
2025-07-31,P0057,W005,761,774.6135
2025-07-31,P0057,W006,1329,1331.6978
2025-07-31,P0058,W001,1774,1841.7163
2025-07-31,P0058,W002,1752,1743.1211
2025-07-31,P0058,W003,945,967.21277
2025-07-31,P0058,W004,1405,1396.558
2025-07-31,P0058,W005,1279,1297.5859
2025-07-31,P0058,W006,1438,1480.1172
2025-07-31,P0059,W001,829,843.37494
2025-07-31,P0059,W002,669,673.23303
2025-07-31,P0059,W003,464,470.07092
2025-07-31,P0059,W004,612,611.6019
2025-07-31,P0059,W005,991,948.5174
2025-07-31,P0059,W006,420,410.98276
2025-07-31,P0060,W001,839,850.35706
2025-07-31,P0060,W002,923,925.2308
2025-07-31,P0060,W003,890,935.8196
2025-07-31,P0060,W004,1584,1612.1023
2025-07-31,P0060,W005,1073,1070.7217
2025-07-31,P0060,W006,1501,1554.2002
2025-08-31,P0001,W001,309,353.09613
2025-08-31,P0001,W002,802,875.17084
2025-08-31,P0001,W003,376,438.93744
2025-08-31,P0001,W004,684,733.7819
2025-08-31,P0001,W005,347,393.46033
2025-08-31,P0001,W006,390,444.5943
2025-08-31,P0002,W001,710,719.07587
2025-08-31,P0002,W002,441,443.2885
2025-08-31,P0002,W003,616,602.7345
2025-08-31,P0002,W004,664,684.2601
2025-08-31,P0002,W005,637,643.343
2025-08-31,P0002,W006,686,665.1846
2025-08-31,P0003,W001,475,457.19757
2025-08-31,P0003,W002,425,417.55032
2025-08-31,P0003,W003,210,212.15536
2025-08-31,P0003,W004,433,421.97433
2025-08-31,P0003,W005,433,454.61356
2025-08-31,P0003,W006,427,423.84647
2025-08-31,P0004,W001,800,807.76245
2025-08-31,P0004,W002,1595,1557.6699
2025-08-31,P0004,W003,1240,1238.5483
2025-08-31,P0004,W004,1289,1262.3184
2025-08-31,P0004,W005,1677,1642.9442
2025-08-31,P0004,W006,1064,1074.495
2025-08-31,P0005,W001,134,138.21353
2025-08-31,P0005,W002,215,213.58603
2025-08-31,P0005,W003,377,368.8395
2025-08-31,P0005,W004,350,348.98947
2025-08-31,P0005,W005,192,193.405
2025-08-31,P0005,W006,228,224.22424
2025-08-31,P0006,W001,243,252.91147
2025-08-31,P0006,W002,351,349.11972
2025-08-31,P0006,W003,387,384.36038
2025-08-31,P0006,W004,196,190.72838
2025-08-31,P0006,W005,416,414.4914
2025-08-31,P0006,W006,307,307.73093
2025-08-31,P0007,W001,265,260.77777
2025-08-31,P0007,W002,672,667.5193
2025-08-31,P0007,W003,310,309.16803
2025-08-31,P0007,W004,679,684.9454
2025-08-31,P0007,W005,483,485.0061
2025-08-31,P0007,W006,251,259.60696
2025-08-31,P0008,W001,519,516.49
2025-08-31,P0008,W002,1082,1078.682
2025-08-31,P0008,W003,652,662.8775
2025-08-31,P0008,W004,554,563.5808
2025-08-31,P0008,W005,625,627.05664
2025-08-31,P0008,W006,1234,1228.6511
2025-08-31,P0009,W001,261,264.21436
2025-08-31,P0009,W002,388,379.51974
2025-08-31,P0009,W003,540,524.9751
2025-08-31,P0009,W004,573,568.5601
2025-08-31,P0009,W005,713,709.48584
2025-08-31,P0009,W006,350,345.7359
2025-08-31,P0010,W001,1670,1662.9264
2025-08-31,P0010,W002,818,793.52423
2025-08-31,P0010,W003,1829,1772.6516
2025-08-31,P0010,W004,1142,1124.126
2025-08-31,P0010,W005,1547,1522.3741
2025-08-31,P0010,W006,1490,1502.7112
2025-08-31,P0011,W001,329,323.36996
2025-08-31,P0011,W002,301,301.05313
2025-08-31,P0011,W003,646,638.16626
2025-08-31,P0011,W004,282,283.5218
2025-08-31,P0011,W005,288,293.4696
2025-08-31,P0011,W006,595,595.0833
2025-08-31,P0012,W001,499,502.32922
2025-08-31,P0012,W002,478,490.66772
2025-08-31,P0012,W003,402,394.1209
2025-08-31,P0012,W004,455,458.02826
2025-08-31,P0012,W005,456,457.74423
2025-08-31,P0012,W006,417,423.1626
2025-08-31,P0013,W001,666,679.6318
2025-08-31,P0013,W002,1282,1298.5105
2025-08-31,P0013,W003,1219,1183.5109
2025-08-31,P0013,W004,1654,1634.0768
2025-08-31,P0013,W005,749,749.02545
2025-08-31,P0013,W006,578,598.47534
2025-08-31,P0014,W001,563,596.2596
2025-08-31,P0014,W002,427,443.25095
2025-08-31,P0014,W003,687,705.15466
2025-08-31,P0014,W004,806,818.12555
2025-08-31,P0014,W005,891,926.24493
2025-08-31,P0014,W006,392,402.31946
2025-08-31,P0015,W001,198,203.25735
2025-08-31,P0015,W002,457,459.7753
2025-08-31,P0015,W003,489,491.98682
2025-08-31,P0015,W004,601,597.9327
2025-08-31,P0015,W005,241,242.17857
2025-08-31,P0015,W006,232,234.75468
2025-08-31,P0016,W001,386,426.4471
2025-08-31,P0016,W002,293,332.60043
2025-08-31,P0016,W003,318,333.72943
2025-08-31,P0016,W004,468,506.06183
2025-08-31,P0016,W005,430,487.75616
2025-08-31,P0016,W006,453,473.66
2025-08-31,P0017,W001,294,300.40002
2025-08-31,P0017,W002,752,770.385
2025-08-31,P0017,W003,652,645.96533
2025-08-31,P0017,W004,359,358.59146
2025-08-31,P0017,W005,358,345.45053
2025-08-31,P0017,W006,449,451.4706
2025-08-31,P0018,W001,423,426.15237
2025-08-31,P0018,W002,205,209.00449
2025-08-31,P0018,W003,270,261.72208
2025-08-31,P0018,W004,188,184.6537
2025-08-31,P0018,W005,406,407.1826
2025-08-31,P0018,W006,256,252.28662
2025-08-31,P0019,W001,1079,1061.2737
2025-08-31,P0019,W002,942,958.62445
2025-08-31,P0019,W003,701,716.5164
2025-08-31,P0019,W004,1761,1792.041
2025-08-31,P0019,W005,1135,1142.0443
2025-08-31,P0019,W006,1600,1602.3934
2025-08-31,P0020,W001,929,968.0503
2025-08-31,P0020,W002,1007,1039.0785
2025-08-31,P0020,W003,1333,1376.3082
2025-08-31,P0020,W004,970,1002.5906
2025-08-31,P0020,W005,1342,1344.9618
2025-08-31,P0020,W006,1634,1670.8619
2025-08-31,P0021,W001,895,898.0616
2025-08-31,P0021,W002,968,994.5182
2025-08-31,P0021,W003,639,631.33417
2025-08-31,P0021,W004,535,539.6646
2025-08-31,P0021,W005,809,814.2944
2025-08-31,P0021,W006,819,822.1287
2025-08-31,P0022,W001,287,272.1407
2025-08-31,P0022,W002,255,251.66634
2025-08-31,P0022,W003,229,232.882
2025-08-31,P0022,W004,192,191.89963
2025-08-31,P0022,W005,243,245.68222
2025-08-31,P0022,W006,226,226.58961
2025-08-31,P0023,W001,1248,1269.1431
2025-08-31,P0023,W002,1719,1705.7764
2025-08-31,P0023,W003,658,672.7236
2025-08-31,P0023,W004,1480,1421.135
2025-08-31,P0023,W005,1038,1085.1105
2025-08-31,P0023,W006,1349,1330.4025
2025-08-31,P0024,W001,757,762.3192
2025-08-31,P0024,W002,796,794.6271
2025-08-31,P0024,W003,1179,1140.6404
2025-08-31,P0024,W004,1533,1535.9415
2025-08-31,P0024,W005,1059,1059.9392
2025-08-31,P0024,W006,1395,1346.1611
2025-08-31,P0025,W001,538,525.02704
2025-08-31,P0025,W002,639,646.1312
2025-08-31,P0025,W003,1099,1070.5507
2025-08-31,P0025,W004,1192,1231.2803
2025-08-31,P0025,W005,1354,1326.6995
2025-08-31,P0025,W006,555,550.6611
2025-08-31,P0026,W001,103,108.04833
2025-08-31,P0026,W002,152,155.39252
2025-08-31,P0026,W003,206,207.79173
2025-08-31,P0026,W004,147,151.63289
2025-08-31,P0026,W005,162,160.81073
2025-08-31,P0026,W006,206,208.93439
2025-08-31,P0027,W001,280,279.80112
2025-08-31,P0027,W002,408,401.03143
2025-08-31,P0027,W003,539,533.1674
2025-08-31,P0027,W004,400,396.1649
2025-08-31,P0027,W005,527,518.6718
2025-08-31,P0027,W006,622,603.351
2025-08-31,P0028,W001,282,276.45554
2025-08-31,P0028,W002,164,165.93132
2025-08-31,P0028,W003,325,326.10303
2025-08-31,P0028,W004,282,281.2207
2025-08-31,P0028,W005,328,322.76434
2025-08-31,P0028,W006,234,231.02979
2025-08-31,P0029,W001,836,850.09625
2025-08-31,P0029,W002,1105,1083.9774
2025-08-31,P0029,W003,1252,1272.5088
2025-08-31,P0029,W004,816,825.6942
2025-08-31,P0029,W005,1710,1721.1693
2025-08-31,P0029,W006,1073,1079.5507
2025-08-31,P0030,W001,305,303.07376
2025-08-31,P0030,W002,667,647.0355
2025-08-31,P0030,W003,464,469.9993
2025-08-31,P0030,W004,269,270.11066
2025-08-31,P0030,W005,322,320.11685
2025-08-31,P0030,W006,609,606.56244
2025-08-31,P0031,W001,1498,1509.1965
2025-08-31,P0031,W002,1459,1481.7555
2025-08-31,P0031,W003,1164,1161.0569
2025-08-31,P0031,W004,1130,1114.5771
2025-08-31,P0031,W005,1699,1676.7292
2025-08-31,P0031,W006,904,909.62427
2025-08-31,P0032,W001,521,514.145
2025-08-31,P0032,W002,730,751.9513
2025-08-31,P0032,W003,487,493.66052
2025-08-31,P0032,W004,775,770.3259
2025-08-31,P0032,W005,826,849.691
2025-08-31,P0032,W006,399,393.415
2025-08-31,P0033,W001,710,696.55383
2025-08-31,P0033,W002,1282,1307.056
2025-08-31,P0033,W003,1119,1094.4316
2025-08-31,P0033,W004,1273,1285.0717
2025-08-31,P0033,W005,1106,1105.024
2025-08-31,P0033,W006,1441,1437.7396
2025-08-31,P0034,W001,278,281.98892
2025-08-31,P0034,W002,120,116.29744
2025-08-31,P0034,W003,100,106.77708
2025-08-31,P0034,W004,183,184.16704
2025-08-31,P0034,W005,207,208.86559
2025-08-31,P0034,W006,206,201.67221
2025-08-31,P0035,W001,197,203.81038
2025-08-31,P0035,W002,170,174.40236
2025-08-31,P0035,W003,249,246.5858
2025-08-31,P0035,W004,255,252.3513
2025-08-31,P0035,W005,151,159.71329
2025-08-31,P0035,W006,317,323.5169
2025-08-31,P0036,W001,349,351.34723
2025-08-31,P0036,W002,440,445.16156
2025-08-31,P0036,W003,579,569.5498
2025-08-31,P0036,W004,906,896.2883
2025-08-31,P0036,W005,359,355.5737
2025-08-31,P0036,W006,854,857.5774
2025-08-31,P0037,W001,941,955.17706
2025-08-31,P0037,W002,962,948.77325
2025-08-31,P0037,W003,743,744.26526
2025-08-31,P0037,W004,940,907.18
2025-08-31,P0037,W005,513,510.44968
2025-08-31,P0037,W006,395,376.60397
2025-08-31,P0038,W001,519,515.04535
2025-08-31,P0038,W002,667,657.26294
2025-08-31,P0038,W003,733,734.9536
2025-08-31,P0038,W004,613,592.61835
2025-08-31,P0038,W005,687,682.59393
2025-08-31,P0038,W006,864,866.06604
2025-08-31,P0039,W001,1114,1130.0977
2025-08-31,P0039,W002,852,884.22363
2025-08-31,P0039,W003,845,847.3852
2025-08-31,P0039,W004,888,912.8811
2025-08-31,P0039,W005,1381,1365.298
2025-08-31,P0039,W006,965,954.1604
2025-08-31,P0040,W001,1582,1626.0856
2025-08-31,P0040,W002,731,725.9857
2025-08-31,P0040,W003,698,690.6562
2025-08-31,P0040,W004,945,972.69104
2025-08-31,P0040,W005,1152,1177.13
2025-08-31,P0040,W006,1267,1302.2252
2025-08-31,P0041,W001,929,958.76825
2025-08-31,P0041,W002,902,888.19086
2025-08-31,P0041,W003,667,673.79584
2025-08-31,P0041,W004,525,529.8376
2025-08-31,P0041,W005,638,639.35114
2025-08-31,P0041,W006,936,953.34503
2025-08-31,P0042,W001,524,518.84735
2025-08-31,P0042,W002,832,823.1351
2025-08-31,P0042,W003,760,742.7426
2025-08-31,P0042,W004,917,932.07806
2025-08-31,P0042,W005,938,942.5933
2025-08-31,P0042,W006,1108,1110.1671
2025-08-31,P0043,W001,755,760.2589
2025-08-31,P0043,W002,1056,1036.0168
2025-08-31,P0043,W003,856,873.53033
2025-08-31,P0043,W004,801,785.4177
2025-08-31,P0043,W005,725,719.88086
2025-08-31,P0043,W006,558,542.57965
2025-08-31,P0044,W001,255,253.29425
2025-08-31,P0044,W002,167,167.96161
2025-08-31,P0044,W003,229,228.44987
2025-08-31,P0044,W004,190,188.35645
2025-08-31,P0044,W005,273,275.47858
2025-08-31,P0044,W006,176,172.22926
2025-08-31,P0045,W001,1561,1549.7025
2025-08-31,P0045,W002,723,733.5439
2025-08-31,P0045,W003,698,670.0857
2025-08-31,P0045,W004,1087,1091.2809
2025-08-31,P0045,W005,1474,1480.4655
2025-08-31,P0045,W006,1388,1347.8566
2025-08-31,P0046,W001,466,480.97415
2025-08-31,P0046,W002,903,897.68427
2025-08-31,P0046,W003,767,763.4833
2025-08-31,P0046,W004,464,446.13406
2025-08-31,P0046,W005,748,751.10284
2025-08-31,P0046,W006,611,605.98047
2025-08-31,P0047,W001,567,558.2679
2025-08-31,P0047,W002,520,510.14908
2025-08-31,P0047,W003,374,363.7588
2025-08-31,P0047,W004,700,694.3514
2025-08-31,P0047,W005,837,824.31647
2025-08-31,P0047,W006,336,334.40463
2025-08-31,P0048,W001,932,964.4439
2025-08-31,P0048,W002,1852,1814.4425
2025-08-31,P0048,W003,851,831.2054
2025-08-31,P0048,W004,1022,990.0666
2025-08-31,P0048,W005,1399,1378.144
2025-08-31,P0048,W006,1001,1006.2717
2025-08-31,P0049,W001,926,929.1399
2025-08-31,P0049,W002,578,589.4247
2025-08-31,P0049,W003,807,787.0003
2025-08-31,P0049,W004,721,697.8223
2025-08-31,P0049,W005,646,649.4475
2025-08-31,P0049,W006,547,535.0909
2025-08-31,P0050,W001,1844,1831.1139
2025-08-31,P0050,W002,1047,1071.9716
2025-08-31,P0050,W003,1041,1038.1724
2025-08-31,P0050,W004,1514,1475.3057
2025-08-31,P0050,W005,971,949.52094
2025-08-31,P0050,W006,1348,1373.1964
2025-08-31,P0051,W001,795,798.44775
2025-08-31,P0051,W002,484,479.70392
2025-08-31,P0051,W003,1249,1244.834
2025-08-31,P0051,W004,1129,1121.2367
2025-08-31,P0051,W005,678,677.57684
2025-08-31,P0051,W006,833,809.7704
2025-08-31,P0052,W001,1130,1232.193
2025-08-31,P0052,W002,1267,1311.7466
2025-08-31,P0052,W003,1118,1161.1534
2025-08-31,P0052,W004,1463,1487.435
2025-08-31,P0052,W005,634,671.509
2025-08-31,P0052,W006,1507,1518.0873
2025-08-31,P0053,W001,515,546.4581
2025-08-31,P0053,W002,411,412.77515
2025-08-31,P0053,W003,291,310.03302
2025-08-31,P0053,W004,357,372.78262
2025-08-31,P0053,W005,322,351.75696
2025-08-31,P0053,W006,621,645.7776
2025-08-31,P0054,W001,1091,1148.0387
2025-08-31,P0054,W002,2081,2037.5653
2025-08-31,P0054,W003,721,750.3895
2025-08-31,P0054,W004,1823,1896.2312
2025-08-31,P0054,W005,1192,1222.2715
2025-08-31,P0054,W006,2000,1965.8257
2025-08-31,P0055,W001,1552,1571.5671
2025-08-31,P0055,W002,972,975.9174
2025-08-31,P0055,W003,890,896.8121
2025-08-31,P0055,W004,1287,1308.4625
2025-08-31,P0055,W005,1737,1696.9531
2025-08-31,P0055,W006,1160,1197.7819
2025-08-31,P0056,W001,758,778.2749
2025-08-31,P0056,W002,613,634.15405
2025-08-31,P0056,W003,370,369.84824
2025-08-31,P0056,W004,464,465.57376
2025-08-31,P0056,W005,997,983.9905
2025-08-31,P0056,W006,487,486.5118
2025-08-31,P0057,W001,1732,1661.8044
2025-08-31,P0057,W002,835,872.0301
2025-08-31,P0057,W003,751,771.20337
2025-08-31,P0057,W004,1606,1604.6002
2025-08-31,P0057,W005,674,672.61816
2025-08-31,P0057,W006,1106,1110.7574
2025-08-31,P0058,W001,1517,1506.3209
2025-08-31,P0058,W002,1570,1536.9677
2025-08-31,P0058,W003,824,817.5174
2025-08-31,P0058,W004,1285,1272.9049
2025-08-31,P0058,W005,1032,1026.7325
2025-08-31,P0058,W006,1262,1268.3989
2025-08-31,P0059,W001,711,710.6325
2025-08-31,P0059,W002,558,563.1697
2025-08-31,P0059,W003,406,402.1886
2025-08-31,P0059,W004,548,542.3562
2025-08-31,P0059,W005,828,843.22327
2025-08-31,P0059,W006,360,362.71558
2025-08-31,P0060,W001,702,703.79333
2025-08-31,P0060,W002,798,795.73444
2025-08-31,P0060,W003,808,779.1337
2025-08-31,P0060,W004,1300,1289.4663
2025-08-31,P0060,W005,867,893.11017
2025-08-31,P0060,W006,1353,1325.5785
2025-09-30,P0001,W001,245,241.13292
2025-09-30,P0001,W002,586,593.4395
2025-09-30,P0001,W003,294,294.1669
2025-09-30,P0001,W004,551,536.5363
2025-09-30,P0001,W005,262,258.3523
2025-09-30,P0001,W006,311,307.46304
2025-09-30,P0002,W001,636,610.8394
2025-09-30,P0002,W002,405,401.80405
2025-09-30,P0002,W003,510,517.4033
2025-09-30,P0002,W004,618,602.58966
2025-09-30,P0002,W005,516,515.66223
2025-09-30,P0002,W006,605,605.3873
2025-09-30,P0003,W001,412,411.56143
2025-09-30,P0003,W002,351,346.8757
2025-09-30,P0003,W003,192,190.05943
2025-09-30,P0003,W004,365,362.2323
2025-09-30,P0003,W005,386,378.12616
2025-09-30,P0003,W006,365,356.91748
2025-09-30,P0004,W001,664,669.5707
2025-09-30,P0004,W002,1350,1336.5729
2025-09-30,P0004,W003,1040,1059.5653
2025-09-30,P0004,W004,1115,1100.234
2025-09-30,P0004,W005,1395,1427.5297
2025-09-30,P0004,W006,888,902.03455
2025-09-30,P0005,W001,126,114.61246
2025-09-30,P0005,W002,182,182.39772
2025-09-30,P0005,W003,297,305.54553
2025-09-30,P0005,W004,298,298.39648
2025-09-30,P0005,W005,175,175.79411
2025-09-30,P0005,W006,192,194.95276
2025-09-30,P0006,W001,222,219.12462
2025-09-30,P0006,W002,308,306.56357
2025-09-30,P0006,W003,340,334.6203
2025-09-30,P0006,W004,172,172.30202
2025-09-30,P0006,W005,351,346.6437
2025-09-30,P0006,W006,267,271.0404
2025-09-30,P0007,W001,217,227.02852
2025-09-30,P0007,W002,569,564.6604
2025-09-30,P0007,W003,265,262.30334
2025-09-30,P0007,W004,613,590.0218
2025-09-30,P0007,W005,417,417.01575
2025-09-30,P0007,W006,224,226.79538
2025-09-30,P0008,W001,437,441.4536
2025-09-30,P0008,W002,842,864.5315
2025-09-30,P0008,W003,574,563.9497
2025-09-30,P0008,W004,509,500.28326
2025-09-30,P0008,W005,507,517.45764
2025-09-30,P0008,W006,994,1009.6452
2025-09-30,P0009,W001,230,231.1869
2025-09-30,P0009,W002,313,314.81155
2025-09-30,P0009,W003,446,454.1838
2025-09-30,P0009,W004,468,471.48935
2025-09-30,P0009,W005,604,602.4158
2025-09-30,P0009,W006,274,281.61218
2025-09-30,P0010,W001,1436,1436.0221
2025-09-30,P0010,W002,685,689.82184
2025-09-30,P0010,W003,1509,1530.8599
2025-09-30,P0010,W004,1012,990.4408
2025-09-30,P0010,W005,1312,1334.5779
2025-09-30,P0010,W006,1313,1290.8604
2025-09-30,P0011,W001,287,293.27826
2025-09-30,P0011,W002,262,260.81442
2025-09-30,P0011,W003,558,554.18646
2025-09-30,P0011,W004,262,254.48181
2025-09-30,P0011,W005,269,256.83926
2025-09-30,P0011,W006,503,500.23083
2025-09-30,P0012,W001,433,424.23184
2025-09-30,P0012,W002,417,399.19302
2025-09-30,P0012,W003,337,335.84155
2025-09-30,P0012,W004,405,404.43134
2025-09-30,P0012,W005,405,398.68185
2025-09-30,P0012,W006,360,345.69193
2025-09-30,P0013,W001,600,597.6326
2025-09-30,P0013,W002,1096,1090.1387
2025-09-30,P0013,W003,1027,1022.17914
2025-09-30,P0013,W004,1437,1428.5067
2025-09-30,P0013,W005,647,647.654
2025-09-30,P0013,W006,524,506.27698
2025-09-30,P0014,W001,517,513.5028
2025-09-30,P0014,W002,347,355.0668
2025-09-30,P0014,W003,605,589.03107
2025-09-30,P0014,W004,685,698.75336
2025-09-30,P0014,W005,762,751.16174
2025-09-30,P0014,W006,325,335.55603
2025-09-30,P0015,W001,175,177.55545
2025-09-30,P0015,W002,368,368.67844
2025-09-30,P0015,W003,399,402.6205
2025-09-30,P0015,W004,505,510.94147
2025-09-30,P0015,W005,214,212.76994
2025-09-30,P0015,W006,189,192.17719
2025-09-30,P0016,W001,290,298.29855
2025-09-30,P0016,W002,212,208.5638
2025-09-30,P0016,W003,220,229.70428
2025-09-30,P0016,W004,341,350.35617
2025-09-30,P0016,W005,323,321.07333
2025-09-30,P0016,W006,328,330.07837
2025-09-30,P0017,W001,256,255.98207
2025-09-30,P0017,W002,668,642.1719
2025-09-30,P0017,W003,564,555.36224
2025-09-30,P0017,W004,327,317.41165
2025-09-30,P0017,W005,321,324.84686
2025-09-30,P0017,W006,372,372.97116
2025-09-30,P0018,W001,356,365.76547
2025-09-30,P0018,W002,184,184.96918
2025-09-30,P0018,W003,240,235.68431
2025-09-30,P0018,W004,141,145.04636
2025-09-30,P0018,W005,358,344.8758
2025-09-30,P0018,W006,222,222.93939
2025-09-30,P0019,W001,861,871.3894
2025-09-30,P0019,W002,825,818.61224
2025-09-30,P0019,W003,612,601.4209
2025-09-30,P0019,W004,1555,1538.9408
2025-09-30,P0019,W005,977,960.60443
2025-09-30,P0019,W006,1362,1392.0059
2025-09-30,P0020,W001,857,844.32556
2025-09-30,P0020,W002,859,864.54834
2025-09-30,P0020,W003,1141,1125.9286
2025-09-30,P0020,W004,781,808.1731
2025-09-30,P0020,W005,1153,1143.3673
2025-09-30,P0020,W006,1326,1350.4086
2025-09-30,P0021,W001,757,749.9409
2025-09-30,P0021,W002,850,822.5324
2025-09-30,P0021,W003,527,519.9524
2025-09-30,P0021,W004,460,448.33594
2025-09-30,P0021,W005,759,736.65625
2025-09-30,P0021,W006,718,716.68555
2025-09-30,P0022,W001,234,240.16469
2025-09-30,P0022,W002,206,212.1272
2025-09-30,P0022,W003,212,210.08502
2025-09-30,P0022,W004,176,170.38335
2025-09-30,P0022,W005,212,212.33507
2025-09-30,P0022,W006,190,189.79744
2025-09-30,P0023,W001,1034,1023.54736
2025-09-30,P0023,W002,1431,1422.8562
2025-09-30,P0023,W003,558,565.1853
2025-09-30,P0023,W004,1265,1266.3256
2025-09-30,P0023,W005,947,907.5813
2025-09-30,P0023,W006,1177,1181.4077
2025-09-30,P0024,W001,640,651.77515
2025-09-30,P0024,W002,689,682.43713
2025-09-30,P0024,W003,963,961.92535
2025-09-30,P0024,W004,1288,1297.3259
2025-09-30,P0024,W005,920,915.9824
2025-09-30,P0024,W006,1235,1217.9329
2025-09-30,P0025,W001,458,462.99274
2025-09-30,P0025,W002,548,554.5304
2025-09-30,P0025,W003,889,927.08075
2025-09-30,P0025,W004,1125,1075.3037
2025-09-30,P0025,W005,1121,1173.5656
2025-09-30,P0025,W006,466,466.47424
2025-09-30,P0026,W001,84,105.199745
2025-09-30,P0026,W002,137,138.09671
2025-09-30,P0026,W003,186,181.48972
2025-09-30,P0026,W004,138,139.06848
2025-09-30,P0026,W005,135,142.81802
2025-09-30,P0026,W006,183,185.8107
2025-09-30,P0027,W001,238,238.53958
2025-09-30,P0027,W002,337,337.11322
2025-09-30,P0027,W003,447,445.11996
2025-09-30,P0027,W004,341,337.73212
2025-09-30,P0027,W005,440,444.5882
2025-09-30,P0027,W006,506,521.73206
2025-09-30,P0028,W001,245,245.96555
2025-09-30,P0028,W002,140,145.34879
2025-09-30,P0028,W003,276,271.3484
2025-09-30,P0028,W004,258,249.41092
2025-09-30,P0028,W005,274,272.051
2025-09-30,P0028,W006,196,200.1817
2025-09-30,P0029,W001,719,717.7688
2025-09-30,P0029,W002,904,914.4905
2025-09-30,P0029,W003,1045,1006.0702
2025-09-30,P0029,W004,697,688.31415
2025-09-30,P0029,W005,1450,1444.045
2025-09-30,P0029,W006,933,931.9577
2025-09-30,P0030,W001,250,254.1756
2025-09-30,P0030,W002,565,564.6793
2025-09-30,P0030,W003,409,401.89178
2025-09-30,P0030,W004,228,229.12717
2025-09-30,P0030,W005,265,271.25006
2025-09-30,P0030,W006,534,523.36053
2025-09-30,P0031,W001,1385,1351.2253
2025-09-30,P0031,W002,1272,1252.1959
2025-09-30,P0031,W003,955,969.88965
2025-09-30,P0031,W004,960,981.608
2025-09-30,P0031,W005,1520,1525.2329
2025-09-30,P0031,W006,734,737.85583
2025-09-30,P0032,W001,425,435.17758
2025-09-30,P0032,W002,643,629.5067
2025-09-30,P0032,W003,439,425.74133
2025-09-30,P0032,W004,635,641.787
2025-09-30,P0032,W005,709,698.1614
2025-09-30,P0032,W006,333,331.1279
2025-09-30,P0033,W001,585,578.41925
2025-09-30,P0033,W002,1160,1125.321
2025-09-30,P0033,W003,991,972.7632
2025-09-30,P0033,W004,1135,1126.6981
2025-09-30,P0033,W005,985,964.51886
2025-09-30,P0033,W006,1251,1233.4255
2025-09-30,P0034,W001,241,236.30891
2025-09-30,P0034,W002,102,108.07859
2025-09-30,P0034,W003,89,101.95021
2025-09-30,P0034,W004,150,150.5459
2025-09-30,P0034,W005,184,184.9265
2025-09-30,P0034,W006,184,186.03645
2025-09-30,P0035,W001,162,162.29175
2025-09-30,P0035,W002,135,143.74437
2025-09-30,P0035,W003,206,212.00928
2025-09-30,P0035,W004,222,222.82117
2025-09-30,P0035,W005,126,133.31761
2025-09-30,P0035,W006,256,254.16121
2025-09-30,P0036,W001,309,306.80524
2025-09-30,P0036,W002,416,406.59027
2025-09-30,P0036,W003,487,488.85284
2025-09-30,P0036,W004,716,726.18604
2025-09-30,P0036,W005,306,303.66245
2025-09-30,P0036,W006,670,671.56537
2025-09-30,P0037,W001,786,798.4874
2025-09-30,P0037,W002,817,821.8473
2025-09-30,P0037,W003,673,662.7157
2025-09-30,P0037,W004,793,803.3493
2025-09-30,P0037,W005,431,435.11987
2025-09-30,P0037,W006,338,332.71408
2025-09-30,P0038,W001,424,421.35403
2025-09-30,P0038,W002,546,551.9486
2025-09-30,P0038,W003,660,645.77985
2025-09-30,P0038,W004,517,530.005
2025-09-30,P0038,W005,609,599.20166
2025-09-30,P0038,W006,753,728.543
2025-09-30,P0039,W001,953,952.1569
2025-09-30,P0039,W002,767,738.939
2025-09-30,P0039,W003,755,744.0618
2025-09-30,P0039,W004,746,736.30927
2025-09-30,P0039,W005,1244,1221.021
2025-09-30,P0039,W006,848,841.44385
2025-09-30,P0040,W001,1552,1524.5651
2025-09-30,P0040,W002,654,685.25385
2025-09-30,P0040,W003,700,729.6784
2025-09-30,P0040,W004,956,964.5443
2025-09-30,P0040,W005,1090,1111.4656
2025-09-30,P0040,W006,1238,1217.2715
2025-09-30,P0041,W001,859,831.269
2025-09-30,P0041,W002,749,760.28186
2025-09-30,P0041,W003,564,568.12866
2025-09-30,P0041,W004,423,426.67865
2025-09-30,P0041,W005,579,574.913
2025-09-30,P0041,W006,799,787.17145
2025-09-30,P0042,W001,412,430.55966
2025-09-30,P0042,W002,667,682.005
2025-09-30,P0042,W003,640,631.273
2025-09-30,P0042,W004,791,811.4249
2025-09-30,P0042,W005,788,814.9349
2025-09-30,P0042,W006,912,929.26825
2025-09-30,P0043,W001,644,637.16864
2025-09-30,P0043,W002,866,856.65875
2025-09-30,P0043,W003,749,737.8094
2025-09-30,P0043,W004,666,669.4572
2025-09-30,P0043,W005,611,607.6034
2025-09-30,P0043,W006,477,484.0309
2025-09-30,P0044,W001,213,212.97237
2025-09-30,P0044,W002,155,152.02827
2025-09-30,P0044,W003,192,196.98245
2025-09-30,P0044,W004,153,156.09615
2025-09-30,P0044,W005,243,239.66187
2025-09-30,P0044,W006,144,148.87558
2025-09-30,P0045,W001,1324,1313.8164
2025-09-30,P0045,W002,598,613.647
2025-09-30,P0045,W003,573,581.1219
2025-09-30,P0045,W004,952,937.8919
2025-09-30,P0045,W005,1303,1288.6372
2025-09-30,P0045,W006,1186,1178.8674
2025-09-30,P0046,W001,399,393.67407
2025-09-30,P0046,W002,833,786.8577
2025-09-30,P0046,W003,661,644.31616
2025-09-30,P0046,W004,390,393.58005
2025-09-30,P0046,W005,644,643.3154
2025-09-30,P0046,W006,510,508.89307
2025-09-30,P0047,W001,466,474.01266
2025-09-30,P0047,W002,439,430.05878
2025-09-30,P0047,W003,308,320.61935
2025-09-30,P0047,W004,627,621.4305
2025-09-30,P0047,W005,745,752.1613
2025-09-30,P0047,W006,290,287.8778
2025-09-30,P0048,W001,806,792.0325
2025-09-30,P0048,W002,1517,1517.9932
2025-09-30,P0048,W003,702,718.1168
2025-09-30,P0048,W004,794,834.7153
2025-09-30,P0048,W005,1166,1179.2572
2025-09-30,P0048,W006,865,854.1025
2025-09-30,P0049,W001,834,797.6038
2025-09-30,P0049,W002,524,504.02524
2025-09-30,P0049,W003,717,711.49335
2025-09-30,P0049,W004,577,585.7854
2025-09-30,P0049,W005,538,544.74066
2025-09-30,P0049,W006,464,468.68918
2025-09-30,P0050,W001,1507,1493.6676
2025-09-30,P0050,W002,929,902.8623
2025-09-30,P0050,W003,925,912.12366
2025-09-30,P0050,W004,1302,1299.5104
2025-09-30,P0050,W005,753,777.56744
2025-09-30,P0050,W006,1153,1134.2352
2025-09-30,P0051,W001,682,688.8394
2025-09-30,P0051,W002,418,412.73108
2025-09-30,P0051,W003,1079,1086.0773
2025-09-30,P0051,W004,1008,1021.3383
2025-09-30,P0051,W005,608,608.04626
2025-09-30,P0051,W006,732,739.2107
2025-09-30,P0052,W001,815,806.76416
2025-09-30,P0052,W002,904,902.0577
2025-09-30,P0052,W003,773,793.05835
2025-09-30,P0052,W004,991,1041.0952
2025-09-30,P0052,W005,477,483.6055
2025-09-30,P0052,W006,1040,1050.4779
2025-09-30,P0053,W001,412,407.65536
2025-09-30,P0053,W002,311,311.11108
2025-09-30,P0053,W003,228,231.17786
2025-09-30,P0053,W004,277,278.12598
2025-09-30,P0053,W005,257,256.11627
2025-09-30,P0053,W006,474,476.3309
2025-09-30,P0054,W001,889,895.91925
2025-09-30,P0054,W002,1552,1583.6124
2025-09-30,P0054,W003,592,584.713
2025-09-30,P0054,W004,1459,1456.0087
2025-09-30,P0054,W005,937,930.1096
2025-09-30,P0054,W006,1571,1571.1079
2025-09-30,P0055,W001,1279,1329.6641
2025-09-30,P0055,W002,758,776.6113
2025-09-30,P0055,W003,749,760.86786
2025-09-30,P0055,W004,1057,1086.9609
2025-09-30,P0055,W005,1463,1484.9628
2025-09-30,P0055,W006,911,951.1195
2025-09-30,P0056,W001,662,646.4734
2025-09-30,P0056,W002,538,522.7363
2025-09-30,P0056,W003,321,318.16022
2025-09-30,P0056,W004,407,401.17303
2025-09-30,P0056,W005,807,824.9717
2025-09-30,P0056,W006,433,421.88617
2025-09-30,P0057,W001,1375,1407.3607
2025-09-30,P0057,W002,776,747.11847
2025-09-30,P0057,W003,654,651.2269
2025-09-30,P0057,W004,1326,1347.4792
2025-09-30,P0057,W005,564,568.64557
2025-09-30,P0057,W006,957,975.10345
2025-09-30,P0058,W001,1282,1303.7314
2025-09-30,P0058,W002,1297,1277.5178
2025-09-30,P0058,W003,704,703.5598
2025-09-30,P0058,W004,1041,1069.411
2025-09-30,P0058,W005,979,963.3801
2025-09-30,P0058,W006,1097,1081.8378
2025-09-30,P0059,W001,630,626.997
2025-09-30,P0059,W002,484,467.5545
2025-09-30,P0059,W003,337,337.95923
2025-09-30,P0059,W004,472,474.59552
2025-09-30,P0059,W005,709,697.19464
2025-09-30,P0059,W006,317,315.4608
2025-09-30,P0060,W001,608,614.2495
2025-09-30,P0060,W002,655,671.52655
2025-09-30,P0060,W003,712,703.83984
2025-09-30,P0060,W004,1199,1170.2573
2025-09-30,P0060,W005,804,795.64856
2025-09-30,P0060,W006,1131,1146.562
2025-10-31,P0001,W001,244,243.213
2025-10-31,P0001,W002,616,612.0483
2025-10-31,P0001,W003,308,301.87265
2025-10-31,P0001,W004,581,577.4469
2025-10-31,P0001,W005,267,264.909
2025-10-31,P0001,W006,312,309.24637
2025-10-31,P0002,W001,666,660.2912
2025-10-31,P0002,W002,405,404.3599
2025-10-31,P0002,W003,545,528.24457
2025-10-31,P0002,W004,615,605.5481
2025-10-31,P0002,W005,588,573.29767
2025-10-31,P0002,W006,597,597.49915
2025-10-31,P0003,W001,402,412.58878
2025-10-31,P0003,W002,391,391.41763
2025-10-31,P0003,W003,194,196.79001
2025-10-31,P0003,W004,376,370.30844
2025-10-31,P0003,W005,410,405.2736
2025-10-31,P0003,W006,367,369.5841
2025-10-31,P0004,W001,657,671.68677
2025-10-31,P0004,W002,1374,1389.6033
2025-10-31,P0004,W003,1111,1071.6967
2025-10-31,P0004,W004,1143,1172.0691
2025-10-31,P0004,W005,1461,1446.8832
2025-10-31,P0004,W006,949,926.2901
2025-10-31,P0005,W001,127,132.97809
2025-10-31,P0005,W002,196,195.0897
2025-10-31,P0005,W003,318,304.00485
2025-10-31,P0005,W004,317,309.39316
2025-10-31,P0005,W005,170,177.78877
2025-10-31,P0005,W006,206,202.57344
2025-10-31,P0006,W001,242,236.99213
2025-10-31,P0006,W002,306,312.10043
2025-10-31,P0006,W003,353,346.3739
2025-10-31,P0006,W004,178,179.23427
2025-10-31,P0006,W005,372,367.72415
2025-10-31,P0006,W006,257,252.93475
2025-10-31,P0007,W001,230,226.84879
2025-10-31,P0007,W002,597,584.8902
2025-10-31,P0007,W003,263,264.07574
2025-10-31,P0007,W004,621,622.17645
2025-10-31,P0007,W005,409,409.78394
2025-10-31,P0007,W006,232,231.80824
2025-10-31,P0008,W001,436,439.53558
2025-10-31,P0008,W002,955,914.495
2025-10-31,P0008,W003,577,579.244
2025-10-31,P0008,W004,529,538.5989
2025-10-31,P0008,W005,554,545.52203
2025-10-31,P0008,W006,1025,1035.4376
2025-10-31,P0009,W001,235,234.0274
2025-10-31,P0009,W002,332,330.89804
2025-10-31,P0009,W003,482,482.49423
2025-10-31,P0009,W004,511,502.83588
2025-10-31,P0009,W005,632,623.38873
2025-10-31,P0009,W006,295,293.19803
2025-10-31,P0010,W001,1536,1487.7456
2025-10-31,P0010,W002,695,695.7327
2025-10-31,P0010,W003,1648,1532.4003
2025-10-31,P0010,W004,1039,1070.7856
2025-10-31,P0010,W005,1364,1391.9054
2025-10-31,P0010,W006,1296,1335.4784
2025-10-31,P0011,W001,292,288.04538
2025-10-31,P0011,W002,279,271.26404
2025-10-31,P0011,W003,578,568.9026
2025-10-31,P0011,W004,263,260.95242
2025-10-31,P0011,W005,249,259.73856
2025-10-31,P0011,W006,516,520.89246
2025-10-31,P0012,W001,437,436.62964
2025-10-31,P0012,W002,426,421.63565
2025-10-31,P0012,W003,342,344.38028
2025-10-31,P0012,W004,423,413.10205
2025-10-31,P0012,W005,408,410.0244
2025-10-31,P0012,W006,403,394.50644
2025-10-31,P0013,W001,608,609.7651
2025-10-31,P0013,W002,1160,1126.325
2025-10-31,P0013,W003,1056,1049.8823
2025-10-31,P0013,W004,1441,1408.957
2025-10-31,P0013,W005,698,693.3385
2025-10-31,P0013,W006,543,549.135
2025-10-31,P0014,W001,516,520.96
2025-10-31,P0014,W002,385,376.1357
2025-10-31,P0014,W003,585,603.0315
2025-10-31,P0014,W004,712,701.27734
2025-10-31,P0014,W005,805,811.58344
2025-10-31,P0014,W006,352,341.50067
2025-10-31,P0015,W001,185,182.25763
2025-10-31,P0015,W002,400,392.39426
2025-10-31,P0015,W003,441,431.1561
2025-10-31,P0015,W004,506,508.01727
2025-10-31,P0015,W005,204,210.40948
2025-10-31,P0015,W006,209,205.00662
2025-10-31,P0016,W001,315,305.2195
2025-10-31,P0016,W002,219,217.96944
2025-10-31,P0016,W003,227,221.86244
2025-10-31,P0016,W004,344,347.26352
2025-10-31,P0016,W005,317,321.33832
2025-10-31,P0016,W006,338,334.41724
2025-10-31,P0017,W001,284,276.49603
2025-10-31,P0017,W002,672,682.6314
2025-10-31,P0017,W003,563,579.7404
2025-10-31,P0017,W004,333,336.29614
2025-10-31,P0017,W005,316,326.50336
2025-10-31,P0017,W006,396,385.1483
2025-10-31,P0018,W001,380,364.10968
2025-10-31,P0018,W002,188,190.88608
2025-10-31,P0018,W003,254,253.73909
2025-10-31,P0018,W004,163,161.04843
2025-10-31,P0018,W005,348,355.29977
2025-10-31,P0018,W006,223,227.93782
2025-10-31,P0019,W001,864,853.51764
2025-10-31,P0019,W002,811,824.548
2025-10-31,P0019,W003,632,645.11456
2025-10-31,P0019,W004,1657,1565.6423
2025-10-31,P0019,W005,1022,1041.1246
2025-10-31,P0019,W006,1408,1374.4519
2025-10-31,P0020,W001,837,837.8045
2025-10-31,P0020,W002,859,867.6137
2025-10-31,P0020,W003,1141,1149.5408
2025-10-31,P0020,W004,888,855.6064
2025-10-31,P0020,W005,1174,1172.4059
2025-10-31,P0020,W006,1417,1392.0406
2025-10-31,P0021,W001,783,785.77594
2025-10-31,P0021,W002,865,868.98706
2025-10-31,P0021,W003,530,532.5466
2025-10-31,P0021,W004,484,485.42822
2025-10-31,P0021,W005,750,756.89154
2025-10-31,P0021,W006,760,746.2691
2025-10-31,P0022,W001,240,239.41792
2025-10-31,P0022,W002,233,222.55453
2025-10-31,P0022,W003,205,208.75113
2025-10-31,P0022,W004,179,184.49817
2025-10-31,P0022,W005,225,228.77739
2025-10-31,P0022,W006,203,200.3707
2025-10-31,P0023,W001,1116,1112.0751
2025-10-31,P0023,W002,1481,1450.7511
2025-10-31,P0023,W003,561,566.6586
2025-10-31,P0023,W004,1230,1249.3779
2025-10-31,P0023,W005,987,999.7571
2025-10-31,P0023,W006,1262,1218.6841
2025-10-31,P0024,W001,658,649.3734
2025-10-31,P0024,W002,707,696.4938
2025-10-31,P0024,W003,965,989.4458
2025-10-31,P0024,W004,1344,1350.4961
2025-10-31,P0024,W005,916,914.19714
2025-10-31,P0024,W006,1197,1226.0851
2025-10-31,P0025,W001,517,533.9556
2025-10-31,P0025,W002,604,611.58276
2025-10-31,P0025,W003,1043,1001.8967
2025-10-31,P0025,W004,1147,1243.5266
2025-10-31,P0025,W005,1279,1261.5095
2025-10-31,P0025,W006,496,512.3994
2025-10-31,P0026,W001,92,111.779434
2025-10-31,P0026,W002,141,146.37117
2025-10-31,P0026,W003,190,192.66951
2025-10-31,P0026,W004,143,146.07915
2025-10-31,P0026,W005,141,147.62747
2025-10-31,P0026,W006,183,184.62952
2025-10-31,P0027,W001,250,247.33743
2025-10-31,P0027,W002,345,346.108
2025-10-31,P0027,W003,463,454.39703
2025-10-31,P0027,W004,377,365.33023
2025-10-31,P0027,W005,482,470.4493
2025-10-31,P0027,W006,532,522.1207
2025-10-31,P0028,W001,246,247.12889
2025-10-31,P0028,W002,154,152.99846
2025-10-31,P0028,W003,283,282.5242
2025-10-31,P0028,W004,259,259.84747
2025-10-31,P0028,W005,291,291.99075
2025-10-31,P0028,W006,204,203.16574
2025-10-31,P0029,W001,745,748.79944
2025-10-31,P0029,W002,946,928.1148
2025-10-31,P0029,W003,1117,1114.2028
2025-10-31,P0029,W004,741,742.4863
2025-10-31,P0029,W005,1449,1455.0931
2025-10-31,P0029,W006,957,957.2403
2025-10-31,P0030,W001,256,254.29729
2025-10-31,P0030,W002,579,574.77136
2025-10-31,P0030,W003,435,432.7183
2025-10-31,P0030,W004,247,242.38358
2025-10-31,P0030,W005,292,284.16
2025-10-31,P0030,W006,500,502.1009
2025-10-31,P0031,W001,1394,1410.3015
2025-10-31,P0031,W002,1412,1373.3529
2025-10-31,P0031,W003,1034,1020.3417
2025-10-31,P0031,W004,1001,970.4264
2025-10-31,P0031,W005,1603,1544.565
2025-10-31,P0031,W006,801,778.1174
2025-10-31,P0032,W001,449,441.37354
2025-10-31,P0032,W002,675,657.91364
2025-10-31,P0032,W003,436,438.7133
2025-10-31,P0032,W004,649,640.317
2025-10-31,P0032,W005,737,745.68097
2025-10-31,P0032,W006,347,355.37384
2025-10-31,P0033,W001,589,596.25397
2025-10-31,P0033,W002,1101,1108.0991
2025-10-31,P0033,W003,980,991.2448
2025-10-31,P0033,W004,1178,1190.0133
2025-10-31,P0033,W005,985,997.3839
2025-10-31,P0033,W006,1309,1333.5378
2025-10-31,P0034,W001,260,257.86856
2025-10-31,P0034,W002,105,114.085434
2025-10-31,P0034,W003,93,112.100845
2025-10-31,P0034,W004,167,163.43669
2025-10-31,P0034,W005,188,190.52992
2025-10-31,P0034,W006,177,179.41693
2025-10-31,P0035,W001,188,181.30925
2025-10-31,P0035,W002,149,149.66162
2025-10-31,P0035,W003,209,204.36911
2025-10-31,P0035,W004,220,221.66394
2025-10-31,P0035,W005,131,138.70192
2025-10-31,P0035,W006,275,270.53094
2025-10-31,P0036,W001,317,312.5615
2025-10-31,P0036,W002,412,414.13513
2025-10-31,P0036,W003,492,492.22394
2025-10-31,P0036,W004,744,731.4003
2025-10-31,P0036,W005,304,308.82196
2025-10-31,P0036,W006,731,712.2062
2025-10-31,P0037,W001,865,821.1069
2025-10-31,P0037,W002,867,848.6578
2025-10-31,P0037,W003,683,682.8645
2025-10-31,P0037,W004,808,816.8209
2025-10-31,P0037,W005,472,456.83478
2025-10-31,P0037,W006,342,347.77026
2025-10-31,P0038,W001,448,447.97223
2025-10-31,P0038,W002,594,581.5523
2025-10-31,P0038,W003,658,660.16876
2025-10-31,P0038,W004,568,549.26044
2025-10-31,P0038,W005,600,618.8071
2025-10-31,P0038,W006,819,778.9744
2025-10-31,P0039,W001,1004,971.2877
2025-10-31,P0039,W002,753,766.4878
2025-10-31,P0039,W003,785,773.0855
2025-10-31,P0039,W004,853,838.88074
2025-10-31,P0039,W005,1290,1330.775
2025-10-31,P0039,W006,852,849.1844
2025-10-31,P0040,W001,1387,1418.732
2025-10-31,P0040,W002,601,636.4523
2025-10-31,P0040,W003,634,678.67334
2025-10-31,P0040,W004,867,901.0785
2025-10-31,P0040,W005,1056,1079.2244
2025-10-31,P0040,W006,1118,1167.2423
2025-10-31,P0041,W001,849,839.62445
2025-10-31,P0041,W002,804,784.9084
2025-10-31,P0041,W003,608,585.59143
2025-10-31,P0041,W004,463,446.18735
2025-10-31,P0041,W005,584,588.7541
2025-10-31,P0041,W006,812,807.3812
2025-10-31,P0042,W001,468,478.03897
2025-10-31,P0042,W002,762,756.14075
2025-10-31,P0042,W003,685,712.31006
2025-10-31,P0042,W004,865,866.4448
2025-10-31,P0042,W005,858,872.52405
2025-10-31,P0042,W006,1012,1018.3407
2025-10-31,P0043,W001,687,662.222
2025-10-31,P0043,W002,936,927.38
2025-10-31,P0043,W003,807,795.13525
2025-10-31,P0043,W004,671,671.3939
2025-10-31,P0043,W005,627,627.7374
2025-10-31,P0043,W006,497,488.30215
2025-10-31,P0044,W001,215,215.7472
2025-10-31,P0044,W002,150,154.79008
2025-10-31,P0044,W003,203,196.27817
2025-10-31,P0044,W004,157,158.57631
2025-10-31,P0044,W005,239,238.11742
2025-10-31,P0044,W006,139,144.4475
2025-10-31,P0045,W001,1375,1388.4238
2025-10-31,P0045,W002,626,615.6546
2025-10-31,P0045,W003,627,611.0439
2025-10-31,P0045,W004,1011,1009.4306
2025-10-31,P0045,W005,1365,1382.8418
2025-10-31,P0045,W006,1144,1165.541
2025-10-31,P0046,W001,423,419.6881
2025-10-31,P0046,W002,816,844.7242
2025-10-31,P0046,W003,666,666.5251
2025-10-31,P0046,W004,397,395.76343
2025-10-31,P0046,W005,669,673.98175
2025-10-31,P0046,W006,533,535.20654
2025-10-31,P0047,W001,492,487.71487
2025-10-31,P0047,W002,449,456.07675
2025-10-31,P0047,W003,332,326.01538
2025-10-31,P0047,W004,654,639.20526
2025-10-31,P0047,W005,769,764.8606
2025-10-31,P0047,W006,288,286.58456
2025-10-31,P0048,W001,841,842.9916
2025-10-31,P0048,W002,1598,1538.9648
2025-10-31,P0048,W003,760,740.0467
2025-10-31,P0048,W004,845,836.6185
2025-10-31,P0048,W005,1207,1203.9031
2025-10-31,P0048,W006,885,880.02655
2025-10-31,P0049,W001,827,861.5956
2025-10-31,P0049,W002,507,516.4976
2025-10-31,P0049,W003,723,725.56934
2025-10-31,P0049,W004,598,594.5316
2025-10-31,P0049,W005,606,585.1606
2025-10-31,P0049,W006,502,500.40796
2025-10-31,P0050,W001,1630,1561.8759
2025-10-31,P0050,W002,998,978.117
2025-10-31,P0050,W003,948,934.7358
2025-10-31,P0050,W004,1359,1370.2527
2025-10-31,P0050,W005,785,769.43555
2025-10-31,P0050,W006,1159,1167.849
2025-10-31,P0051,W001,701,698.4023
2025-10-31,P0051,W002,421,432.77884
2025-10-31,P0051,W003,1078,1078.2977
2025-10-31,P0051,W004,1018,1024.142
2025-10-31,P0051,W005,580,613.29224
2025-10-31,P0051,W006,727,747.5521
2025-10-31,P0052,W001,823,829.5253
2025-10-31,P0052,W002,940,936.07104
2025-10-31,P0052,W003,828,806.7631
2025-10-31,P0052,W004,1078,1054.0209
2025-10-31,P0052,W005,459,471.68515
2025-10-31,P0052,W006,1087,1090.0197
2025-10-31,P0053,W001,436,436.4179
2025-10-31,P0053,W002,330,338.986
2025-10-31,P0053,W003,251,244.72177
2025-10-31,P0053,W004,294,289.4488
2025-10-31,P0053,W005,264,265.43915
2025-10-31,P0053,W006,519,512.723
2025-10-31,P0054,W001,935,936.52747
2025-10-31,P0054,W002,1583,1544.7083
2025-10-31,P0054,W003,581,597.7112
2025-10-31,P0054,W004,1552,1512.2687
2025-10-31,P0054,W005,929,937.2815
2025-10-31,P0054,W006,1576,1552.3765
2025-10-31,P0055,W001,1446,1391.2988
2025-10-31,P0055,W002,824,803.6257
2025-10-31,P0055,W003,790,771.91614
2025-10-31,P0055,W004,1123,1095.7997
2025-10-31,P0055,W005,1483,1481.614
2025-10-31,P0055,W006,998,973.6327
2025-10-31,P0056,W001,685,678.31964
2025-10-31,P0056,W002,537,547.5617
2025-10-31,P0056,W003,341,338.0937
2025-10-31,P0056,W004,398,399.74548
2025-10-31,P0056,W005,863,847.1334
2025-10-31,P0056,W006,459,444.625
2025-10-31,P0057,W001,1414,1398.8401
2025-10-31,P0057,W002,785,784.27686
2025-10-31,P0057,W003,655,649.7639
2025-10-31,P0057,W004,1390,1395.7529
2025-10-31,P0057,W005,589,598.27
2025-10-31,P0057,W006,1031,984.41583
2025-10-31,P0058,W001,1323,1303.4469
2025-10-31,P0058,W002,1344,1364.7268
2025-10-31,P0058,W003,756,757.2923
2025-10-31,P0058,W004,1048,1033.1914
2025-10-31,P0058,W005,975,988.4437
2025-10-31,P0058,W006,1148,1136.3582
2025-10-31,P0059,W001,637,642.58966
2025-10-31,P0059,W002,555,544.5853
2025-10-31,P0059,W003,370,363.95935
2025-10-31,P0059,W004,465,468.10822
2025-10-31,P0059,W005,719,724.2444
2025-10-31,P0059,W006,314,315.27243
2025-10-31,P0060,W001,628,617.31573
2025-10-31,P0060,W002,687,665.89026
2025-10-31,P0060,W003,725,736.3306
2025-10-31,P0060,W004,1176,1214.8556
2025-10-31,P0060,W005,805,810.2365
2025-10-31,P0060,W006,1109,1141.334
2025-11-30,P0001,W001,296,295.12695
2025-11-30,P0001,W002,692,672.0659
2025-11-30,P0001,W003,333,345.48138
2025-11-30,P0001,W004,632,632.83563
2025-11-30,P0001,W005,291,302.3449
2025-11-30,P0001,W006,352,349.69873
2025-11-30,P0002,W001,712,718.27747
2025-11-30,P0002,W002,467,459.9249
2025-11-30,P0002,W003,606,606.0857
2025-11-30,P0002,W004,688,689.0973
2025-11-30,P0002,W005,649,663.2333
2025-11-30,P0002,W006,686,686.28253
2025-11-30,P0003,W001,479,454.73834
2025-11-30,P0003,W002,429,422.1892
2025-11-30,P0003,W003,221,222.29788
2025-11-30,P0003,W004,442,435.7231
2025-11-30,P0003,W005,476,473.46658
2025-11-30,P0003,W006,431,430.85208
2025-11-30,P0004,W001,825,818.1327
2025-11-30,P0004,W002,1524,1497.3074
2025-11-30,P0004,W003,1330,1267.465
2025-11-30,P0004,W004,1302,1291.0133
2025-11-30,P0004,W005,1727,1699.5996
2025-11-30,P0004,W006,1041,1064.3583
2025-11-30,P0005,W001,151,168.66507
2025-11-30,P0005,W002,260,266.7462
2025-11-30,P0005,W003,409,438.48364
2025-11-30,P0005,W004,388,429.3353
2025-11-30,P0005,W005,217,234.50063
2025-11-30,P0005,W006,251,259.06348
2025-11-30,P0006,W001,261,259.8557
2025-11-30,P0006,W002,365,362.08658
2025-11-30,P0006,W003,409,400.3109
2025-11-30,P0006,W004,189,202.1157
2025-11-30,P0006,W005,400,413.1859
2025-11-30,P0006,W006,305,299.09732
2025-11-30,P0007,W001,273,270.67288
2025-11-30,P0007,W002,656,658.7803
2025-11-30,P0007,W003,304,302.26318
2025-11-30,P0007,W004,725,729.101
2025-11-30,P0007,W005,460,455.48965
2025-11-30,P0007,W006,279,267.66367
2025-11-30,P0008,W001,498,492.5802
2025-11-30,P0008,W002,1023,1033.8655
2025-11-30,P0008,W003,637,653.192
2025-11-30,P0008,W004,595,611.96643
2025-11-30,P0008,W005,628,635.0948
2025-11-30,P0008,W006,1204,1177.3837
2025-11-30,P0009,W001,267,273.0661
2025-11-30,P0009,W002,379,372.73514
2025-11-30,P0009,W003,492,496.4927
2025-11-30,P0009,W004,566,566.6572
2025-11-30,P0009,W005,739,730.4368
2025-11-30,P0009,W006,337,337.269
2025-11-30,P0010,W001,1701,1701.845
2025-11-30,P0010,W002,784,780.15326
2025-11-30,P0010,W003,1763,1770.175
2025-11-30,P0010,W004,1186,1145.7172
2025-11-30,P0010,W005,1601,1577.1945
2025-11-30,P0010,W006,1506,1492.9906
2025-11-30,P0011,W001,326,325.26416
2025-11-30,P0011,W002,303,305.18674
2025-11-30,P0011,W003,681,687.12115
2025-11-30,P0011,W004,283,292.18442
2025-11-30,P0011,W005,296,293.279
2025-11-30,P0011,W006,622,606.5727
2025-11-30,P0012,W001,524,509.99524
2025-11-30,P0012,W002,529,512.4965
2025-11-30,P0012,W003,394,386.0769
2025-11-30,P0012,W004,466,470.2045
2025-11-30,P0012,W005,467,457.78253
2025-11-30,P0012,W006,422,430.54623
2025-11-30,P0013,W001,672,694.07837
2025-11-30,P0013,W002,1320,1295.3134
2025-11-30,P0013,W003,1173,1148.1794
2025-11-30,P0013,W004,1635,1666.648
2025-11-30,P0013,W005,760,759.6891
2025-11-30,P0013,W006,600,603.98663
2025-11-30,P0014,W001,601,594.82965
2025-11-30,P0014,W002,428,427.77997
2025-11-30,P0014,W003,667,665.691
2025-11-30,P0014,W004,816,821.34656
2025-11-30,P0014,W005,922,927.7332
2025-11-30,P0014,W006,391,401.46222
2025-11-30,P0015,W001,211,217.82526
2025-11-30,P0015,W002,452,452.2147
2025-11-30,P0015,W003,500,499.2791
2025-11-30,P0015,W004,612,602.9235
2025-11-30,P0015,W005,241,238.63396
2025-11-30,P0015,W006,228,231.43661
2025-11-30,P0016,W001,348,353.59244
2025-11-30,P0016,W002,265,263.00504
2025-11-30,P0016,W003,262,258.34775
2025-11-30,P0016,W004,382,381.11896
2025-11-30,P0016,W005,369,364.94977
2025-11-30,P0016,W006,372,381.75128
2025-11-30,P0017,W001,288,302.11365
2025-11-30,P0017,W002,784,784.77496
2025-11-30,P0017,W003,666,666.1661
2025-11-30,P0017,W004,371,373.7793
2025-11-30,P0017,W005,362,354.04413
2025-11-30,P0017,W006,467,452.61508
2025-11-30,P0018,W001,434,444.67532
2025-11-30,P0018,W002,205,208.4046
2025-11-30,P0018,W003,290,289.96286
2025-11-30,P0018,W004,182,189.75198
2025-11-30,P0018,W005,399,387.56635
2025-11-30,P0018,W006,256,260.28674
2025-11-30,P0019,W001,1292,1233.3297
2025-11-30,P0019,W002,1169,1099.9518
2025-11-30,P0019,W003,912,857.8282
2025-11-30,P0019,W004,2279,2154.6736
2025-11-30,P0019,W005,1423,1400.737
2025-11-30,P0019,W006,2039,1939.9514
2025-11-30,P0020,W001,946,946.0433
2025-11-30,P0020,W002,1003,982.5619
2025-11-30,P0020,W003,1291,1258.6228
2025-11-30,P0020,W004,954,987.5531
2025-11-30,P0020,W005,1294,1314.9097
2025-11-30,P0020,W006,1650,1627.9131
2025-11-30,P0021,W001,880,863.35944
2025-11-30,P0021,W002,981,930.24805
2025-11-30,P0021,W003,625,610.3332
2025-11-30,P0021,W004,575,557.362
2025-11-30,P0021,W005,787,810.3611
2025-11-30,P0021,W006,847,838.2963
2025-11-30,P0022,W001,269,270.65005
2025-11-30,P0022,W002,247,256.34042
2025-11-30,P0022,W003,244,241.68954
2025-11-30,P0022,W004,198,206.98
2025-11-30,P0022,W005,248,246.75403
2025-11-30,P0022,W006,233,240.37796
2025-11-30,P0023,W001,1322,1299.783
2025-11-30,P0023,W002,1639,1647.1998
2025-11-30,P0023,W003,684,680.04785
2025-11-30,P0023,W004,1408,1426.2051
2025-11-30,P0023,W005,1084,1074.2324
2025-11-30,P0023,W006,1399,1424.3885
2025-11-30,P0024,W001,781,770.90344
2025-11-30,P0024,W002,790,817.2212
2025-11-30,P0024,W003,1167,1107.3562
2025-11-30,P0024,W004,1469,1463.5017
2025-11-30,P0024,W005,1047,1090.757
2025-11-30,P0024,W006,1411,1392.5995
2025-11-30,P0025,W001,532,541.5286
2025-11-30,P0025,W002,651,666.1359
2025-11-30,P0025,W003,1091,1093.8198
2025-11-30,P0025,W004,1215,1255.0898
2025-11-30,P0025,W005,1335,1353.5219
2025-11-30,P0025,W006,577,565.3114
2025-11-30,P0026,W001,99,120.7271
2025-11-30,P0026,W002,156,160.21559
2025-11-30,P0026,W003,221,224.39124
2025-11-30,P0026,W004,157,166.23596
2025-11-30,P0026,W005,162,168.20352
2025-11-30,P0026,W006,223,224.547
2025-11-30,P0027,W001,292,286.7182
2025-11-30,P0027,W002,392,384.5894
2025-11-30,P0027,W003,520,530.8634
2025-11-30,P0027,W004,404,421.48328
2025-11-30,P0027,W005,485,499.75314
2025-11-30,P0027,W006,626,613.44806
2025-11-30,P0028,W001,304,317.15036
2025-11-30,P0028,W002,187,199.16537
2025-11-30,P0028,W003,349,363.89987
2025-11-30,P0028,W004,309,318.51105
2025-11-30,P0028,W005,348,358.5234
2025-11-30,P0028,W006,241,249.29295
2025-11-30,P0029,W001,879,869.6673
2025-11-30,P0029,W002,1070,1079.9639
2025-11-30,P0029,W003,1236,1245.5742
2025-11-30,P0029,W004,838,864.15985
2025-11-30,P0029,W005,1609,1612.8406
2025-11-30,P0029,W006,1065,1047.0282
2025-11-30,P0030,W001,286,283.29346
2025-11-30,P0030,W002,664,666.3101
2025-11-30,P0030,W003,485,465.38147
2025-11-30,P0030,W004,267,273.24585
2025-11-30,P0030,W005,321,325.8902
2025-11-30,P0030,W006,576,579.9355
2025-11-30,P0031,W001,1571,1554.2073
2025-11-30,P0031,W002,1480,1495.5176
2025-11-30,P0031,W003,1168,1136.0533
2025-11-30,P0031,W004,1200,1153.3934
2025-11-30,P0031,W005,1966,1859.9873
2025-11-30,P0031,W006,928,935.19696
2025-11-30,P0032,W001,504,504.44336
2025-11-30,P0032,W002,740,750.8725
2025-11-30,P0032,W003,528,503.9531
2025-11-30,P0032,W004,772,750.2167
2025-11-30,P0032,W005,822,831.6197
2025-11-30,P0032,W006,410,398.35068
2025-11-30,P0033,W001,680,692.1785
2025-11-30,P0033,W002,1322,1260.2167
2025-11-30,P0033,W003,1145,1112.6244
2025-11-30,P0033,W004,1238,1262.1622
2025-11-30,P0033,W005,1192,1133.8933
2025-11-30,P0033,W006,1456,1472.0901
2025-11-30,P0034,W001,292,291.56702
2025-11-30,P0034,W002,120,128.05246
2025-11-30,P0034,W003,102,122.271065
2025-11-30,P0034,W004,186,186.90665
2025-11-30,P0034,W005,219,218.18805
2025-11-30,P0034,W006,210,213.88338
2025-11-30,P0035,W001,204,206.62654
2025-11-30,P0035,W002,169,175.81747
2025-11-30,P0035,W003,246,245.97145
2025-11-30,P0035,W004,242,245.01064
2025-11-30,P0035,W005,146,152.56496
2025-11-30,P0035,W006,312,312.5974
2025-11-30,P0036,W001,356,355.53662
2025-11-30,P0036,W002,479,464.31366
2025-11-30,P0036,W003,559,548.73035
2025-11-30,P0036,W004,909,869.223
2025-11-30,P0036,W005,363,350.63168
2025-11-30,P0036,W006,804,813.86505
2025-11-30,P0037,W001,938,968.4044
2025-11-30,P0037,W002,958,951.84717
2025-11-30,P0037,W003,767,766.9548
2025-11-30,P0037,W004,915,912.38116
2025-11-30,P0037,W005,491,506.90622
2025-11-30,P0037,W006,378,385.93295
2025-11-30,P0038,W001,509,490.54
2025-11-30,P0038,W002,644,649.5912
2025-11-30,P0038,W003,716,712.98737
2025-11-30,P0038,W004,635,632.61975
2025-11-30,P0038,W005,695,683.9564
2025-11-30,P0038,W006,851,894.72644
2025-11-30,P0039,W001,1104,1140.9758
2025-11-30,P0039,W002,830,822.64136
2025-11-30,P0039,W003,868,877.3516
2025-11-30,P0039,W004,958,945.89105
2025-11-30,P0039,W005,1482,1412.7261
2025-11-30,P0039,W006,998,959.7083
2025-11-30,P0040,W001,1606,1597.4785
2025-11-30,P0040,W002,686,677.5978
2025-11-30,P0040,W003,702,695.7363
2025-11-30,P0040,W004,960,969.6608
2025-11-30,P0040,W005,1186,1204.1193
2025-11-30,P0040,W006,1297,1295.4689
2025-11-30,P0041,W001,1045,1005.387
2025-11-30,P0041,W002,851,865.6113
2025-11-30,P0041,W003,673,682.9026
2025-11-30,P0041,W004,533,539.37054
2025-11-30,P0041,W005,653,640.76495
2025-11-30,P0041,W006,954,918.52313
2025-11-30,P0042,W001,618,641.23596
2025-11-30,P0042,W002,937,991.0067
2025-11-30,P0042,W003,881,880.3476
2025-11-30,P0042,W004,1180,1162.2437
2025-11-30,P0042,W005,1165,1177.0753
2025-11-30,P0042,W006,1270,1324.4578
2025-11-30,P0043,W001,773,790.8757
2025-11-30,P0043,W002,1059,1030.529
2025-11-30,P0043,W003,923,916.08185
2025-11-30,P0043,W004,807,804.3737
2025-11-30,P0043,W005,728,714.0491
2025-11-30,P0043,W006,550,553.779
2025-11-30,P0044,W001,251,252.93204
2025-11-30,P0044,W002,167,171.88246
2025-11-30,P0044,W003,234,231.63115
2025-11-30,P0044,W004,189,188.84245
2025-11-30,P0044,W005,281,281.03268
2025-11-30,P0044,W006,174,173.34102
2025-11-30,P0045,W001,1542,1549.1403
2025-11-30,P0045,W002,728,718.2576
2025-11-30,P0045,W003,725,714.5293
2025-11-30,P0045,W004,1097,1121.2365
2025-11-30,P0045,W005,1555,1547.302
2025-11-30,P0045,W006,1385,1351.5098
2025-11-30,P0046,W001,466,467.72733
2025-11-30,P0046,W002,957,922.9028
2025-11-30,P0046,W003,750,748.43964
2025-11-30,P0046,W004,472,473.37015
2025-11-30,P0046,W005,731,732.316
2025-11-30,P0046,W006,572,575.30676
2025-11-30,P0047,W001,552,556.87665
2025-11-30,P0047,W002,470,471.97833
2025-11-30,P0047,W003,363,360.24368
2025-11-30,P0047,W004,741,742.76654
2025-11-30,P0047,W005,868,868.2807
2025-11-30,P0047,W006,357,346.17374
2025-11-30,P0048,W001,934,939.9583
2025-11-30,P0048,W002,1771,1720.8395
2025-11-30,P0048,W003,852,851.3882
2025-11-30,P0048,W004,945,919.51874
2025-11-30,P0048,W005,1313,1328.223
2025-11-30,P0048,W006,968,1006.91565
2025-11-30,P0049,W001,960,937.67596
2025-11-30,P0049,W002,612,607.6259
2025-11-30,P0049,W003,816,800.2009
2025-11-30,P0049,W004,682,675.09485
2025-11-30,P0049,W005,670,687.0144
2025-11-30,P0049,W006,557,548.08057
2025-11-30,P0050,W001,1812,1765.3594
2025-11-30,P0050,W002,1066,1101.1494
2025-11-30,P0050,W003,1053,1067.0377
2025-11-30,P0050,W004,1545,1525.6428
2025-11-30,P0050,W005,866,885.92523
2025-11-30,P0050,W006,1457,1381.1089
2025-11-30,P0051,W001,815,815.358
2025-11-30,P0051,W002,479,487.60843
2025-11-30,P0051,W003,1162,1176.406
2025-11-30,P0051,W004,1099,1132.6956
2025-11-30,P0051,W005,703,674.25305
2025-11-30,P0051,W006,814,817.907
2025-11-30,P0052,W001,983,948.5114
2025-11-30,P0052,W002,1113,1079.9543
2025-11-30,P0052,W003,920,936.194
2025-11-30,P0052,W004,1213,1221.1362
2025-11-30,P0052,W005,556,566.0021
2025-11-30,P0052,W006,1300,1280.5797
2025-11-30,P0053,W001,538,565.3146
2025-11-30,P0053,W002,432,426.47018
2025-11-30,P0053,W003,311,325.29492
2025-11-30,P0053,W004,363,380.5352
2025-11-30,P0053,W005,334,342.9682
2025-11-30,P0053,W006,630,668.8971
2025-11-30,P0054,W001,1059,1050.3645
2025-11-30,P0054,W002,1976,1858.9685
2025-11-30,P0054,W003,632,640.36536
2025-11-30,P0054,W004,1734,1742.2477
2025-11-30,P0054,W005,1119,1080.837
2025-11-30,P0054,W006,1756,1715.0524
2025-11-30,P0055,W001,1509,1500.3309
2025-11-30,P0055,W002,888,901.0392
2025-11-30,P0055,W003,907,901.0923
2025-11-30,P0055,W004,1323,1304.1752
2025-11-30,P0055,W005,1627,1652.7844
2025-11-30,P0055,W006,1142,1132.8445
2025-11-30,P0056,W001,811,792.7308
2025-11-30,P0056,W002,646,615.8674
2025-11-30,P0056,W003,392,382.1761
2025-11-30,P0056,W004,480,469.7868
2025-11-30,P0056,W005,953,970.09717
2025-11-30,P0056,W006,528,530.32947
2025-11-30,P0057,W001,1612,1635.4058
2025-11-30,P0057,W002,915,884.89404
2025-11-30,P0057,W003,791,751.0048
2025-11-30,P0057,W004,1615,1624.797
2025-11-30,P0057,W005,692,685.1833
2025-11-30,P0057,W006,1130,1160.0399
2025-11-30,P0058,W001,1536,1512.6558
2025-11-30,P0058,W002,1497,1441.0953
2025-11-30,P0058,W003,852,862.58545
2025-11-30,P0058,W004,1181,1159.5652
2025-11-30,P0058,W005,1119,1108.8259
2025-11-30,P0058,W006,1286,1284.3076
2025-11-30,P0059,W001,733,714.8151
2025-11-30,P0059,W002,592,605.4868
2025-11-30,P0059,W003,419,421.80978
2025-11-30,P0059,W004,510,514.02747
2025-11-30,P0059,W005,826,828.899
2025-11-30,P0059,W006,380,374.9768
2025-11-30,P0060,W001,729,738.95325
2025-11-30,P0060,W002,816,786.5534
2025-11-30,P0060,W003,805,801.0006
2025-11-30,P0060,W004,1313,1317.0696
2025-11-30,P0060,W005,911,914.31635
2025-11-30,P0060,W006,1289,1274.8823
2025-12-31,P0001,W001,337,339.59628
2025-12-31,P0001,W002,823,809.3272
2025-12-31,P0001,W003,410,397.8168
2025-12-31,P0001,W004,728,741.3871
2025-12-31,P0001,W005,360,357.2547
2025-12-31,P0001,W006,403,410.94116
2025-12-31,P0002,W001,873,860.67554
2025-12-31,P0002,W002,536,535.77814
2025-12-31,P0002,W003,741,741.89355
2025-12-31,P0002,W004,798,792.4128
2025-12-31,P0002,W005,747,736.5648
2025-12-31,P0002,W006,775,785.4907
2025-12-31,P0003,W001,557,562.52246
2025-12-31,P0003,W002,503,506.08047
2025-12-31,P0003,W003,260,262.3209
2025-12-31,P0003,W004,499,496.50134
2025-12-31,P0003,W005,527,538.3215
2025-12-31,P0003,W006,498,502.26932
2025-12-31,P0004,W001,965,961.28973
2025-12-31,P0004,W002,1871,1812.9456
2025-12-31,P0004,W003,1468,1453.9806
2025-12-31,P0004,W004,1540,1497.6534
2025-12-31,P0004,W005,1964,1963.3744
2025-12-31,P0004,W006,1269,1214.7065
2025-12-31,P0005,W001,163,167.66982
2025-12-31,P0005,W002,267,277.1283
2025-12-31,P0005,W003,412,412.11734
2025-12-31,P0005,W004,425,422.12524
2025-12-31,P0005,W005,225,227.29814
2025-12-31,P0005,W006,267,267.3364
2025-12-31,P0006,W001,311,313.99197
2025-12-31,P0006,W002,431,424.68802
2025-12-31,P0006,W003,459,464.1548
2025-12-31,P0006,W004,222,229.96043
2025-12-31,P0006,W005,472,459.2634
2025-12-31,P0006,W006,350,352.72992
2025-12-31,P0007,W001,310,316.8386
2025-12-31,P0007,W002,793,777.49646
2025-12-31,P0007,W003,345,345.4224
2025-12-31,P0007,W004,790,796.09546
2025-12-31,P0007,W005,527,539.49207
2025-12-31,P0007,W006,293,298.82718
2025-12-31,P0008,W001,585,586.0355
2025-12-31,P0008,W002,1241,1228.0834
2025-12-31,P0008,W003,788,761.9062
2025-12-31,P0008,W004,676,696.3741
2025-12-31,P0008,W005,739,736.61707
2025-12-31,P0008,W006,1420,1384.7695
2025-12-31,P0009,W001,315,313.59863
2025-12-31,P0009,W002,456,445.31485
2025-12-31,P0009,W003,629,600.5557
2025-12-31,P0009,W004,703,692.4367
2025-12-31,P0009,W005,815,826.4384
2025-12-31,P0009,W006,398,387.73856
2025-12-31,P0010,W001,1959,1959.9243
2025-12-31,P0010,W002,938,928.8421
2025-12-31,P0010,W003,2067,2047.4642
2025-12-31,P0010,W004,1364,1340.3066
2025-12-31,P0010,W005,1762,1769.447
2025-12-31,P0010,W006,1885,1825.5137
2025-12-31,P0011,W001,375,377.1711
2025-12-31,P0011,W002,351,357.37213
2025-12-31,P0011,W003,784,783.80414
2025-12-31,P0011,W004,342,339.58002
2025-12-31,P0011,W005,336,339.42285
2025-12-31,P0011,W006,691,704.59125
2025-12-31,P0012,W001,604,599.0076
2025-12-31,P0012,W002,581,587.6642
2025-12-31,P0012,W003,476,472.8644
2025-12-31,P0012,W004,535,535.3444
2025-12-31,P0012,W005,526,531.04407
2025-12-31,P0012,W006,498,501.0153
2025-12-31,P0013,W001,804,790.2453
2025-12-31,P0013,W002,1494,1507.5812
2025-12-31,P0013,W003,1364,1342.0939
2025-12-31,P0013,W004,1881,1874.6737
2025-12-31,P0013,W005,923,922.83997
2025-12-31,P0013,W006,703,715.9364
2025-12-31,P0014,W001,655,672.4463
2025-12-31,P0014,W002,489,502.5961
2025-12-31,P0014,W003,807,800.6603
2025-12-31,P0014,W004,956,952.5021
2025-12-31,P0014,W005,1044,1061.593
2025-12-31,P0014,W006,465,466.21902
2025-12-31,P0015,W001,259,256.32248
2025-12-31,P0015,W002,525,521.4664
2025-12-31,P0015,W003,568,581.2256
2025-12-31,P0015,W004,699,720.49854
2025-12-31,P0015,W005,281,289.7162
2025-12-31,P0015,W006,260,259.19272
2025-12-31,P0016,W001,417,399.5509
2025-12-31,P0016,W002,313,306.84216
2025-12-31,P0016,W003,327,326.95197
2025-12-31,P0016,W004,441,449.41995
2025-12-31,P0016,W005,430,439.41135
2025-12-31,P0016,W006,454,447.19138
2025-12-31,P0017,W001,362,359.09644
2025-12-31,P0017,W002,918,885.7851
2025-12-31,P0017,W003,792,778.3007
2025-12-31,P0017,W004,453,446.79547
2025-12-31,P0017,W005,432,422.57043
2025-12-31,P0017,W006,545,539.15155
2025-12-31,P0018,W001,583,651.4011
2025-12-31,P0018,W002,287,313.51584
2025-12-31,P0018,W003,398,435.72693
2025-12-31,P0018,W004,264,289.3756
2025-12-31,P0018,W005,562,613.8972
2025-12-31,P0018,W006,362,393.65048
2025-12-31,P0019,W001,1307,1418.8188
2025-12-31,P0019,W002,1217,1331.3705
2025-12-31,P0019,W003,860,971.36914
2025-12-31,P0019,W004,2336,2392.4587
2025-12-31,P0019,W005,1397,1592.9897
2025-12-31,P0019,W006,2099,2155.7876
2025-12-31,P0020,W001,1046,1095.2454
2025-12-31,P0020,W002,1144,1147.8469
2025-12-31,P0020,W003,1634,1555.5638
2025-12-31,P0020,W004,1195,1132.8315
2025-12-31,P0020,W005,1508,1509.5709
2025-12-31,P0020,W006,1889,1926.8987
2025-12-31,P0021,W001,1031,1018.6337
2025-12-31,P0021,W002,1196,1147.9666
2025-12-31,P0021,W003,716,718.2931
2025-12-31,P0021,W004,642,631.67554
2025-12-31,P0021,W005,1006,973.4707
2025-12-31,P0021,W006,942,932.7456
2025-12-31,P0022,W001,313,309.07956
2025-12-31,P0022,W002,291,293.10065
2025-12-31,P0022,W003,278,277.26437
2025-12-31,P0022,W004,237,242.57776
2025-12-31,P0022,W005,286,292.53073
2025-12-31,P0022,W006,269,269.9827
2025-12-31,P0023,W001,1500,1522.387
2025-12-31,P0023,W002,2007,1874.5669
2025-12-31,P0023,W003,752,754.101
2025-12-31,P0023,W004,1655,1609.8713
2025-12-31,P0023,W005,1269,1270.9219
2025-12-31,P0023,W006,1615,1593.7052
2025-12-31,P0024,W001,882,894.37646
2025-12-31,P0024,W002,939,906.01294
2025-12-31,P0024,W003,1305,1304.6451
2025-12-31,P0024,W004,1839,1790.8674
2025-12-31,P0024,W005,1221,1198.756
2025-12-31,P0024,W006,1603,1617.4841
2025-12-31,P0025,W001,618,630.4914
2025-12-31,P0025,W002,770,762.32874
2025-12-31,P0025,W003,1287,1253.3162
2025-12-31,P0025,W004,1480,1438.0342
2025-12-31,P0025,W005,1560,1548.6198
2025-12-31,P0025,W006,616,627.4368
2025-12-31,P0026,W001,117,124.65254
2025-12-31,P0026,W002,178,182.24458
2025-12-31,P0026,W003,249,251.87347
2025-12-31,P0026,W004,184,185.58156
2025-12-31,P0026,W005,193,197.55923
2025-12-31,P0026,W006,254,256.4087
2025-12-31,P0027,W001,333,334.59937
2025-12-31,P0027,W002,453,456.9161
2025-12-31,P0027,W003,613,621.7098
2025-12-31,P0027,W004,467,473.1552
2025-12-31,P0027,W005,611,608.9105
2025-12-31,P0027,W006,736,736.2913
2025-12-31,P0028,W001,326,329.7728
2025-12-31,P0028,W002,200,206.31773
2025-12-31,P0028,W003,370,371.8712
2025-12-31,P0028,W004,351,346.29044
2025-12-31,P0028,W005,376,373.5994
2025-12-31,P0028,W006,271,273.79266
2025-12-31,P0029,W001,1018,997.2083
2025-12-31,P0029,W002,1236,1223.5732
2025-12-31,P0029,W003,1428,1432.3092
2025-12-31,P0029,W004,1023,1004.1437
2025-12-31,P0029,W005,1894,1862.6621
2025-12-31,P0029,W006,1245,1246.5188
2025-12-31,P0030,W001,348,354.49173
2025-12-31,P0030,W002,772,775.22614
2025-12-31,P0030,W003,540,533.8777
2025-12-31,P0030,W004,323,315.05173
2025-12-31,P0030,W005,395,388.5896
2025-12-31,P0030,W006,714,699.0276
2025-12-31,P0031,W001,1742,1790.5465
2025-12-31,P0031,W002,1822,1772.4844
2025-12-31,P0031,W003,1346,1328.3192
2025-12-31,P0031,W004,1329,1324.583
2025-12-31,P0031,W005,1972,2078.3943
2025-12-31,P0031,W006,1103,1108.6322
2025-12-31,P0032,W001,611,599.5993
2025-12-31,P0032,W002,869,827.91943
2025-12-31,P0032,W003,566,586.03735
2025-12-31,P0032,W004,925,928.0963
2025-12-31,P0032,W005,954,948.04895
2025-12-31,P0032,W006,472,471.00583
2025-12-31,P0033,W001,814,810.435
2025-12-31,P0033,W002,1497,1503.6366
2025-12-31,P0033,W003,1346,1329.99
2025-12-31,P0033,W004,1510,1467.1232
2025-12-31,P0033,W005,1401,1336.0929
2025-12-31,P0033,W006,1739,1719.2898
2025-12-31,P0034,W001,350,347.7017
2025-12-31,P0034,W002,140,141.11186
2025-12-31,P0034,W003,120,124.74673
2025-12-31,P0034,W004,215,219.01903
2025-12-31,P0034,W005,242,250.86961
2025-12-31,P0034,W006,248,246.11708
2025-12-31,P0035,W001,242,246.704
2025-12-31,P0035,W002,192,198.03967
2025-12-31,P0035,W003,275,282.80508
2025-12-31,P0035,W004,291,291.02786
2025-12-31,P0035,W005,168,167.63855
2025-12-31,P0035,W006,377,372.72012
2025-12-31,P0036,W001,409,404.9789
2025-12-31,P0036,W002,540,539.9855
2025-12-31,P0036,W003,642,648.0278
2025-12-31,P0036,W004,1010,1029.8511
2025-12-31,P0036,W005,422,417.33508
2025-12-31,P0036,W006,957,948.9968
2025-12-31,P0037,W001,1160,1129.1465
2025-12-31,P0037,W002,1142,1115.7343
2025-12-31,P0037,W003,900,877.18854
2025-12-31,P0037,W004,1074,1053.3511
2025-12-31,P0037,W005,611,605.5757
2025-12-31,P0037,W006,441,447.2407
2025-12-31,P0038,W001,647,692.30206
2025-12-31,P0038,W002,857,885.6957
2025-12-31,P0038,W003,965,987.3693
2025-12-31,P0038,W004,813,848.25934
2025-12-31,P0038,W005,900,914.7848
2025-12-31,P0038,W006,1087,1115.7886
2025-12-31,P0039,W001,1374,1355.3804
2025-12-31,P0039,W002,1022,1010.7595
2025-12-31,P0039,W003,1020,1028.0417
2025-12-31,P0039,W004,1106,1108.1617
2025-12-31,P0039,W005,1647,1699.0671
2025-12-31,P0039,W006,1134,1155.6951
2025-12-31,P0040,W001,1914,1909.2013
2025-12-31,P0040,W002,751,772.56177
2025-12-31,P0040,W003,786,807.4956
2025-12-31,P0040,W004,1083,1081.2738
2025-12-31,P0040,W005,1374,1338.9677
2025-12-31,P0040,W006,1584,1544.7642
2025-12-31,P0041,W001,1169,1172.9248
2025-12-31,P0041,W002,1068,1040.665
2025-12-31,P0041,W003,740,731.2833
2025-12-31,P0041,W004,590,599.7008
2025-12-31,P0041,W005,811,805.967
2025-12-31,P0041,W006,1102,1101.4224
2025-12-31,P0042,W001,583,599.9286
2025-12-31,P0042,W002,940,966.25793
2025-12-31,P0042,W003,889,913.41785
2025-12-31,P0042,W004,1099,1162.7786
2025-12-31,P0042,W005,1056,1119.7606
2025-12-31,P0042,W006,1319,1371.3826
2025-12-31,P0043,W001,941,905.70496
2025-12-31,P0043,W002,1258,1222.141
2025-12-31,P0043,W003,1018,1039.7244
2025-12-31,P0043,W004,912,903.84607
2025-12-31,P0043,W005,838,851.3793
2025-12-31,P0043,W006,625,612.29297
2025-12-31,P0044,W001,301,300.357
2025-12-31,P0044,W002,191,191.76295
2025-12-31,P0044,W003,269,268.75302
2025-12-31,P0044,W004,209,215.79745
2025-12-31,P0044,W005,320,323.69794
2025-12-31,P0044,W006,202,208.43208
2025-12-31,P0045,W001,1751,1724.1235
2025-12-31,P0045,W002,842,834.7617
2025-12-31,P0045,W003,783,790.25696
2025-12-31,P0045,W004,1353,1361.5488
2025-12-31,P0045,W005,1830,1795.3856
2025-12-31,P0045,W006,1576,1579.661
2025-12-31,P0046,W001,578,575.0664
2025-12-31,P0046,W002,1076,1061.5006
2025-12-31,P0046,W003,878,886.3137
2025-12-31,P0046,W004,538,526.2816
2025-12-31,P0046,W005,922,864.0881
2025-12-31,P0046,W006,717,681.8098
2025-12-31,P0047,W001,732,772.2712
2025-12-31,P0047,W002,695,726.01874
2025-12-31,P0047,W003,498,515.6214
2025-12-31,P0047,W004,934,1026.3541
2025-12-31,P0047,W005,1156,1224.1934
2025-12-31,P0047,W006,473,501.25363
2025-12-31,P0048,W001,1046,1081.7651
2025-12-31,P0048,W002,2126,2049.9856
2025-12-31,P0048,W003,1033,1010.6256
2025-12-31,P0048,W004,1122,1107.8077
2025-12-31,P0048,W005,1642,1608.9473
2025-12-31,P0048,W006,1198,1149.8091
2025-12-31,P0049,W001,1116,1135.0125
2025-12-31,P0049,W002,690,713.3924
2025-12-31,P0049,W003,947,937.25037
2025-12-31,P0049,W004,762,760.34845
2025-12-31,P0049,W005,796,784.0651
2025-12-31,P0049,W006,646,651.3721
2025-12-31,P0050,W001,2207,2084.1506
2025-12-31,P0050,W002,1244,1261.9802
2025-12-31,P0050,W003,1259,1234.5283
2025-12-31,P0050,W004,1686,1758.6366
2025-12-31,P0050,W005,1050,1052.8197
2025-12-31,P0050,W006,1690,1715.0269
2025-12-31,P0051,W001,936,932.33746
2025-12-31,P0051,W002,571,569.4352
2025-12-31,P0051,W003,1447,1360.7805
2025-12-31,P0051,W004,1353,1326.7947
2025-12-31,P0051,W005,810,813.6858
2025-12-31,P0051,W006,901,912.72437
2025-12-31,P0052,W001,1136,1152.0796
2025-12-31,P0052,W002,1236,1245.4498
2025-12-31,P0052,W003,1078,1059.063
2025-12-31,P0052,W004,1429,1455.267
2025-12-31,P0052,W005,633,632.5119
2025-12-31,P0052,W006,1474,1466.0355
2025-12-31,P0053,W001,574,570.8455
2025-12-31,P0053,W002,421,430.30664
2025-12-31,P0053,W003,325,323.4562
2025-12-31,P0053,W004,383,382.9325
2025-12-31,P0053,W005,356,362.15973
2025-12-31,P0053,W006,663,658.3511
2025-12-31,P0054,W001,1237,1240.3236
2025-12-31,P0054,W002,2289,2215.1384
2025-12-31,P0054,W003,796,750.86835
2025-12-31,P0054,W004,2061,2060.7673
2025-12-31,P0054,W005,1363,1327.985
2025-12-31,P0054,W006,2063,2090.5007
2025-12-31,P0055,W001,1791,1819.058
2025-12-31,P0055,W002,1045,1011.9901
2025-12-31,P0055,W003,1071,1074.0507
2025-12-31,P0055,W004,1579,1591.3888
2025-12-31,P0055,W005,1835,1853.6233
2025-12-31,P0055,W006,1324,1296.436
2025-12-31,P0056,W001,869,899.84143
2025-12-31,P0056,W002,724,729.63824
2025-12-31,P0056,W003,452,453.99786
2025-12-31,P0056,W004,557,558.1059
2025-12-31,P0056,W005,1104,1111.6288
2025-12-31,P0056,W006,598,600.9296
2025-12-31,P0057,W001,1925,1842.9945
2025-12-31,P0057,W002,988,1020.30005
2025-12-31,P0057,W003,870,879.3024
2025-12-31,P0057,W004,1834,1776.8748
2025-12-31,P0057,W005,742,779.4808
2025-12-31,P0057,W006,1301,1321.9086
2025-12-31,P0058,W001,1820,1801.0183
2025-12-31,P0058,W002,1718,1743.3618
2025-12-31,P0058,W003,972,967.3741
2025-12-31,P0058,W004,1470,1397.1566
2025-12-31,P0058,W005,1291,1287.7722
2025-12-31,P0058,W006,1528,1553.9287
2025-12-31,P0059,W001,838,824.6417
2025-12-31,P0059,W002,682,687.1903
2025-12-31,P0059,W003,502,475.46594
2025-12-31,P0059,W004,616,610.85596
2025-12-31,P0059,W005,989,974.1442
2025-12-31,P0059,W006,426,421.1174
2025-12-31,P0060,W001,826,796.1464
2025-12-31,P0060,W002,960,957.4191
2025-12-31,P0060,W003,968,963.8076
2025-12-31,P0060,W004,1582,1565.9728
2025-12-31,P0060,W005,1034,1041.2804
2025-12-31,P0060,W006,1576,1545.8497
