date,warehouse_id,avg_temperature_c,precipitation_mm,is_severe_weather
2023-01-01,W001,22.6,1.0,0
2023-01-02,W001,29.0,1.1,0
2023-01-03,W001,23.6,0.1,0
2023-01-04,W001,32.6,2.0,0
2023-01-05,W001,27.1,0.2,0
2023-01-06,W001,29.8,0.7,0
2023-01-07,W001,31.2,4.3,0
2023-01-08,W001,29.1,1.2,0
2023-01-09,W001,24.9,4.1,0
2023-01-10,W001,35.6,0.4,0
2023-01-11,W001,29.1,0.9,0
2023-01-12,W001,23.6,4.2,0
2023-01-13,W001,28.9,0.5,0
2023-01-14,W001,31.4,1.0,0
2023-01-15,W001,33.1,2.4,0
2023-01-16,W001,29.7,0.3,0
2023-01-17,W001,28.0,3.6,0
2023-01-18,W001,27.6,3.0,0
2023-01-19,W001,28.1,0.4,0
2023-01-20,W001,28.0,3.0,0
2023-01-21,W001,28.3,2.5,0
2023-01-22,W001,30.7,6.0,0
2023-01-23,W001,37.5,0.8,0
2023-01-24,W001,32.1,2.6,0
2023-01-25,W001,30.3,1.5,0
2023-01-26,W001,26.6,0.4,0
2023-01-27,W001,29.7,0.9,0
2023-01-28,W001,32.6,1.2,0
2023-01-29,W001,28.2,2.1,0
2023-01-30,W001,33.7,1.0,0
2023-01-31,W001,38.8,1.4,0
2023-02-01,W001,31.4,10.8,0
2023-02-02,W001,29.5,0.8,0
2023-02-03,W001,30.7,1.4,0
2023-02-04,W001,33.8,0.3,0
2023-02-05,W001,37.1,0.5,0
2023-02-06,W001,33.2,2.2,0
2023-02-07,W001,37.2,3.1,0
2023-02-08,W001,31.8,2.1,0
2023-02-09,W001,36.5,0.5,0
2023-02-10,W001,28.7,2.8,0
2023-02-11,W001,33.1,0.4,0
2023-02-12,W001,34.6,0.9,0
2023-02-13,W001,33.0,0.5,0
2023-02-14,W001,31.9,1.9,0
2023-02-15,W001,38.4,3.9,0
2023-02-16,W001,32.1,0.2,0
2023-02-17,W001,40.9,0.9,0
2023-02-18,W001,34.3,1.6,0
2023-02-19,W001,30.8,4.0,0
2023-02-20,W001,33.2,1.1,0
2023-02-21,W001,33.7,3.4,0
2023-02-22,W001,41.2,0.5,0
2023-02-23,W001,35.6,1.7,0
2023-02-24,W001,34.7,0.2,0
2023-02-25,W001,36.3,0.9,0
2023-02-26,W001,32.9,1.7,0
2023-02-27,W001,34.9,0.5,0
2023-02-28,W001,35.9,0.3,0
2023-03-01,W001,32.2,0.9,0
2023-03-02,W001,42.8,1.5,1
2023-03-03,W001,36.3,1.0,0
2023-03-04,W001,34.9,0.1,0
2023-03-05,W001,35.9,0.8,0
2023-03-06,W001,34.5,0.0,0
2023-03-07,W001,38.6,3.8,0
2023-03-08,W001,31.7,0.7,0
2023-03-09,W001,37.7,0.0,0
2023-03-10,W001,41.7,3.1,0
2023-03-11,W001,36.1,1.8,0
2023-03-12,W001,35.7,5.6,0
2023-03-13,W001,38.4,1.1,0
2023-03-14,W001,42.0,1.4,1
2023-03-15,W001,39.9,3.4,0
2023-03-16,W001,35.3,0.7,0
2023-03-17,W001,38.5,2.7,0
2023-03-18,W001,37.8,1.0,0
2023-03-19,W001,37.6,0.8,0
2023-03-20,W001,38.6,0.2,0
2023-03-21,W001,33.4,1.2,0
2023-03-22,W001,36.6,12.8,0
2023-03-23,W001,36.9,4.1,0
2023-03-24,W001,37.2,0.3,0
2023-03-25,W001,37.3,0.1,0
2023-03-26,W001,38.2,0.6,0
2023-03-27,W001,34.7,2.6,0
2023-03-28,W001,36.3,4.6,0
2023-03-29,W001,42.7,0.3,1
2023-03-30,W001,41.3,2.2,0
2023-03-31,W001,36.7,2.2,0
2023-04-01,W001,29.5,3.5,0
2023-04-02,W001,39.2,1.2,0
2023-04-03,W001,40.6,1.2,0
2023-04-04,W001,44.9,3.9,1
2023-04-05,W001,37.2,2.9,0
2023-04-06,W001,42.7,3.3,1
2023-04-07,W001,33.8,5.1,0
2023-04-08,W001,43.8,0.5,1
2023-04-09,W001,34.5,0.4,0
2023-04-10,W001,43.4,2.8,1
2023-04-11,W001,36.7,1.8,0
2023-04-12,W001,34.3,4.1,0
2023-04-13,W001,33.6,0.6,0
2023-04-14,W001,36.4,1.7,0
2023-04-15,W001,40.4,2.5,0
2023-04-16,W001,35.5,0.1,0
2023-04-17,W001,38.2,0.5,0
2023-04-18,W001,34.8,0.4,0
2023-04-19,W001,37.0,0.7,0
2023-04-20,W001,40.1,1.8,0
2023-04-21,W001,37.4,1.6,0
2023-04-22,W001,34.6,0.9,0
2023-04-23,W001,35.2,1.2,0
2023-04-24,W001,29.8,1.1,0
2023-04-25,W001,37.0,0.7,0
2023-04-26,W001,32.5,0.6,0
2023-04-27,W001,37.6,3.0,0
2023-04-28,W001,35.9,1.1,0
2023-04-29,W001,39.1,0.1,0
2023-04-30,W001,39.0,2.8,0
2023-05-01,W001,33.9,0.2,0
2023-05-02,W001,36.5,3.7,0
2023-05-03,W001,37.1,2.6,0
2023-05-04,W001,39.4,0.9,0
2023-05-05,W001,35.9,11.1,0
2023-05-06,W001,39.0,1.1,0
2023-05-07,W001,33.6,4.9,0
2023-05-08,W001,39.8,1.1,0
2023-05-09,W001,31.4,2.5,0
2023-05-10,W001,38.5,1.3,0
2023-05-11,W001,35.4,2.5,0
2023-05-12,W001,33.6,3.9,0
2023-05-13,W001,33.4,1.1,0
2023-05-14,W001,30.2,1.4,0
2023-05-15,W001,37.4,0.6,0
2023-05-16,W001,34.8,1.6,0
2023-05-17,W001,30.1,2.5,0
2023-05-18,W001,36.6,3.3,0
2023-05-19,W001,36.1,3.2,0
2023-05-20,W001,34.2,4.2,0
2023-05-21,W001,37.8,4.0,0
2023-05-22,W001,31.8,0.4,0
2023-05-23,W001,34.4,0.5,0
2023-05-24,W001,28.3,0.7,0
2023-05-25,W001,30.2,1.7,0
2023-05-26,W001,28.7,4.2,0
2023-05-27,W001,35.0,1.0,0
2023-05-28,W001,30.6,0.4,0
2023-05-29,W001,32.0,2.1,0
2023-05-30,W001,30.4,1.1,0
2023-05-31,W001,28.8,3.8,0
2023-06-01,W001,34.0,0.8,0
2023-06-02,W001,29.7,2.9,0
2023-06-03,W001,30.8,0.6,0
2023-06-04,W001,29.8,1.6,0
2023-06-05,W001,30.4,2.0,0
2023-06-06,W001,28.8,0.2,0
2023-06-07,W001,30.0,2.7,0
2023-06-08,W001,25.9,0.3,0
2023-06-09,W001,29.5,1.6,0
2023-06-10,W001,32.2,1.2,0
2023-06-11,W001,28.7,1.7,0
2023-06-12,W001,27.9,0.6,0
2023-06-13,W001,24.6,7.7,0
2023-06-14,W001,27.7,0.4,0
2023-06-15,W001,30.5,0.2,0
2023-06-16,W001,27.4,1.9,0
2023-06-17,W001,28.9,0.8,0
2023-06-18,W001,28.7,4.9,0
2023-06-19,W001,33.6,4.4,0
2023-06-20,W001,31.8,0.3,0
2023-06-21,W001,26.7,2.7,0
2023-06-22,W001,29.2,0.4,0
2023-06-23,W001,27.3,0.7,0
2023-06-24,W001,21.9,2.5,0
2023-06-25,W001,28.1,1.3,0
2023-06-26,W001,30.8,0.2,0
2023-06-27,W001,27.4,0.0,0
2023-06-28,W001,28.8,0.1,0
2023-06-29,W001,21.8,1.3,0
2023-06-30,W001,30.1,2.7,0
2023-07-01,W001,23.0,6.7,0
2023-07-02,W001,25.8,6.5,0
2023-07-03,W001,24.2,7.2,0
2023-07-04,W001,29.1,4.9,0
2023-07-05,W001,27.4,1.4,0
2023-07-06,W001,33.7,1.5,0
2023-07-07,W001,30.6,1.8,0
2023-07-08,W001,24.8,0.4,0
2023-07-09,W001,30.6,5.8,0
2023-07-10,W001,24.6,0.9,0
2023-07-11,W001,21.2,2.0,0
2023-07-12,W001,24.9,2.5,0
2023-07-13,W001,28.5,1.7,0
2023-07-14,W001,19.1,0.9,0
2023-07-15,W001,23.3,9.3,0
2023-07-16,W001,25.8,2.0,0
2023-07-17,W001,20.6,3.7,0
2023-07-18,W001,24.8,1.5,0
2023-07-19,W001,21.8,6.3,0
2023-07-20,W001,25.4,0.5,0
2023-07-21,W001,21.1,0.3,0
2023-07-22,W001,21.4,1.6,0
2023-07-23,W001,20.6,0.3,0
2023-07-24,W001,21.7,0.8,0
2023-07-25,W001,25.7,6.2,0
2023-07-26,W001,24.0,1.3,0
2023-07-27,W001,23.2,1.7,0
2023-07-28,W001,20.9,2.4,0
2023-07-29,W001,21.4,0.7,0
2023-07-30,W001,17.6,6.7,0
2023-07-31,W001,26.5,1.4,0
2023-08-01,W001,22.1,2.0,0
2023-08-02,W001,27.8,4.0,0
2023-08-03,W001,23.2,1.9,0
2023-08-04,W001,22.6,2.6,0
2023-08-05,W001,19.6,0.9,0
2023-08-06,W001,22.7,1.6,0
2023-08-07,W001,17.3,1.2,0
2023-08-08,W001,17.8,1.6,0
2023-08-09,W001,23.5,0.3,0
2023-08-10,W001,19.8,3.6,0
2023-08-11,W001,17.6,0.6,0
2023-08-12,W001,18.9,0.9,0
2023-08-13,W001,21.9,2.1,0
2023-08-14,W001,21.6,1.9,0
2023-08-15,W001,24.7,4.0,0
2023-08-16,W001,21.7,4.6,0
2023-08-17,W001,18.9,1.1,0
2023-08-18,W001,19.9,0.9,0
2023-08-19,W001,15.1,5.5,0
2023-08-20,W001,18.5,2.1,0
2023-08-21,W001,18.2,1.6,0
2023-08-22,W001,19.8,2.8,0
2023-08-23,W001,14.2,2.1,0
2023-08-24,W001,20.2,0.9,0
2023-08-25,W001,21.5,1.7,0
2023-08-26,W001,15.8,1.2,0
2023-08-27,W001,23.0,2.7,0
2023-08-28,W001,22.5,1.3,0
2023-08-29,W001,18.6,0.9,0
2023-08-30,W001,17.0,12.9,0
2023-08-31,W001,18.3,4.4,0
2023-09-01,W001,19.9,3.5,0
2023-09-02,W001,19.5,1.5,0
2023-09-03,W001,14.9,2.0,0
2023-09-04,W001,13.9,4.2,0
2023-09-05,W001,13.9,6.8,0
2023-09-06,W001,20.5,3.8,0
2023-09-07,W001,14.2,4.2,0
2023-09-08,W001,18.4,0.6,0
2023-09-09,W001,19.4,0.7,0
2023-09-10,W001,19.5,0.3,0
2023-09-11,W001,16.2,1.2,0
2023-09-12,W001,19.4,0.9,0
2023-09-13,W001,17.5,0.3,0
2023-09-14,W001,15.6,0.2,0
2023-09-15,W001,12.4,1.0,0
2023-09-16,W001,19.4,0.5,0
2023-09-17,W001,24.8,2.1,0
2023-09-18,W001,17.3,2.5,0
2023-09-19,W001,20.4,0.3,0
2023-09-20,W001,16.9,2.2,0
2023-09-21,W001,21.6,6.2,0
2023-09-22,W001,13.4,0.6,0
2023-09-23,W001,18.6,3.7,0
2023-09-24,W001,17.8,0.3,0
2023-09-25,W001,20.0,0.5,0
2023-09-26,W001,18.1,1.1,0
2023-09-27,W001,17.5,3.0,0
2023-09-28,W001,22.3,2.1,0
2023-09-29,W001,17.0,0.8,0
2023-09-30,W001,21.5,0.7,0
2023-10-01,W001,18.3,0.3,0
2023-10-02,W001,18.3,0.2,0
2023-10-03,W001,21.1,0.6,0
2023-10-04,W001,18.5,1.4,0
2023-10-05,W001,13.0,1.0,0
2023-10-06,W001,18.1,1.6,0
2023-10-07,W001,20.7,2.0,0
2023-10-08,W001,11.0,2.0,0
2023-10-09,W001,22.2,1.5,0
2023-10-10,W001,18.6,1.9,0
2023-10-11,W001,17.6,0.2,0
2023-10-12,W001,16.0,0.3,0
2023-10-13,W001,10.5,0.1,0
2023-10-14,W001,14.5,2.3,0
2023-10-15,W001,20.6,3.0,0
2023-10-16,W001,13.4,2.0,0
2023-10-17,W001,20.8,4.4,0
2023-10-18,W001,23.4,1.8,0
2023-10-19,W001,20.8,0.1,0
2023-10-20,W001,25.2,0.3,0
2023-10-21,W001,13.3,3.6,0
2023-10-22,W001,26.7,4.5,0
2023-10-23,W001,17.3,0.2,0
2023-10-24,W001,13.6,0.5,0
2023-10-25,W001,20.8,0.3,0
2023-10-26,W001,19.1,2.6,0
2023-10-27,W001,17.3,1.5,0
2023-10-28,W001,14.5,2.0,0
2023-10-29,W001,18.4,0.3,0
2023-10-30,W001,17.6,2.7,0
2023-10-31,W001,22.9,4.3,0
2023-11-01,W001,19.6,5.2,0
2023-11-02,W001,16.4,0.0,0
2023-11-03,W001,15.5,7.2,0
2023-11-04,W001,17.6,1.7,0
2023-11-05,W001,14.6,5.2,0
2023-11-06,W001,20.9,1.4,0
2023-11-07,W001,16.6,4.0,0
2023-11-08,W001,13.6,1.9,0
2023-11-09,W001,18.3,0.8,0
2023-11-10,W001,18.5,2.3,0
2023-11-11,W001,20.3,3.1,0
2023-11-12,W001,21.8,1.7,0
2023-11-13,W001,23.9,1.9,0
2023-11-14,W001,17.2,0.8,0
2023-11-15,W001,15.3,5.7,0
2023-11-16,W001,18.3,3.7,0
2023-11-17,W001,20.4,0.3,0
2023-11-18,W001,17.5,0.1,0
2023-11-19,W001,21.9,2.1,0
2023-11-20,W001,21.8,1.0,0
2023-11-21,W001,20.9,0.6,0
2023-11-22,W001,25.1,0.8,0
2023-11-23,W001,22.8,0.8,0
2023-11-24,W001,21.0,5.5,0
2023-11-25,W001,18.9,3.7,0
2023-11-26,W001,19.7,0.8,0
2023-11-27,W001,24.7,0.6,0
2023-11-28,W001,20.0,1.0,0
2023-11-29,W001,22.5,0.3,0
2023-11-30,W001,21.1,4.9,0
2023-12-01,W001,24.3,0.6,0
2023-12-02,W001,24.9,0.7,0
2023-12-03,W001,19.7,0.8,0
2023-12-04,W001,21.1,0.2,0
2023-12-05,W001,18.5,0.1,0
2023-12-06,W001,25.0,0.9,0
2023-12-07,W001,25.5,3.3,0
2023-12-08,W001,23.8,0.1,0
2023-12-09,W001,15.1,4.1,0
2023-12-10,W001,26.1,5.3,0
2023-12-11,W001,26.4,1.6,0
2023-12-12,W001,26.5,0.3,0
2023-12-13,W001,27.2,3.4,0
2023-12-14,W001,26.1,0.3,0
2023-12-15,W001,24.7,3.9,0
2023-12-16,W001,23.4,0.1,0
2023-12-17,W001,25.1,5.1,0
2023-12-18,W001,26.7,2.5,0
2023-12-19,W001,20.8,1.7,0
2023-12-20,W001,28.0,1.8,0
2023-12-21,W001,24.2,0.3,0
2023-12-22,W001,26.7,6.5,0
2023-12-23,W001,25.6,0.6,0
2023-12-24,W001,27.6,6.7,0
2023-12-25,W001,26.6,0.9,0
2023-12-26,W001,28.3,1.1,0
2023-12-27,W001,29.8,1.1,0
2023-12-28,W001,29.2,2.1,0
2023-12-29,W001,29.2,1.0,0
2023-12-30,W001,25.0,0.2,0
2023-12-31,W001,26.5,0.7,0
2024-01-01,W001,28.5,0.6,0
2024-01-02,W001,21.3,2.2,0
2024-01-03,W001,31.9,0.4,0
2024-01-04,W001,28.0,3.7,0
2024-01-05,W001,24.4,0.2,0
2024-01-06,W001,26.7,4.1,0
2024-01-07,W001,35.3,2.1,0
2024-01-08,W001,27.9,1.6,0
2024-01-09,W001,27.9,3.0,0
2024-01-10,W001,29.0,0.1,0
2024-01-11,W001,27.8,0.7,0
2024-01-12,W001,34.3,1.7,0
2024-01-13,W001,26.8,1.4,0
2024-01-14,W001,30.5,4.5,0
2024-01-15,W001,25.2,0.8,0
2024-01-16,W001,28.1,1.6,0
2024-01-17,W001,29.3,1.0,0
2024-01-18,W001,31.1,1.4,0
2024-01-19,W001,26.3,0.8,0
2024-01-20,W001,27.5,1.6,0
2024-01-21,W001,26.4,1.1,0
2024-01-22,W001,29.6,2.0,0
2024-01-23,W001,34.4,1.3,0
2024-01-24,W001,32.1,1.0,0
2024-01-25,W001,36.2,4.2,0
2024-01-26,W001,32.4,1.0,0
2024-01-27,W001,31.8,0.5,0
2024-01-28,W001,40.2,0.3,0
2024-01-29,W001,26.8,0.3,0
2024-01-30,W001,34.6,0.6,0
2024-01-31,W001,33.3,1.5,0
2024-02-01,W001,30.8,1.3,0
2024-02-02,W001,32.7,0.1,0
2024-02-03,W001,35.6,4.4,0
2024-02-04,W001,33.4,0.5,0
2024-02-05,W001,32.7,1.3,0
2024-02-06,W001,30.6,0.1,0
2024-02-07,W001,35.1,2.9,0
2024-02-08,W001,31.2,1.9,0
2024-02-09,W001,32.1,4.3,0
2024-02-10,W001,32.0,0.5,0
2024-02-11,W001,35.3,1.2,0
2024-02-12,W001,39.0,2.0,0
2024-02-13,W001,29.1,3.9,0
2024-02-14,W001,30.3,1.1,0
2024-02-15,W001,34.8,1.0,0
2024-02-16,W001,31.4,1.9,0
2024-02-17,W001,34.4,6.5,0
2024-02-18,W001,36.0,4.9,0
2024-02-19,W001,33.1,0.2,0
2024-02-20,W001,42.9,3.2,1
2024-02-21,W001,37.4,0.9,0
2024-02-22,W001,37.3,4.3,0
2024-02-23,W001,29.5,0.2,0
2024-02-24,W001,38.2,0.1,0
2024-02-25,W001,36.7,6.5,0
2024-02-26,W001,38.8,1.1,0
2024-02-27,W001,37.2,1.0,0
2024-02-28,W001,39.6,7.6,0
2024-02-29,W001,36.0,0.9,0
2024-03-01,W001,33.1,0.3,0
2024-03-02,W001,35.9,1.6,0
2024-03-03,W001,39.4,6.2,0
2024-03-04,W001,41.3,0.5,0
2024-03-05,W001,38.3,0.4,0
2024-03-06,W001,36.0,0.2,0
2024-03-07,W001,37.3,3.4,0
2024-03-08,W001,35.9,2.5,0
2024-03-09,W001,36.2,0.0,0
2024-03-10,W001,34.1,0.2,0
2024-03-11,W001,38.5,0.7,0
2024-03-12,W001,36.0,1.6,0
2024-03-13,W001,33.2,0.1,0
2024-03-14,W001,38.5,0.3,0
2024-03-15,W001,29.7,1.3,0
2024-03-16,W001,34.3,0.1,0
2024-03-17,W001,33.4,1.5,0
2024-03-18,W001,42.0,0.3,1
2024-03-19,W001,38.1,1.7,0
2024-03-20,W001,34.6,1.2,0
2024-03-21,W001,36.9,3.2,0
2024-03-22,W001,34.9,3.4,0
2024-03-23,W001,37.7,0.7,0
2024-03-24,W001,39.4,5.2,0
2024-03-25,W001,31.2,0.6,0
2024-03-26,W001,38.2,0.7,0
2024-03-27,W001,41.0,0.4,0
2024-03-28,W001,37.6,1.2,0
2024-03-29,W001,39.2,6.3,0
2024-03-30,W001,35.3,0.4,0
2024-03-31,W001,36.1,2.4,0
2024-04-01,W001,36.0,1.0,0
2024-04-02,W001,33.7,1.7,0
2024-04-03,W001,41.1,1.4,0
2024-04-04,W001,29.9,0.6,0
2024-04-05,W001,41.2,3.8,0
2024-04-06,W001,34.3,0.8,0
2024-04-07,W001,39.3,11.6,0
2024-04-08,W001,44.1,3.4,1
2024-04-09,W001,35.7,7.8,0
2024-04-10,W001,34.5,0.9,0
2024-04-11,W001,44.1,9.9,1
2024-04-12,W001,35.8,1.4,0
2024-04-13,W001,34.1,2.1,0
2024-04-14,W001,38.1,2.9,0
2024-04-15,W001,31.6,0.1,0
2024-04-16,W001,37.0,0.9,0
2024-04-17,W001,44.6,0.1,1
2024-04-18,W001,34.5,3.3,0
2024-04-19,W001,36.4,1.0,0
2024-04-20,W001,37.1,0.3,0
2024-04-21,W001,39.8,8.0,0
2024-04-22,W001,37.2,0.3,0
2024-04-23,W001,38.6,0.7,0
2024-04-24,W001,34.2,0.9,0
2024-04-25,W001,40.8,0.6,0
2024-04-26,W001,31.4,1.8,0
2024-04-27,W001,34.6,1.8,0
2024-04-28,W001,41.2,3.8,0
2024-04-29,W001,36.4,0.1,0
2024-04-30,W001,39.0,0.2,0
2024-05-01,W001,29.7,0.2,0
2024-05-02,W001,33.4,4.9,0
2024-05-03,W001,39.4,0.6,0
2024-05-04,W001,35.5,0.4,0
2024-05-05,W001,36.6,1.6,0
2024-05-06,W001,34.5,4.1,0
2024-05-07,W001,35.4,1.2,0
2024-05-08,W001,32.1,0.2,0
2024-05-09,W001,34.8,0.6,0
2024-05-10,W001,31.5,1.0,0
2024-05-11,W001,40.1,7.9,0
2024-05-12,W001,36.6,0.8,0
2024-05-13,W001,36.0,0.1,0
2024-05-14,W001,35.5,4.9,0
2024-05-15,W001,36.9,0.5,0
2024-05-16,W001,37.4,4.5,0
2024-05-17,W001,34.4,0.6,0
2024-05-18,W001,33.7,2.6,0
2024-05-19,W001,37.1,0.6,0
2024-05-20,W001,36.1,3.3,0
2024-05-21,W001,36.6,0.9,0
2024-05-22,W001,34.9,1.7,0
2024-05-23,W001,31.5,0.5,0
2024-05-24,W001,33.8,1.1,0
2024-05-25,W001,35.4,0.5,0
2024-05-26,W001,33.9,0.4,0
2024-05-27,W001,34.5,1.0,0
2024-05-28,W001,35.9,1.5,0
2024-05-29,W001,32.7,2.6,0
2024-05-30,W001,37.1,1.5,0
2024-05-31,W001,27.4,1.2,0
2024-06-01,W001,32.9,4.5,0
2024-06-02,W001,28.3,0.7,0
2024-06-03,W001,26.4,2.8,0
2024-06-04,W001,27.5,0.5,0
2024-06-05,W001,30.7,2.2,0
2024-06-06,W001,34.1,2.6,0
2024-06-07,W001,33.0,0.6,0
2024-06-08,W001,33.6,0.1,0
2024-06-09,W001,31.5,0.7,0
2024-06-10,W001,36.7,1.2,0
2024-06-11,W001,31.5,0.6,0
2024-06-12,W001,34.9,1.2,0
2024-06-13,W001,30.0,5.6,0
2024-06-14,W001,31.2,2.5,0
2024-06-15,W001,31.9,3.7,0
2024-06-16,W001,26.8,3.9,0
2024-06-17,W001,29.0,0.3,0
2024-06-18,W001,33.3,0.4,0
2024-06-19,W001,32.6,2.5,0
2024-06-20,W001,24.6,0.0,0
2024-06-21,W001,25.9,0.7,0
2024-06-22,W001,24.2,3.2,0
2024-06-23,W001,34.0,0.2,0
2024-06-24,W001,27.0,0.8,0
2024-06-25,W001,27.4,1.3,0
2024-06-26,W001,24.0,3.2,0
2024-06-27,W001,21.6,0.4,0
2024-06-28,W001,26.8,0.2,0
2024-06-29,W001,22.9,1.4,0
2024-06-30,W001,31.7,0.1,0
2024-07-01,W001,31.3,2.0,0
2024-07-02,W001,30.9,1.8,0
2024-07-03,W001,25.4,0.7,0
2024-07-04,W001,21.1,9.3,0
2024-07-05,W001,22.8,12.5,0
2024-07-06,W001,26.2,0.6,0
2024-07-07,W001,24.2,1.8,0
2024-07-08,W001,27.7,7.9,0
2024-07-09,W001,20.4,4.5,0
2024-07-10,W001,26.7,6.6,0
2024-07-11,W001,25.5,1.0,0
2024-07-12,W001,22.5,3.2,0
2024-07-13,W001,25.4,7.6,0
2024-07-14,W001,23.7,0.2,0
2024-07-15,W001,21.8,0.0,0
2024-07-16,W001,27.1,2.9,0
2024-07-17,W001,20.4,2.3,0
2024-07-18,W001,25.5,0.0,0
2024-07-19,W001,29.2,6.2,0
2024-07-20,W001,21.7,8.6,0
2024-07-21,W001,21.8,4.6,0
2024-07-22,W001,29.4,0.9,0
2024-07-23,W001,22.8,1.0,0
2024-07-24,W001,22.4,3.6,0
2024-07-25,W001,23.6,4.2,0
2024-07-26,W001,20.6,10.0,0
2024-07-27,W001,25.6,2.5,0
2024-07-28,W001,23.3,3.3,0
2024-07-29,W001,17.8,4.5,0
2024-07-30,W001,25.1,1.2,0
2024-07-31,W001,22.1,1.4,0
2024-08-01,W001,18.5,2.2,0
2024-08-02,W001,26.9,2.3,0
2024-08-03,W001,23.9,1.8,0
2024-08-04,W001,25.0,0.7,0
2024-08-05,W001,26.3,1.7,0
2024-08-06,W001,24.2,2.1,0
2024-08-07,W001,22.7,12.9,0
2024-08-08,W001,22.6,5.3,0
2024-08-09,W001,12.4,2.2,0
2024-08-10,W001,22.6,5.9,0
2024-08-11,W001,24.0,1.3,0
2024-08-12,W001,17.5,3.7,0
2024-08-13,W001,21.2,2.6,0
2024-08-14,W001,24.4,2.2,0
2024-08-15,W001,22.3,5.0,0
2024-08-16,W001,20.5,6.1,0
2024-08-17,W001,23.5,0.8,0
2024-08-18,W001,17.9,0.0,0
2024-08-19,W001,21.2,0.4,0
2024-08-20,W001,22.5,19.0,1
2024-08-21,W001,16.7,0.2,0
2024-08-22,W001,18.1,1.9,0
2024-08-23,W001,20.1,1.0,0
2024-08-24,W001,18.2,1.3,0
2024-08-25,W001,18.9,3.4,0
2024-08-26,W001,24.4,1.4,0
2024-08-27,W001,16.7,1.9,0
2024-08-28,W001,15.7,2.7,0
2024-08-29,W001,20.8,3.8,0
2024-08-30,W001,17.1,0.2,0
2024-08-31,W001,18.3,0.7,0
2024-09-01,W001,15.2,2.3,0
2024-09-02,W001,19.3,4.8,0
2024-09-03,W001,14.4,2.0,0
2024-09-04,W001,17.7,0.4,0
2024-09-05,W001,16.6,3.2,0
2024-09-06,W001,18.7,0.1,0
2024-09-07,W001,16.8,6.8,0
2024-09-08,W001,16.1,1.1,0
2024-09-09,W001,15.8,1.3,0
2024-09-10,W001,12.8,0.1,0
2024-09-11,W001,14.5,7.3,0
2024-09-12,W001,24.0,0.2,0
2024-09-13,W001,16.6,5.6,0
2024-09-14,W001,19.8,0.8,0
2024-09-15,W001,20.7,1.1,0
2024-09-16,W001,23.9,3.0,0
2024-09-17,W001,17.5,0.3,0
2024-09-18,W001,15.2,1.6,0
2024-09-19,W001,17.9,0.1,0
2024-09-20,W001,15.0,1.2,0
2024-09-21,W001,15.7,1.9,0
2024-09-22,W001,17.8,3.1,0
2024-09-23,W001,14.0,0.0,0
2024-09-24,W001,12.7,1.5,0
2024-09-25,W001,16.3,1.3,0
2024-09-26,W001,21.5,3.5,0
2024-09-27,W001,17.7,0.3,0
2024-09-28,W001,15.4,1.0,0
2024-09-29,W001,17.7,0.9,0
2024-09-30,W001,18.2,1.9,0
2024-10-01,W001,13.3,0.6,0
2024-10-02,W001,17.6,0.9,0
2024-10-03,W001,17.3,0.3,0
2024-10-04,W001,20.7,7.0,0
2024-10-05,W001,16.6,2.3,0
2024-10-06,W001,12.6,0.5,0
2024-10-07,W001,15.9,1.1,0
2024-10-08,W001,17.6,1.7,0
2024-10-09,W001,16.4,0.6,0
2024-10-10,W001,19.9,1.4,0
2024-10-11,W001,13.4,1.8,0
2024-10-12,W001,18.8,1.5,0
2024-10-13,W001,12.5,1.3,0
2024-10-14,W001,23.1,2.4,0
2024-10-15,W001,17.6,0.7,0
2024-10-16,W001,18.1,0.5,0
2024-10-17,W001,21.9,0.2,0
2024-10-18,W001,14.9,0.0,0
2024-10-19,W001,17.5,0.9,0
2024-10-20,W001,16.0,1.4,0
2024-10-21,W001,15.3,0.1,0
2024-10-22,W001,17.8,2.8,0
2024-10-23,W001,14.6,1.0,0
2024-10-24,W001,19.0,0.3,0
2024-10-25,W001,16.3,2.4,0
2024-10-26,W001,17.9,0.4,0
2024-10-27,W001,19.8,1.2,0
2024-10-28,W001,16.1,2.5,0
2024-10-29,W001,16.0,4.4,0
2024-10-30,W001,21.6,0.3,0
2024-10-31,W001,21.0,8.0,0
2024-11-01,W001,23.6,4.2,0
2024-11-02,W001,23.4,1.3,0
2024-11-03,W001,22.3,2.9,0
2024-11-04,W001,12.4,3.3,0
2024-11-05,W001,18.2,1.2,0
2024-11-06,W001,21.1,2.4,0
2024-11-07,W001,21.6,12.8,0
2024-11-08,W001,21.9,2.1,0
2024-11-09,W001,21.7,0.2,0
2024-11-10,W001,23.8,3.1,0
2024-11-11,W001,24.1,11.7,0
2024-11-12,W001,21.2,3.2,0
2024-11-13,W001,20.5,6.2,0
2024-11-14,W001,21.2,0.1,0
2024-11-15,W001,22.1,0.2,0
2024-11-16,W001,23.8,3.3,0
2024-11-17,W001,20.9,3.4,0
2024-11-18,W001,23.7,1.2,0
2024-11-19,W001,18.8,1.7,0
2024-11-20,W001,18.8,2.7,0
2024-11-21,W001,19.2,3.5,0
2024-11-22,W001,15.2,0.3,0
2024-11-23,W001,24.8,0.3,0
2024-11-24,W001,19.9,1.7,0
2024-11-25,W001,21.1,2.3,0
2024-11-26,W001,23.3,0.9,0
2024-11-27,W001,26.7,7.6,0
2024-11-28,W001,23.3,3.3,0
2024-11-29,W001,21.4,1.6,0
2024-11-30,W001,25.9,0.2,0
2024-12-01,W001,27.9,0.9,0
2024-12-02,W001,25.7,1.6,0
2024-12-03,W001,23.8,0.4,0
2024-12-04,W001,21.3,1.1,0
2024-12-05,W001,24.6,2.7,0
2024-12-06,W001,15.0,1.2,0
2024-12-07,W001,25.6,3.4,0
2024-12-08,W001,19.2,4.2,0
2024-12-09,W001,18.6,0.6,0
2024-12-10,W001,25.2,1.8,0
2024-12-11,W001,23.8,1.5,0
2024-12-12,W001,21.5,3.9,0
2024-12-13,W001,26.7,12.9,0
2024-12-14,W001,22.2,0.7,0
2024-12-15,W001,25.4,4.1,0
2024-12-16,W001,24.9,10.3,0
2024-12-17,W001,17.5,0.5,0
2024-12-18,W001,24.6,2.4,0
2024-12-19,W001,24.2,1.2,0
2024-12-20,W001,23.1,3.6,0
2024-12-21,W001,23.0,0.0,0
2024-12-22,W001,25.0,0.8,0
2024-12-23,W001,25.6,2.1,0
2024-12-24,W001,30.3,0.0,0
2024-12-25,W001,24.0,1.5,0
2024-12-26,W001,23.0,0.2,0
2024-12-27,W001,27.0,2.2,0
2024-12-28,W001,31.0,3.5,0
2024-12-29,W001,26.4,0.2,0
2024-12-30,W001,34.0,1.8,0
2024-12-31,W001,23.7,0.4,0
2025-01-01,W001,25.9,0.6,0
2025-01-02,W001,29.2,0.6,0
2025-01-03,W001,27.3,0.0,0
2025-01-04,W001,27.2,3.7,0
2025-01-05,W001,27.8,1.2,0
2025-01-06,W001,26.8,0.3,0
2025-01-07,W001,33.1,1.9,0
2025-01-08,W001,31.1,0.2,0
2025-01-09,W001,26.0,1.0,0
2025-01-10,W001,31.5,5.2,0
2025-01-11,W001,31.5,1.2,0
2025-01-12,W001,29.1,0.4,0
2025-01-13,W001,31.7,0.9,0
2025-01-14,W001,28.8,0.2,0
2025-01-15,W001,30.8,0.4,0
2025-01-16,W001,28.7,0.6,0
2025-01-17,W001,28.7,1.3,0
2025-01-18,W001,26.2,1.6,0
2025-01-19,W001,26.5,2.0,0
2025-01-20,W001,31.2,6.2,0
2025-01-21,W001,30.3,1.8,0
2025-01-22,W001,26.6,8.9,0
2025-01-23,W001,27.2,0.1,0
2025-01-24,W001,25.7,0.8,0
2025-01-25,W001,38.5,0.4,0
2025-01-26,W001,30.4,0.4,0
2025-01-27,W001,31.9,1.1,0
2025-01-28,W001,29.6,7.1,0
2025-01-29,W001,28.6,4.5,0
2025-01-30,W001,25.6,0.6,0
2025-01-31,W001,37.1,0.2,0
2025-02-01,W001,36.7,1.2,0
2025-02-02,W001,34.3,1.2,0
2025-02-03,W001,34.5,1.4,0
2025-02-04,W001,35.3,0.6,0
2025-02-05,W001,38.5,3.0,0
2025-02-06,W001,31.1,0.2,0
2025-02-07,W001,35.3,1.1,0
2025-02-08,W001,35.8,1.0,0
2025-02-09,W001,33.3,0.5,0
2025-02-10,W001,34.9,0.4,0
2025-02-11,W001,35.4,0.0,0
2025-02-12,W001,37.0,1.2,0
2025-02-13,W001,30.7,0.7,0
2025-02-14,W001,35.9,1.5,0
2025-02-15,W001,34.1,2.2,0
2025-02-16,W001,32.3,1.2,0
2025-02-17,W001,36.3,0.5,0
2025-02-18,W001,36.0,2.4,0
2025-02-19,W001,36.4,0.5,0
2025-02-20,W001,37.1,5.0,0
2025-02-21,W001,37.1,1.9,0
2025-02-22,W001,38.6,0.9,0
2025-02-23,W001,33.5,3.9,0
2025-02-24,W001,34.7,0.7,0
2025-02-25,W001,36.1,6.7,0
2025-02-26,W001,35.0,2.2,0
2025-02-27,W001,28.4,0.1,0
2025-02-28,W001,32.5,0.3,0
2025-03-01,W001,38.3,5.7,0
2025-03-02,W001,37.9,0.7,0
2025-03-03,W001,37.5,0.3,0
2025-03-04,W001,34.7,1.8,0
2025-03-05,W001,33.6,1.1,0
2025-03-06,W001,36.1,4.0,0
2025-03-07,W001,33.5,0.9,0
2025-03-08,W001,40.9,0.9,0
2025-03-09,W001,36.5,0.0,0
2025-03-10,W001,33.1,0.4,0
2025-03-11,W001,34.4,2.3,0
2025-03-12,W001,35.6,1.5,0
2025-03-13,W001,33.4,2.3,0
2025-03-14,W001,37.1,1.1,0
2025-03-15,W001,37.4,4.8,0
2025-03-16,W001,36.1,0.2,0
2025-03-17,W001,34.4,1.0,0
2025-03-18,W001,28.6,0.3,0
2025-03-19,W001,35.2,1.6,0
2025-03-20,W001,34.5,0.4,0
2025-03-21,W001,33.1,0.4,0
2025-03-22,W001,40.8,1.5,0
2025-03-23,W001,36.5,2.8,0
2025-03-24,W001,37.4,2.0,0
2025-03-25,W001,37.3,0.8,0
2025-03-26,W001,34.8,0.0,0
2025-03-27,W001,33.9,1.0,0
2025-03-28,W001,40.0,0.6,0
2025-03-29,W001,35.6,4.5,0
2025-03-30,W001,35.5,3.7,0
2025-03-31,W001,33.0,4.0,0
2025-04-01,W001,43.1,0.6,1
2025-04-02,W001,38.9,1.8,0
2025-04-03,W001,34.7,2.2,0
2025-04-04,W001,34.8,0.4,0
2025-04-05,W001,32.7,4.9,0
2025-04-06,W001,38.7,1.8,0
2025-04-07,W001,36.6,1.7,0
2025-04-08,W001,37.3,0.1,0
2025-04-09,W001,35.1,0.2,0
2025-04-10,W001,34.5,1.4,0
2025-04-11,W001,37.2,1.5,0
2025-04-12,W001,34.2,2.7,0
2025-04-13,W001,39.4,1.2,0
2025-04-14,W001,38.0,0.0,0
2025-04-15,W001,38.2,0.9,0
2025-04-16,W001,38.2,2.6,0
2025-04-17,W001,33.2,0.1,0
2025-04-18,W001,39.2,1.7,0
2025-04-19,W001,36.2,2.0,0
2025-04-20,W001,31.6,0.7,0
2025-04-21,W001,33.5,0.6,0
2025-04-22,W001,35.9,0.1,0
2025-04-23,W001,42.6,4.0,1
2025-04-24,W001,37.0,4.6,0
2025-04-25,W001,37.6,1.8,0
2025-04-26,W001,38.7,0.4,0
2025-04-27,W001,34.8,0.2,0
2025-04-28,W001,41.4,1.5,0
2025-04-29,W001,33.7,3.4,0
2025-04-30,W001,35.7,0.3,0
2025-05-01,W001,34.0,0.7,0
2025-05-02,W001,33.9,0.0,0
2025-05-03,W001,38.5,4.7,0
2025-05-04,W001,29.8,0.0,0
2025-05-05,W001,38.7,1.9,0
2025-05-06,W001,35.5,0.5,0
2025-05-07,W001,39.3,1.7,0
2025-05-08,W001,40.7,1.1,0
2025-05-09,W001,31.7,1.6,0
2025-05-10,W001,32.8,1.9,0
2025-05-11,W001,37.0,2.5,0
2025-05-12,W001,31.5,1.0,0
2025-05-13,W001,38.5,0.8,0
2025-05-14,W001,39.6,3.2,0
2025-05-15,W001,30.7,1.3,0
2025-05-16,W001,39.7,0.6,0
2025-05-17,W001,32.1,0.7,0
2025-05-18,W001,33.7,0.4,0
2025-05-19,W001,33.8,0.0,0
2025-05-20,W001,33.1,2.1,0
2025-05-21,W001,30.3,3.5,0
2025-05-22,W001,33.5,0.4,0
2025-05-23,W001,37.8,0.7,0
2025-05-24,W001,36.7,4.7,0
2025-05-25,W001,30.5,0.0,0
2025-05-26,W001,33.8,2.0,0
2025-05-27,W001,37.4,2.7,0
2025-05-28,W001,29.0,0.9,0
2025-05-29,W001,40.0,0.4,0
2025-05-30,W001,34.6,14.5,0
2025-05-31,W001,34.3,2.8,0
2025-06-01,W001,31.0,7.0,0
2025-06-02,W001,32.6,1.5,0
2025-06-03,W001,27.5,1.1,0
2025-06-04,W001,32.0,5.3,0
2025-06-05,W001,31.1,0.7,0
2025-06-06,W001,31.7,0.6,0
2025-06-07,W001,30.9,0.7,0
2025-06-08,W001,32.3,0.0,0
2025-06-09,W001,34.5,3.6,0
2025-06-10,W001,32.9,1.2,0
2025-06-11,W001,28.4,2.3,0
2025-06-12,W001,30.0,0.5,0
2025-06-13,W001,28.4,2.5,0
2025-06-14,W001,26.6,2.8,0
2025-06-15,W001,28.1,0.3,0
2025-06-16,W001,31.6,9.9,0
2025-06-17,W001,35.4,0.8,0
2025-06-18,W001,28.0,5.1,0
2025-06-19,W001,33.0,0.7,0
2025-06-20,W001,31.1,1.1,0
2025-06-21,W001,30.1,3.4,0
2025-06-22,W001,27.8,1.7,0
2025-06-23,W001,24.5,2.6,0
2025-06-24,W001,28.9,0.8,0
2025-06-25,W001,28.4,0.8,0
2025-06-26,W001,31.0,1.6,0
2025-06-27,W001,28.2,1.0,0
2025-06-28,W001,30.8,1.2,0
2025-06-29,W001,29.2,4.8,0
2025-06-30,W001,29.4,0.9,0
2025-07-01,W001,26.4,1.6,0
2025-07-02,W001,28.0,9.5,0
2025-07-03,W001,30.6,3.2,0
2025-07-04,W001,25.7,4.1,0
2025-07-05,W001,30.7,1.6,0
2025-07-06,W001,28.4,2.1,0
2025-07-07,W001,24.2,1.8,0
2025-07-08,W001,23.7,3.9,0
2025-07-09,W001,24.9,4.7,0
2025-07-10,W001,25.5,0.4,0
2025-07-11,W001,30.7,0.2,0
2025-07-12,W001,24.5,1.1,0
2025-07-13,W001,23.9,3.5,0
2025-07-14,W001,25.6,4.5,0
2025-07-15,W001,30.0,3.1,0
2025-07-16,W001,25.6,5.8,0
2025-07-17,W001,26.3,4.5,0
2025-07-18,W001,27.5,5.8,0
2025-07-19,W001,21.7,4.1,0
2025-07-20,W001,28.0,8.9,0
2025-07-21,W001,26.2,11.2,0
2025-07-22,W001,20.5,0.2,0
2025-07-23,W001,26.2,4.7,0
2025-07-24,W001,22.8,0.9,0
2025-07-25,W001,23.4,4.5,0
2025-07-26,W001,20.9,2.1,0
2025-07-27,W001,30.0,0.6,0
2025-07-28,W001,22.4,0.7,0
2025-07-29,W001,18.1,1.8,0
2025-07-30,W001,18.8,9.0,0
2025-07-31,W001,22.5,1.6,0
2025-08-01,W001,23.0,0.9,0
2025-08-02,W001,22.5,1.6,0
2025-08-03,W001,25.3,2.6,0
2025-08-04,W001,18.2,2.0,0
2025-08-05,W001,19.6,0.9,0
2025-08-06,W001,19.9,0.4,0
2025-08-07,W001,17.1,5.0,0
2025-08-08,W001,16.5,3.2,0
2025-08-09,W001,22.7,2.1,0
2025-08-10,W001,24.2,2.9,0
2025-08-11,W001,19.6,0.1,0
2025-08-12,W001,21.9,0.3,0
2025-08-13,W001,21.7,2.1,0
2025-08-14,W001,22.1,3.6,0
2025-08-15,W001,26.7,2.0,0
2025-08-16,W001,16.7,7.2,0
2025-08-17,W001,21.5,6.0,0
2025-08-18,W001,20.1,6.4,0
2025-08-19,W001,25.5,0.6,0
2025-08-20,W001,17.7,1.1,0
2025-08-21,W001,20.3,5.4,0
2025-08-22,W001,22.3,2.3,0
2025-08-23,W001,21.7,3.9,0
2025-08-24,W001,20.6,5.7,0
2025-08-25,W001,20.4,0.2,0
2025-08-26,W001,17.2,1.8,0
2025-08-27,W001,19.1,1.5,0
2025-08-28,W001,18.3,3.6,0
2025-08-29,W001,19.9,0.4,0
2025-08-30,W001,20.2,3.5,0
2025-08-31,W001,20.9,1.1,0
2025-09-01,W001,18.0,0.8,0
2025-09-02,W001,21.9,2.8,0
2025-09-03,W001,17.9,3.4,0
2025-09-04,W001,19.7,11.5,0
2025-09-05,W001,16.0,2.1,0
2025-09-06,W001,21.8,0.0,0
2025-09-07,W001,16.7,2.7,0
2025-09-08,W001,21.5,1.1,0
2025-09-09,W001,17.2,1.7,0
2025-09-10,W001,16.3,2.8,0
2025-09-11,W001,18.6,0.4,0
2025-09-12,W001,18.9,2.9,0
2025-09-13,W001,17.2,1.6,0
2025-09-14,W001,11.8,6.1,0
2025-09-15,W001,17.9,0.7,0
2025-09-16,W001,15.9,0.6,0
2025-09-17,W001,19.3,2.3,0
2025-09-18,W001,20.5,7.0,0
2025-09-19,W001,19.8,0.2,0
2025-09-20,W001,22.0,0.4,0
2025-09-21,W001,24.1,0.8,0
2025-09-22,W001,11.0,2.8,0
2025-09-23,W001,17.9,0.3,0
2025-09-24,W001,16.3,2.0,0
2025-09-25,W001,13.2,0.6,0
2025-09-26,W001,18.6,4.2,0
2025-09-27,W001,15.4,5.5,0
2025-09-28,W001,20.6,1.6,0
2025-09-29,W001,19.9,0.3,0
2025-09-30,W001,16.2,1.8,0
2025-10-01,W001,12.4,0.4,0
2025-10-02,W001,11.9,1.2,0
2025-10-03,W001,14.7,3.7,0
2025-10-04,W001,19.8,0.6,0
2025-10-05,W001,20.4,1.8,0
2025-10-06,W001,14.3,1.2,0
2025-10-07,W001,12.4,2.0,0
2025-10-08,W001,22.2,0.5,0
2025-10-09,W001,11.8,7.6,0
2025-10-10,W001,17.7,1.5,0
2025-10-11,W001,14.9,2.9,0
2025-10-12,W001,18.4,1.3,0
2025-10-13,W001,15.3,1.2,0
2025-10-14,W001,13.5,0.7,0
2025-10-15,W001,17.0,3.6,0
2025-10-16,W001,16.3,0.8,0
2025-10-17,W001,17.9,2.0,0
2025-10-18,W001,25.3,1.5,0
2025-10-19,W001,18.1,2.2,0
2025-10-20,W001,20.8,3.4,0
2025-10-21,W001,13.8,0.5,0
2025-10-22,W001,11.0,3.8,0
2025-10-23,W001,17.0,3.3,0
2025-10-24,W001,22.8,2.1,0
2025-10-25,W001,18.6,1.2,0
2025-10-26,W001,22.0,4.5,0
2025-10-27,W001,26.3,1.9,0
2025-10-28,W001,16.6,0.6,0
2025-10-29,W001,23.0,2.3,0
2025-10-30,W001,21.3,0.4,0
2025-10-31,W001,14.6,0.7,0
2025-11-01,W001,19.9,1.3,0
2025-11-02,W001,17.1,0.1,0
2025-11-03,W001,16.0,4.3,0
2025-11-04,W001,19.8,2.2,0
2025-11-05,W001,19.8,0.5,0
2025-11-06,W001,17.1,1.0,0
2025-11-07,W001,19.9,4.3,0
2025-11-08,W001,20.8,0.8,0
2025-11-09,W001,19.6,3.0,0
2025-11-10,W001,21.4,1.9,0
2025-11-11,W001,20.0,0.7,0
2025-11-12,W001,12.6,0.3,0
2025-11-13,W001,19.4,5.2,0
2025-11-14,W001,20.1,5.9,0
2025-11-15,W001,22.6,0.2,0
2025-11-16,W001,25.9,0.3,0
2025-11-17,W001,26.4,3.2,0
2025-11-18,W001,17.1,1.9,0
2025-11-19,W001,18.9,4.0,0
2025-11-20,W001,25.1,10.0,0
2025-11-21,W001,19.3,0.9,0
2025-11-22,W001,21.1,2.0,0
2025-11-23,W001,24.4,3.4,0
2025-11-24,W001,26.1,6.0,0
2025-11-25,W001,21.9,0.5,0
2025-11-26,W001,15.1,1.5,0
2025-11-27,W001,18.7,3.6,0
2025-11-28,W001,21.2,0.1,0
2025-11-29,W001,21.8,2.9,0
2025-11-30,W001,22.4,1.1,0
2025-12-01,W001,17.2,1.1,0
2025-12-02,W001,25.5,0.7,0
2025-12-03,W001,24.8,0.8,0
2025-12-04,W001,16.9,1.6,0
2025-12-05,W001,20.3,1.7,0
2025-12-06,W001,22.6,0.2,0
2025-12-07,W001,24.5,3.5,0
2025-12-08,W001,26.5,0.3,0
2025-12-09,W001,23.6,1.1,0
2025-12-10,W001,16.8,0.4,0
2025-12-11,W001,24.3,0.5,0
2025-12-12,W001,22.7,0.8,0
2025-12-13,W001,23.2,4.5,0
2025-12-14,W001,22.8,4.4,0
2025-12-15,W001,24.3,0.8,0
2025-12-16,W001,22.8,2.1,0
2025-12-17,W001,26.4,1.3,0
2025-12-18,W001,26.3,2.0,0
2025-12-19,W001,25.5,2.1,0
2025-12-20,W001,28.1,0.4,0
2025-12-21,W001,23.5,3.0,0
2025-12-22,W001,25.6,2.2,0
2025-12-23,W001,26.8,3.1,0
2025-12-24,W001,19.2,1.5,0
2025-12-25,W001,30.6,0.5,0
2025-12-26,W001,21.1,1.5,0
2025-12-27,W001,27.1,2.6,0
2025-12-28,W001,24.0,2.5,0
2025-12-29,W001,32.1,0.4,0
2025-12-30,W001,26.6,0.4,0
2025-12-31,W001,34.0,3.1,0
2023-01-01,W002,30.7,5.0,0
2023-01-02,W002,26.4,1.2,0
2023-01-03,W002,27.4,0.2,0
2023-01-04,W002,31.4,3.7,0
2023-01-05,W002,29.1,0.7,0
2023-01-06,W002,33.3,2.0,0
2023-01-07,W002,23.5,1.1,0
2023-01-08,W002,23.7,1.4,0
2023-01-09,W002,28.8,2.1,0
2023-01-10,W002,27.7,4.5,0
2023-01-11,W002,27.6,6.1,0
2023-01-12,W002,29.0,0.0,0
2023-01-13,W002,31.7,0.1,0
2023-01-14,W002,25.5,0.3,0
2023-01-15,W002,28.9,2.4,0
2023-01-16,W002,33.1,0.2,0
2023-01-17,W002,29.7,3.6,0
2023-01-18,W002,26.9,1.7,0
2023-01-19,W002,28.4,2.3,0
2023-01-20,W002,31.0,4.2,0
2023-01-21,W002,25.5,12.0,0
2023-01-22,W002,39.2,3.5,0
2023-01-23,W002,25.8,1.9,0
2023-01-24,W002,28.7,1.4,0
2023-01-25,W002,26.5,2.2,0
2023-01-26,W002,30.2,0.9,0
2023-01-27,W002,27.3,0.1,0
2023-01-28,W002,28.2,0.8,0
2023-01-29,W002,28.8,1.5,0
2023-01-30,W002,33.8,2.3,0
2023-01-31,W002,26.3,4.7,0
2023-02-01,W002,31.7,0.2,0
2023-02-02,W002,29.8,3.4,0
2023-02-03,W002,33.6,3.7,0
2023-02-04,W002,31.5,0.6,0
2023-02-05,W002,27.8,1.6,0
2023-02-06,W002,32.3,5.3,0
2023-02-07,W002,28.9,1.0,0
2023-02-08,W002,31.0,0.3,0
2023-02-09,W002,27.9,0.0,0
2023-02-10,W002,35.7,1.2,0
2023-02-11,W002,35.8,2.2,0
2023-02-12,W002,33.2,0.2,0
2023-02-13,W002,31.1,0.0,0
2023-02-14,W002,32.6,1.3,0
2023-02-15,W002,34.6,0.2,0
2023-02-16,W002,34.1,1.7,0
2023-02-17,W002,33.4,0.1,0
2023-02-18,W002,33.3,1.3,0
2023-02-19,W002,31.7,2.7,0
2023-02-20,W002,30.6,1.8,0
2023-02-21,W002,34.9,1.7,0
2023-02-22,W002,32.2,0.4,0
2023-02-23,W002,32.3,2.0,0
2023-02-24,W002,33.5,3.1,0
2023-02-25,W002,38.4,1.0,0
2023-02-26,W002,32.4,5.1,0
2023-02-27,W002,37.2,1.1,0
2023-02-28,W002,34.9,0.9,0
2023-03-01,W002,37.2,0.6,0
2023-03-02,W002,33.6,1.5,0
2023-03-03,W002,33.9,1.4,0
2023-03-04,W002,39.5,1.4,0
2023-03-05,W002,36.3,0.4,0
2023-03-06,W002,36.2,0.6,0
2023-03-07,W002,31.0,4.2,0
2023-03-08,W002,36.9,1.6,0
2023-03-09,W002,37.7,0.8,0
2023-03-10,W002,35.2,5.4,0
2023-03-11,W002,37.5,11.1,0
2023-03-12,W002,36.1,3.2,0
2023-03-13,W002,34.3,0.0,0
2023-03-14,W002,36.7,3.1,0
2023-03-15,W002,36.9,16.1,1
2023-03-16,W002,31.5,0.9,0
2023-03-17,W002,31.5,3.1,0
2023-03-18,W002,41.0,1.0,0
2023-03-19,W002,37.0,0.4,0
2023-03-20,W002,40.3,0.6,0
2023-03-21,W002,29.7,2.1,0
2023-03-22,W002,34.5,2.0,0
2023-03-23,W002,37.8,2.3,0
2023-03-24,W002,40.0,1.5,0
2023-03-25,W002,37.7,1.2,0
2023-03-26,W002,31.4,0.1,0
2023-03-27,W002,36.3,1.5,0
2023-03-28,W002,38.7,0.5,0
2023-03-29,W002,36.9,3.6,0
2023-03-30,W002,32.9,1.4,0
2023-03-31,W002,30.6,1.3,0
2023-04-01,W002,31.5,2.3,0
2023-04-02,W002,37.6,2.3,0
2023-04-03,W002,32.4,1.5,0
2023-04-04,W002,34.1,1.4,0
2023-04-05,W002,35.2,1.1,0
2023-04-06,W002,35.5,5.6,0
2023-04-07,W002,33.1,1.2,0
2023-04-08,W002,36.5,1.5,0
2023-04-09,W002,36.0,2.0,0
2023-04-10,W002,37.8,0.7,0
2023-04-11,W002,36.1,1.0,0
2023-04-12,W002,36.9,5.3,0
2023-04-13,W002,28.8,5.1,0
2023-04-14,W002,33.8,2.5,0
2023-04-15,W002,37.5,1.5,0
2023-04-16,W002,33.0,11.4,0
2023-04-17,W002,39.3,0.8,0
2023-04-18,W002,37.7,0.5,0
2023-04-19,W002,31.9,0.2,0
2023-04-20,W002,32.6,3.9,0
2023-04-21,W002,35.2,1.4,0
2023-04-22,W002,39.1,1.1,0
2023-04-23,W002,36.3,0.8,0
2023-04-24,W002,34.7,1.6,0
2023-04-25,W002,28.9,0.4,0
2023-04-26,W002,32.1,1.6,0
2023-04-27,W002,38.2,0.9,0
2023-04-28,W002,36.7,0.6,0
2023-04-29,W002,33.4,0.2,0
2023-04-30,W002,37.0,0.1,0
2023-05-01,W002,27.8,0.9,0
2023-05-02,W002,34.3,1.4,0
2023-05-03,W002,35.9,2.5,0
2023-05-04,W002,35.4,0.5,0
2023-05-05,W002,36.3,6.2,0
2023-05-06,W002,32.6,1.5,0
2023-05-07,W002,28.7,0.8,0
2023-05-08,W002,36.3,2.7,0
2023-05-09,W002,37.3,0.1,0
2023-05-10,W002,41.3,5.9,0
2023-05-11,W002,33.9,0.3,0
2023-05-12,W002,35.4,1.6,0
2023-05-13,W002,33.0,3.5,0
2023-05-14,W002,30.1,0.6,0
2023-05-15,W002,31.4,3.1,0
2023-05-16,W002,32.3,3.3,0
2023-05-17,W002,32.0,0.0,0
2023-05-18,W002,32.9,5.1,0
2023-05-19,W002,29.9,2.4,0
2023-05-20,W002,31.6,0.1,0
2023-05-21,W002,33.9,0.7,0
2023-05-22,W002,37.9,0.8,0
2023-05-23,W002,34.4,0.0,0
2023-05-24,W002,31.5,0.8,0
2023-05-25,W002,25.5,2.0,0
2023-05-26,W002,32.8,1.2,0
2023-05-27,W002,31.7,1.8,0
2023-05-28,W002,23.7,1.5,0
2023-05-29,W002,31.3,0.0,0
2023-05-30,W002,34.1,9.1,0
2023-05-31,W002,21.8,0.7,0
2023-06-01,W002,36.0,3.1,0
2023-06-02,W002,32.2,0.8,0
2023-06-03,W002,31.5,0.4,0
2023-06-04,W002,29.2,2.9,0
2023-06-05,W002,24.2,0.2,0
2023-06-06,W002,28.1,0.4,0
2023-06-07,W002,35.0,5.2,0
2023-06-08,W002,27.6,2.0,0
2023-06-09,W002,31.0,3.4,0
2023-06-10,W002,27.0,1.1,0
2023-06-11,W002,30.3,2.7,0
2023-06-12,W002,28.0,0.4,0
2023-06-13,W002,33.7,0.5,0
2023-06-14,W002,30.6,3.0,0
2023-06-15,W002,27.8,1.6,0
2023-06-16,W002,22.8,1.7,0
2023-06-17,W002,24.4,2.6,0
2023-06-18,W002,26.4,0.4,0
2023-06-19,W002,24.2,2.2,0
2023-06-20,W002,29.1,1.3,0
2023-06-21,W002,32.5,5.0,0
2023-06-22,W002,29.1,0.6,0
2023-06-23,W002,30.6,1.3,0
2023-06-24,W002,26.6,3.0,0
2023-06-25,W002,25.5,0.6,0
2023-06-26,W002,26.5,0.9,0
2023-06-27,W002,28.6,5.7,0
2023-06-28,W002,19.7,7.0,0
2023-06-29,W002,24.3,4.4,0
2023-06-30,W002,28.8,2.8,0
2023-07-01,W002,21.5,2.6,0
2023-07-02,W002,24.3,0.9,0
2023-07-03,W002,23.5,2.8,0
2023-07-04,W002,24.5,6.4,0
2023-07-05,W002,21.2,8.6,0
2023-07-06,W002,27.8,0.5,0
2023-07-07,W002,22.6,5.0,0
2023-07-08,W002,23.7,1.8,0
2023-07-09,W002,26.2,8.1,0
2023-07-10,W002,25.2,3.3,0
2023-07-11,W002,23.7,2.5,0
2023-07-12,W002,26.1,5.5,0
2023-07-13,W002,22.6,6.1,0
2023-07-14,W002,23.1,11.6,0
2023-07-15,W002,25.1,3.1,0
2023-07-16,W002,26.1,8.1,0
2023-07-17,W002,26.7,3.8,0
2023-07-18,W002,26.9,1.0,0
2023-07-19,W002,24.1,0.8,0
2023-07-20,W002,29.3,1.4,0
2023-07-21,W002,22.1,0.2,0
2023-07-22,W002,18.7,3.2,0
2023-07-23,W002,24.8,1.7,0
2023-07-24,W002,25.4,0.1,0
2023-07-25,W002,27.1,3.6,0
2023-07-26,W002,24.7,0.2,0
2023-07-27,W002,26.2,0.3,0
2023-07-28,W002,13.7,4.6,0
2023-07-29,W002,25.2,0.7,0
2023-07-30,W002,18.3,3.9,0
2023-07-31,W002,14.5,0.4,0
2023-08-01,W002,20.7,0.9,0
2023-08-02,W002,22.6,5.5,0
2023-08-03,W002,22.2,4.5,0
2023-08-04,W002,19.0,0.7,0
2023-08-05,W002,19.1,4.5,0
2023-08-06,W002,12.7,1.6,0
2023-08-07,W002,22.3,6.1,0
2023-08-08,W002,16.7,2.1,0
2023-08-09,W002,21.6,3.9,0
2023-08-10,W002,18.6,1.1,0
2023-08-11,W002,23.6,3.1,0
2023-08-12,W002,18.4,6.4,0
2023-08-13,W002,21.8,2.2,0
2023-08-14,W002,16.8,0.8,0
2023-08-15,W002,18.6,4.0,0
2023-08-16,W002,19.6,5.1,0
2023-08-17,W002,19.8,3.6,0
2023-08-18,W002,14.9,2.6,0
2023-08-19,W002,20.5,6.9,0
2023-08-20,W002,15.1,1.3,0
2023-08-21,W002,15.6,0.5,0
2023-08-22,W002,20.5,5.2,0
2023-08-23,W002,20.4,2.2,0
2023-08-24,W002,12.5,1.9,0
2023-08-25,W002,20.8,0.3,0
2023-08-26,W002,20.9,0.8,0
2023-08-27,W002,17.5,2.0,0
2023-08-28,W002,16.4,0.3,0
2023-08-29,W002,17.2,5.0,0
2023-08-30,W002,19.2,1.5,0
2023-08-31,W002,10.1,2.9,0
2023-09-01,W002,21.9,8.9,0
2023-09-02,W002,18.6,0.3,0
2023-09-03,W002,18.1,2.3,0
2023-09-04,W002,13.5,3.6,0
2023-09-05,W002,19.0,0.1,0
2023-09-06,W002,19.5,2.3,0
2023-09-07,W002,17.5,1.5,0
2023-09-08,W002,20.4,0.5,0
2023-09-09,W002,20.1,2.0,0
2023-09-10,W002,12.8,0.2,0
2023-09-11,W002,14.4,0.9,0
2023-09-12,W002,17.9,0.1,0
2023-09-13,W002,20.4,1.6,0
2023-09-14,W002,14.7,1.1,0
2023-09-15,W002,20.3,1.3,0
2023-09-16,W002,15.0,1.2,0
2023-09-17,W002,15.0,2.1,0
2023-09-18,W002,14.5,3.8,0
2023-09-19,W002,11.3,1.0,0
2023-09-20,W002,11.9,0.6,0
2023-09-21,W002,18.1,2.6,0
2023-09-22,W002,17.9,0.1,0
2023-09-23,W002,14.4,4.8,0
2023-09-24,W002,11.5,1.2,0
2023-09-25,W002,17.8,0.9,0
2023-09-26,W002,16.4,1.9,0
2023-09-27,W002,13.8,0.9,0
2023-09-28,W002,15.9,5.7,0
2023-09-29,W002,10.4,0.6,0
2023-09-30,W002,17.4,0.1,0
2023-10-01,W002,14.8,3.1,0
2023-10-02,W002,15.8,3.6,0
2023-10-03,W002,15.1,4.8,0
2023-10-04,W002,17.5,2.6,0
2023-10-05,W002,22.6,3.4,0
2023-10-06,W002,18.7,2.1,0
2023-10-07,W002,20.1,2.5,0
2023-10-08,W002,17.7,0.1,0
2023-10-09,W002,19.1,0.5,0
2023-10-10,W002,10.9,0.4,0
2023-10-11,W002,13.5,1.8,0
2023-10-12,W002,17.9,0.2,0
2023-10-13,W002,16.3,0.5,0
2023-10-14,W002,15.4,0.9,0
2023-10-15,W002,17.2,0.5,0
2023-10-16,W002,17.2,0.4,0
2023-10-17,W002,18.6,1.4,0
2023-10-18,W002,15.5,5.3,0
2023-10-19,W002,17.7,1.8,0
2023-10-20,W002,14.4,1.3,0
2023-10-21,W002,16.7,1.0,0
2023-10-22,W002,12.9,4.6,0
2023-10-23,W002,18.0,0.2,0
2023-10-24,W002,17.7,1.1,0
2023-10-25,W002,17.2,0.9,0
2023-10-26,W002,15.5,0.5,0
2023-10-27,W002,14.7,1.9,0
2023-10-28,W002,20.4,2.7,0
2023-10-29,W002,18.4,1.3,0
2023-10-30,W002,19.2,0.7,0
2023-10-31,W002,13.2,1.4,0
2023-11-01,W002,19.9,0.8,0
2023-11-02,W002,18.9,2.0,0
2023-11-03,W002,18.1,0.1,0
2023-11-04,W002,15.7,2.4,0
2023-11-05,W002,18.8,1.3,0
2023-11-06,W002,19.0,1.2,0
2023-11-07,W002,19.8,3.9,0
2023-11-08,W002,17.4,2.7,0
2023-11-09,W002,21.1,0.2,0
2023-11-10,W002,16.3,0.7,0
2023-11-11,W002,15.2,2.8,0
2023-11-12,W002,18.9,3.2,0
2023-11-13,W002,18.8,1.5,0
2023-11-14,W002,18.0,3.5,0
2023-11-15,W002,19.8,3.6,0
2023-11-16,W002,17.0,6.7,0
2023-11-17,W002,17.6,8.3,0
2023-11-18,W002,24.0,0.0,0
2023-11-19,W002,14.1,2.6,0
2023-11-20,W002,20.8,1.2,0
2023-11-21,W002,18.9,0.7,0
2023-11-22,W002,13.2,1.9,0
2023-11-23,W002,18.9,7.1,0
2023-11-24,W002,24.0,0.2,0
2023-11-25,W002,23.5,2.0,0
2023-11-26,W002,23.5,1.4,0
2023-11-27,W002,16.1,0.7,0
2023-11-28,W002,25.6,1.0,0
2023-11-29,W002,25.1,2.1,0
2023-11-30,W002,21.8,2.3,0
2023-12-01,W002,16.4,3.5,0
2023-12-02,W002,22.8,1.1,0
2023-12-03,W002,20.0,1.9,0
2023-12-04,W002,20.2,3.6,0
2023-12-05,W002,24.2,1.7,0
2023-12-06,W002,20.4,0.7,0
2023-12-07,W002,18.9,0.7,0
2023-12-08,W002,21.5,1.5,0
2023-12-09,W002,20.8,5.8,0
2023-12-10,W002,26.3,0.3,0
2023-12-11,W002,25.1,0.7,0
2023-12-12,W002,16.9,0.2,0
2023-12-13,W002,22.9,1.9,0
2023-12-14,W002,18.5,2.6,0
2023-12-15,W002,20.8,2.1,0
2023-12-16,W002,22.3,1.1,0
2023-12-17,W002,26.6,3.5,0
2023-12-18,W002,20.7,6.8,0
2023-12-19,W002,27.2,4.3,0
2023-12-20,W002,22.7,1.3,0
2023-12-21,W002,22.8,0.6,0
2023-12-22,W002,20.2,5.2,0
2023-12-23,W002,28.0,0.7,0
2023-12-24,W002,27.0,0.6,0
2023-12-25,W002,27.0,3.8,0
2023-12-26,W002,28.8,4.4,0
2023-12-27,W002,26.5,1.3,0
2023-12-28,W002,27.3,1.3,0
2023-12-29,W002,28.0,2.0,0
2023-12-30,W002,27.7,0.2,0
2023-12-31,W002,28.2,1.0,0
2024-01-01,W002,32.3,2.3,0
2024-01-02,W002,28.6,3.7,0
2024-01-03,W002,24.3,0.4,0
2024-01-04,W002,28.6,0.0,0
2024-01-05,W002,24.3,4.1,0
2024-01-06,W002,26.0,1.5,0
2024-01-07,W002,23.6,3.5,0
2024-01-08,W002,27.3,5.3,0
2024-01-09,W002,23.2,0.2,0
2024-01-10,W002,26.6,0.4,0
2024-01-11,W002,24.6,1.3,0
2024-01-12,W002,25.9,0.5,0
2024-01-13,W002,24.1,0.6,0
2024-01-14,W002,30.8,0.1,0
2024-01-15,W002,31.1,0.5,0
2024-01-16,W002,31.3,0.1,0
2024-01-17,W002,32.6,6.0,0
2024-01-18,W002,30.0,0.3,0
2024-01-19,W002,25.3,1.7,0
2024-01-20,W002,29.9,0.8,0
2024-01-21,W002,32.2,2.4,0
2024-01-22,W002,28.1,0.4,0
2024-01-23,W002,29.5,2.2,0
2024-01-24,W002,28.9,0.6,0
2024-01-25,W002,31.4,1.0,0
2024-01-26,W002,25.2,1.9,0
2024-01-27,W002,28.6,1.8,0
2024-01-28,W002,24.7,1.4,0
2024-01-29,W002,36.3,5.0,0
2024-01-30,W002,35.1,1.3,0
2024-01-31,W002,25.6,0.3,0
2024-02-01,W002,27.7,1.0,0
2024-02-02,W002,36.5,2.6,0
2024-02-03,W002,32.3,0.7,0
2024-02-04,W002,31.7,7.4,0
2024-02-05,W002,29.3,0.6,0
2024-02-06,W002,30.7,0.7,0
2024-02-07,W002,31.7,1.6,0
2024-02-08,W002,33.6,3.7,0
2024-02-09,W002,36.9,1.3,0
2024-02-10,W002,38.0,4.6,0
2024-02-11,W002,30.7,0.8,0
2024-02-12,W002,36.7,0.8,0
2024-02-13,W002,33.5,0.2,0
2024-02-14,W002,36.6,0.1,0
2024-02-15,W002,33.4,7.4,0
2024-02-16,W002,32.9,2.5,0
2024-02-17,W002,37.4,7.9,0
2024-02-18,W002,37.1,3.5,0
2024-02-19,W002,35.3,1.4,0
2024-02-20,W002,35.0,0.9,0
2024-02-21,W002,34.1,1.9,0
2024-02-22,W002,30.3,1.3,0
2024-02-23,W002,31.2,2.7,0
2024-02-24,W002,35.8,1.2,0
2024-02-25,W002,30.1,2.6,0
2024-02-26,W002,33.2,0.2,0
2024-02-27,W002,36.4,2.3,0
2024-02-28,W002,36.3,0.1,0
2024-02-29,W002,33.7,4.4,0
2024-03-01,W002,40.5,7.2,0
2024-03-02,W002,34.9,2.0,0
2024-03-03,W002,35.3,0.4,0
2024-03-04,W002,33.1,0.9,0
2024-03-05,W002,38.0,0.9,0
2024-03-06,W002,40.8,0.7,0
2024-03-07,W002,33.3,0.0,0
2024-03-08,W002,29.8,0.8,0
2024-03-09,W002,34.0,0.6,0
2024-03-10,W002,32.6,9.4,0
2024-03-11,W002,40.4,1.7,0
2024-03-12,W002,37.2,1.0,0
2024-03-13,W002,37.0,0.3,0
2024-03-14,W002,34.8,4.4,0
2024-03-15,W002,37.9,0.6,0
2024-03-16,W002,32.6,2.0,0
2024-03-17,W002,34.4,0.2,0
2024-03-18,W002,35.6,0.2,0
2024-03-19,W002,35.2,1.1,0
2024-03-20,W002,33.7,0.9,0
2024-03-21,W002,33.2,0.8,0
2024-03-22,W002,38.4,0.2,0
2024-03-23,W002,37.5,2.2,0
2024-03-24,W002,39.7,0.8,0
2024-03-25,W002,36.3,0.6,0
2024-03-26,W002,29.5,1.0,0
2024-03-27,W002,34.4,0.1,0
2024-03-28,W002,37.9,1.0,0
2024-03-29,W002,34.6,0.4,0
2024-03-30,W002,35.8,1.2,0
2024-03-31,W002,37.0,0.3,0
2024-04-01,W002,36.3,2.9,0
2024-04-02,W002,30.8,3.4,0
2024-04-03,W002,36.0,1.5,0
2024-04-04,W002,34.0,1.5,0
2024-04-05,W002,38.8,6.9,0
2024-04-06,W002,39.4,7.2,0
2024-04-07,W002,38.2,6.4,0
2024-04-08,W002,32.3,0.5,0
2024-04-09,W002,36.4,0.3,0
2024-04-10,W002,32.4,0.3,0
2024-04-11,W002,37.2,0.8,0
2024-04-12,W002,35.8,1.0,0
2024-04-13,W002,39.8,1.0,0
2024-04-14,W002,33.6,5.5,0
2024-04-15,W002,38.8,1.5,0
2024-04-16,W002,35.6,0.7,0
2024-04-17,W002,40.8,2.0,0
2024-04-18,W002,29.4,12.7,0
2024-04-19,W002,36.5,2.7,0
2024-04-20,W002,39.0,6.6,0
2024-04-21,W002,40.9,2.3,0
2024-04-22,W002,37.8,4.3,0
2024-04-23,W002,34.1,14.3,0
2024-04-24,W002,29.2,1.4,0
2024-04-25,W002,32.9,0.7,0
2024-04-26,W002,35.1,1.7,0
2024-04-27,W002,37.4,0.1,0
2024-04-28,W002,40.7,3.5,0
2024-04-29,W002,33.0,0.4,0
2024-04-30,W002,35.8,0.1,0
2024-05-01,W002,38.3,2.6,0
2024-05-02,W002,31.3,0.4,0
2024-05-03,W002,37.9,3.1,0
2024-05-04,W002,29.8,1.1,0
2024-05-05,W002,42.7,3.3,1
2024-05-06,W002,34.9,0.7,0
2024-05-07,W002,38.9,0.1,0
2024-05-08,W002,33.9,0.0,0
2024-05-09,W002,34.9,5.5,0
2024-05-10,W002,33.9,0.5,0
2024-05-11,W002,36.0,2.9,0
2024-05-12,W002,31.7,1.5,0
2024-05-13,W002,29.4,2.6,0
2024-05-14,W002,31.4,2.3,0
2024-05-15,W002,39.6,4.4,0
2024-05-16,W002,34.6,0.5,0
2024-05-17,W002,28.5,1.4,0
2024-05-18,W002,29.6,2.0,0
2024-05-19,W002,33.2,0.4,0
2024-05-20,W002,34.0,2.7,0
2024-05-21,W002,34.7,0.0,0
2024-05-22,W002,35.2,0.1,0
2024-05-23,W002,31.5,1.3,0
2024-05-24,W002,36.2,0.1,0
2024-05-25,W002,32.5,0.1,0
2024-05-26,W002,33.8,0.1,0
2024-05-27,W002,31.4,0.4,0
2024-05-28,W002,35.9,5.8,0
2024-05-29,W002,33.7,1.6,0
2024-05-30,W002,28.1,1.5,0
2024-05-31,W002,34.7,3.3,0
2024-06-01,W002,31.6,0.6,0
2024-06-02,W002,32.4,0.6,0
2024-06-03,W002,27.9,3.3,0
2024-06-04,W002,28.4,1.6,0
2024-06-05,W002,29.6,0.9,0
2024-06-06,W002,36.4,0.1,0
2024-06-07,W002,35.6,3.6,0
2024-06-08,W002,33.2,0.5,0
2024-06-09,W002,29.5,1.9,0
2024-06-10,W002,26.0,3.6,0
2024-06-11,W002,29.9,2.6,0
2024-06-12,W002,26.9,3.0,0
2024-06-13,W002,25.5,1.8,0
2024-06-14,W002,28.6,2.7,0
2024-06-15,W002,29.0,0.1,0
2024-06-16,W002,25.2,2.3,0
2024-06-17,W002,27.7,5.3,0
2024-06-18,W002,28.5,1.3,0
2024-06-19,W002,34.1,3.1,0
2024-06-20,W002,23.4,0.3,0
2024-06-21,W002,27.1,1.9,0
2024-06-22,W002,30.2,2.7,0
2024-06-23,W002,28.3,0.0,0
2024-06-24,W002,32.2,0.3,0
2024-06-25,W002,26.7,2.0,0
2024-06-26,W002,27.4,1.6,0
2024-06-27,W002,27.4,0.7,0
2024-06-28,W002,23.7,0.5,0
2024-06-29,W002,21.0,0.4,0
2024-06-30,W002,28.1,3.7,0
2024-07-01,W002,28.6,1.0,0
2024-07-02,W002,26.6,0.1,0
2024-07-03,W002,22.3,5.8,0
2024-07-04,W002,24.2,3.2,0
2024-07-05,W002,24.9,0.2,0
2024-07-06,W002,21.6,4.0,0
2024-07-07,W002,21.0,12.9,0
2024-07-08,W002,25.4,0.5,0
2024-07-09,W002,30.8,5.1,0
2024-07-10,W002,21.6,3.5,0
2024-07-11,W002,27.2,1.4,0
2024-07-12,W002,24.4,0.2,0
2024-07-13,W002,21.8,1.5,0
2024-07-14,W002,27.0,0.7,0
2024-07-15,W002,24.5,5.4,0
2024-07-16,W002,21.6,4.5,0
2024-07-17,W002,26.9,8.9,0
2024-07-18,W002,24.1,1.6,0
2024-07-19,W002,26.3,2.1,0
2024-07-20,W002,25.7,6.3,0
2024-07-21,W002,22.3,3.9,0
2024-07-22,W002,23.7,3.5,0
2024-07-23,W002,18.7,4.6,0
2024-07-24,W002,15.7,2.0,0
2024-07-25,W002,24.8,0.3,0
2024-07-26,W002,18.8,0.6,0
2024-07-27,W002,22.1,2.2,0
2024-07-28,W002,21.7,2.6,0
2024-07-29,W002,24.0,1.7,0
2024-07-30,W002,22.6,4.1,0
2024-07-31,W002,24.3,1.4,0
2024-08-01,W002,21.9,2.4,0
2024-08-02,W002,24.7,0.7,0
2024-08-03,W002,23.1,0.0,0
2024-08-04,W002,21.3,0.4,0
2024-08-05,W002,23.6,1.6,0
2024-08-06,W002,21.9,0.3,0
2024-08-07,W002,19.1,11.1,0
2024-08-08,W002,23.0,0.6,0
2024-08-09,W002,19.6,0.7,0
2024-08-10,W002,19.0,1.9,0
2024-08-11,W002,16.6,5.1,0
2024-08-12,W002,16.6,1.0,0
2024-08-13,W002,15.7,0.1,0
2024-08-14,W002,24.2,1.4,0
2024-08-15,W002,18.4,8.7,0
2024-08-16,W002,16.5,12.6,0
2024-08-17,W002,15.9,0.0,0
2024-08-18,W002,22.1,12.9,0
2024-08-19,W002,17.2,1.3,0
2024-08-20,W002,20.8,3.6,0
2024-08-21,W002,20.8,0.4,0
2024-08-22,W002,17.8,0.9,0
2024-08-23,W002,10.9,2.2,0
2024-08-24,W002,13.8,1.0,0
2024-08-25,W002,16.2,0.5,0
2024-08-26,W002,20.6,8.0,0
2024-08-27,W002,19.6,0.1,0
2024-08-28,W002,16.9,0.6,0
2024-08-29,W002,19.4,5.0,0
2024-08-30,W002,16.9,3.3,0
2024-08-31,W002,17.7,3.3,0
2024-09-01,W002,17.9,1.2,0
2024-09-02,W002,19.6,0.8,0
2024-09-03,W002,20.9,1.5,0
2024-09-04,W002,16.4,1.3,0
2024-09-05,W002,20.4,0.3,0
2024-09-06,W002,14.9,4.0,0
2024-09-07,W002,18.7,1.1,0
2024-09-08,W002,20.6,5.8,0
2024-09-09,W002,14.3,2.3,0
2024-09-10,W002,17.5,5.8,0
2024-09-11,W002,15.9,4.0,0
2024-09-12,W002,21.5,0.5,0
2024-09-13,W002,14.9,0.9,0
2024-09-14,W002,19.3,0.4,0
2024-09-15,W002,16.9,0.3,0
2024-09-16,W002,15.8,0.2,0
2024-09-17,W002,10.9,7.0,0
2024-09-18,W002,16.1,0.4,0
2024-09-19,W002,17.8,0.0,0
2024-09-20,W002,11.9,1.2,0
2024-09-21,W002,14.4,1.3,0
2024-09-22,W002,18.2,1.6,0
2024-09-23,W002,13.3,0.8,0
2024-09-24,W002,14.0,3.2,0
2024-09-25,W002,20.9,8.7,0
2024-09-26,W002,14.2,0.1,0
2024-09-27,W002,17.9,3.9,0
2024-09-28,W002,18.1,2.5,0
2024-09-29,W002,14.9,2.8,0
2024-09-30,W002,17.5,0.5,0
2024-10-01,W002,16.0,0.8,0
2024-10-02,W002,19.2,0.7,0
2024-10-03,W002,10.8,1.0,0
2024-10-04,W002,16.2,7.0,0
2024-10-05,W002,21.9,1.0,0
2024-10-06,W002,16.0,2.5,0
2024-10-07,W002,21.6,2.1,0
2024-10-08,W002,15.0,0.2,0
2024-10-09,W002,15.6,2.9,0
2024-10-10,W002,22.4,4.9,0
2024-10-11,W002,11.3,3.8,0
2024-10-12,W002,18.3,0.6,0
2024-10-13,W002,17.6,2.6,0
2024-10-14,W002,18.5,3.2,0
2024-10-15,W002,12.0,1.6,0
2024-10-16,W002,15.9,0.5,0
2024-10-17,W002,13.1,6.1,0
2024-10-18,W002,15.9,0.2,0
2024-10-19,W002,16.9,3.8,0
2024-10-20,W002,15.5,1.5,0
2024-10-21,W002,20.1,2.0,0
2024-10-22,W002,18.9,0.1,0
2024-10-23,W002,16.8,2.2,0
2024-10-24,W002,13.1,0.2,0
2024-10-25,W002,20.6,1.3,0
2024-10-26,W002,14.3,12.3,0
2024-10-27,W002,19.8,1.3,0
2024-10-28,W002,16.9,5.8,0
2024-10-29,W002,14.1,1.8,0
2024-10-30,W002,18.8,2.4,0
2024-10-31,W002,25.1,0.3,0
2024-11-01,W002,15.9,1.0,0
2024-11-02,W002,16.4,0.0,0
2024-11-03,W002,19.5,3.7,0
2024-11-04,W002,18.6,2.3,0
2024-11-05,W002,21.4,1.5,0
2024-11-06,W002,11.7,1.2,0
2024-11-07,W002,17.0,0.9,0
2024-11-08,W002,20.1,0.1,0
2024-11-09,W002,20.5,7.2,0
2024-11-10,W002,12.4,0.0,0
2024-11-11,W002,19.4,9.6,0
2024-11-12,W002,18.5,2.2,0
2024-11-13,W002,16.0,1.8,0
2024-11-14,W002,12.7,0.5,0
2024-11-15,W002,17.3,2.7,0
2024-11-16,W002,16.7,0.3,0
2024-11-17,W002,16.7,3.6,0
2024-11-18,W002,15.8,0.6,0
2024-11-19,W002,23.3,6.0,0
2024-11-20,W002,21.5,3.4,0
2024-11-21,W002,18.6,0.6,0
2024-11-22,W002,20.6,1.2,0
2024-11-23,W002,22.4,0.1,0
2024-11-24,W002,20.4,0.3,0
2024-11-25,W002,27.7,0.9,0
2024-11-26,W002,18.1,2.9,0
2024-11-27,W002,22.9,1.3,0
2024-11-28,W002,19.3,5.3,0
2024-11-29,W002,22.2,5.5,0
2024-11-30,W002,18.3,0.9,0
2024-12-01,W002,20.7,0.3,0
2024-12-02,W002,23.1,1.3,0
2024-12-03,W002,25.8,0.0,0
2024-12-04,W002,23.2,3.9,0
2024-12-05,W002,16.6,0.3,0
2024-12-06,W002,23.3,0.3,0
2024-12-07,W002,18.6,0.0,0
2024-12-08,W002,22.7,0.7,0
2024-12-09,W002,22.8,6.8,0
2024-12-10,W002,22.5,2.2,0
2024-12-11,W002,22.3,1.0,0
2024-12-12,W002,24.9,2.8,0
2024-12-13,W002,20.7,0.8,0
2024-12-14,W002,16.9,0.6,0
2024-12-15,W002,18.4,2.1,0
2024-12-16,W002,22.2,0.3,0
2024-12-17,W002,30.3,1.5,0
2024-12-18,W002,23.5,0.7,0
2024-12-19,W002,20.5,0.3,0
2024-12-20,W002,26.7,5.9,0
2024-12-21,W002,24.8,1.3,0
2024-12-22,W002,27.4,1.4,0
2024-12-23,W002,26.8,1.8,0
2024-12-24,W002,27.1,0.2,0
2024-12-25,W002,25.2,3.6,0
2024-12-26,W002,22.5,5.3,0
2024-12-27,W002,22.8,7.8,0
2024-12-28,W002,23.7,1.3,0
2024-12-29,W002,26.8,4.4,0
2024-12-30,W002,26.2,3.3,0
2024-12-31,W002,28.7,0.2,0
2025-01-01,W002,27.1,2.9,0
2025-01-02,W002,29.2,0.2,0
2025-01-03,W002,23.5,4.4,0
2025-01-04,W002,26.3,4.3,0
2025-01-05,W002,23.4,0.8,0
2025-01-06,W002,25.8,2.0,0
2025-01-07,W002,24.2,4.0,0
2025-01-08,W002,33.0,0.8,0
2025-01-09,W002,26.6,2.2,0
2025-01-10,W002,23.2,2.8,0
2025-01-11,W002,32.7,0.1,0
2025-01-12,W002,32.4,3.0,0
2025-01-13,W002,29.0,0.4,0
2025-01-14,W002,32.7,0.7,0
2025-01-15,W002,25.2,0.1,0
2025-01-16,W002,29.2,3.0,0
2025-01-17,W002,27.1,0.2,0
2025-01-18,W002,26.3,3.6,0
2025-01-19,W002,31.2,2.7,0
2025-01-20,W002,31.4,6.5,0
2025-01-21,W002,28.1,0.2,0
2025-01-22,W002,35.0,0.6,0
2025-01-23,W002,33.6,0.7,0
2025-01-24,W002,35.9,3.7,0
2025-01-25,W002,34.1,2.6,0
2025-01-26,W002,29.4,0.4,0
2025-01-27,W002,30.5,0.0,0
2025-01-28,W002,35.1,0.4,0
2025-01-29,W002,31.5,3.8,0
2025-01-30,W002,30.0,0.9,0
2025-01-31,W002,33.0,1.7,0
2025-02-01,W002,29.0,0.9,0
2025-02-02,W002,29.1,0.1,0
2025-02-03,W002,28.3,3.1,0
2025-02-04,W002,30.3,1.8,0
2025-02-05,W002,35.6,12.5,0
2025-02-06,W002,34.6,0.1,0
2025-02-07,W002,34.0,4.6,0
2025-02-08,W002,30.3,0.7,0
2025-02-09,W002,35.5,1.3,0
2025-02-10,W002,34.9,3.6,0
2025-02-11,W002,31.9,0.9,0
2025-02-12,W002,30.4,2.8,0
2025-02-13,W002,35.9,2.5,0
2025-02-14,W002,34.6,2.9,0
2025-02-15,W002,36.4,5.0,0
2025-02-16,W002,39.6,3.8,0
2025-02-17,W002,31.2,2.0,0
2025-02-18,W002,34.5,2.2,0
2025-02-19,W002,37.9,2.0,0
2025-02-20,W002,36.3,0.2,0
2025-02-21,W002,34.2,0.9,0
2025-02-22,W002,33.0,2.7,0
2025-02-23,W002,31.7,0.7,0
2025-02-24,W002,33.3,0.2,0
2025-02-25,W002,33.6,2.5,0
2025-02-26,W002,34.8,2.7,0
2025-02-27,W002,33.5,1.6,0
2025-02-28,W002,37.9,1.5,0
2025-03-01,W002,34.6,7.3,0
2025-03-02,W002,31.8,1.1,0
2025-03-03,W002,37.9,3.6,0
2025-03-04,W002,33.7,0.3,0
2025-03-05,W002,39.4,0.2,0
2025-03-06,W002,35.5,1.7,0
2025-03-07,W002,35.5,2.3,0
2025-03-08,W002,39.7,0.3,0
2025-03-09,W002,38.4,1.2,0
2025-03-10,W002,30.5,0.1,0
2025-03-11,W002,38.0,4.9,0
2025-03-12,W002,37.9,2.0,0
2025-03-13,W002,35.7,0.3,0
2025-03-14,W002,34.1,0.3,0
2025-03-15,W002,30.3,3.5,0
2025-03-16,W002,38.4,1.6,0
2025-03-17,W002,36.2,4.6,0
2025-03-18,W002,40.2,2.9,0
2025-03-19,W002,33.3,4.1,0
2025-03-20,W002,34.2,1.0,0
2025-03-21,W002,35.4,2.1,0
2025-03-22,W002,32.1,3.7,0
2025-03-23,W002,34.7,1.0,0
2025-03-24,W002,36.0,1.4,0
2025-03-25,W002,33.2,0.8,0
2025-03-26,W002,29.7,1.8,0
2025-03-27,W002,38.0,0.1,0
2025-03-28,W002,33.2,3.6,0
2025-03-29,W002,34.3,0.9,0
2025-03-30,W002,39.1,2.1,0
2025-03-31,W002,38.8,0.2,0
2025-04-01,W002,34.7,1.4,0
2025-04-02,W002,29.4,5.4,0
2025-04-03,W002,33.9,1.0,0
2025-04-04,W002,33.5,0.1,0
2025-04-05,W002,38.2,0.4,0
2025-04-06,W002,37.5,1.8,0
2025-04-07,W002,38.0,0.3,0
2025-04-08,W002,34.8,4.0,0
2025-04-09,W002,41.1,3.3,0
2025-04-10,W002,35.9,1.1,0
2025-04-11,W002,34.9,0.2,0
2025-04-12,W002,37.2,0.0,0
2025-04-13,W002,36.2,1.9,0
2025-04-14,W002,37.5,3.2,0
2025-04-15,W002,36.7,0.3,0
2025-04-16,W002,36.8,0.6,0
2025-04-17,W002,32.0,0.1,0
2025-04-18,W002,37.8,0.7,0
2025-04-19,W002,32.6,0.2,0
2025-04-20,W002,36.1,2.3,0
2025-04-21,W002,39.6,1.6,0
2025-04-22,W002,42.7,4.4,1
2025-04-23,W002,36.6,1.1,0
2025-04-24,W002,35.7,2.0,0
2025-04-25,W002,31.2,4.1,0
2025-04-26,W002,34.5,0.4,0
2025-04-27,W002,33.9,0.4,0
2025-04-28,W002,38.4,2.7,0
2025-04-29,W002,33.9,5.0,0
2025-04-30,W002,34.8,1.1,0
2025-05-01,W002,30.1,0.0,0
2025-05-02,W002,38.3,0.1,0
2025-05-03,W002,37.4,0.3,0
2025-05-04,W002,33.3,1.6,0
2025-05-05,W002,31.7,6.3,0
2025-05-06,W002,33.5,1.2,0
2025-05-07,W002,31.5,0.3,0
2025-05-08,W002,35.1,5.1,0
2025-05-09,W002,31.1,3.7,0
2025-05-10,W002,32.4,1.4,0
2025-05-11,W002,33.0,1.8,0
2025-05-12,W002,31.0,4.0,0
2025-05-13,W002,30.4,0.7,0
2025-05-14,W002,34.5,2.1,0
2025-05-15,W002,30.5,2.6,0
2025-05-16,W002,33.1,2.6,0
2025-05-17,W002,35.6,2.3,0
2025-05-18,W002,35.2,0.7,0
2025-05-19,W002,36.3,0.1,0
2025-05-20,W002,34.9,1.3,0
2025-05-21,W002,33.3,3.9,0
2025-05-22,W002,40.5,6.9,0
2025-05-23,W002,30.7,0.8,0
2025-05-24,W002,32.6,1.0,0
2025-05-25,W002,35.5,1.8,0
2025-05-26,W002,30.8,3.6,0
2025-05-27,W002,29.1,0.9,0
2025-05-28,W002,32.6,0.2,0
2025-05-29,W002,32.7,0.7,0
2025-05-30,W002,34.5,1.1,0
2025-05-31,W002,22.1,5.6,0
2025-06-01,W002,33.9,0.1,0
2025-06-02,W002,32.7,0.2,0
2025-06-03,W002,32.5,1.2,0
2025-06-04,W002,34.3,0.6,0
2025-06-05,W002,22.2,1.8,0
2025-06-06,W002,32.7,0.5,0
2025-06-07,W002,23.9,2.3,0
2025-06-08,W002,34.1,1.9,0
2025-06-09,W002,25.3,0.1,0
2025-06-10,W002,30.8,1.8,0
2025-06-11,W002,29.2,0.8,0
2025-06-12,W002,31.3,13.5,0
2025-06-13,W002,26.2,3.3,0
2025-06-14,W002,36.3,5.0,0
2025-06-15,W002,26.9,0.7,0
2025-06-16,W002,33.1,2.0,0
2025-06-17,W002,26.1,5.5,0
2025-06-18,W002,26.9,1.0,0
2025-06-19,W002,27.3,2.8,0
2025-06-20,W002,25.7,0.1,0
2025-06-21,W002,29.8,2.9,0
2025-06-22,W002,25.2,1.2,0
2025-06-23,W002,24.9,1.4,0
2025-06-24,W002,30.6,0.3,0
2025-06-25,W002,21.5,2.4,0
2025-06-26,W002,25.8,1.8,0
2025-06-27,W002,27.9,0.1,0
2025-06-28,W002,29.3,3.5,0
2025-06-29,W002,29.0,0.5,0
2025-06-30,W002,26.4,1.4,0
2025-07-01,W002,27.2,5.1,0
2025-07-02,W002,26.9,3.3,0
2025-07-03,W002,26.1,1.6,0
2025-07-04,W002,28.9,0.9,0
2025-07-05,W002,26.7,1.6,0
2025-07-06,W002,20.5,1.3,0
2025-07-07,W002,27.8,0.4,0
2025-07-08,W002,19.9,2.1,0
2025-07-09,W002,24.7,0.6,0
2025-07-10,W002,25.5,3.9,0
2025-07-11,W002,20.9,11.2,0
2025-07-12,W002,21.9,2.4,0
2025-07-13,W002,27.7,7.2,0
2025-07-14,W002,22.2,2.0,0
2025-07-15,W002,26.6,0.5,0
2025-07-16,W002,24.3,0.4,0
2025-07-17,W002,28.0,1.4,0
2025-07-18,W002,23.9,0.2,0
2025-07-19,W002,20.8,2.9,0
2025-07-20,W002,20.8,0.7,0
2025-07-21,W002,29.8,7.3,0
2025-07-22,W002,22.6,0.4,0
2025-07-23,W002,22.9,3.5,0
2025-07-24,W002,20.9,3.1,0
2025-07-25,W002,26.1,0.7,0
2025-07-26,W002,20.9,1.5,0
2025-07-27,W002,16.8,2.1,0
2025-07-28,W002,25.1,1.6,0
2025-07-29,W002,15.4,5.5,0
2025-07-30,W002,19.1,4.3,0
2025-07-31,W002,20.9,1.6,0
2025-08-01,W002,23.9,0.1,0
2025-08-02,W002,19.9,0.1,0
2025-08-03,W002,22.9,3.6,0
2025-08-04,W002,22.4,1.2,0
2025-08-05,W002,21.1,0.5,0
2025-08-06,W002,17.8,0.3,0
2025-08-07,W002,20.1,2.4,0
2025-08-08,W002,20.7,3.4,0
2025-08-09,W002,22.1,2.3,0
2025-08-10,W002,19.8,7.9,0
2025-08-11,W002,19.6,1.8,0
2025-08-12,W002,15.6,4.8,0
2025-08-13,W002,19.5,1.0,0
2025-08-14,W002,20.4,22.1,1
2025-08-15,W002,21.8,2.0,0
2025-08-16,W002,14.5,5.1,0
2025-08-17,W002,21.1,0.4,0
2025-08-18,W002,15.9,1.2,0
2025-08-19,W002,17.2,1.3,0
2025-08-20,W002,16.8,0.6,0
2025-08-21,W002,22.2,1.6,0
2025-08-22,W002,15.0,4.1,0
2025-08-23,W002,18.7,2.3,0
2025-08-24,W002,18.4,0.6,0
2025-08-25,W002,15.7,0.4,0
2025-08-26,W002,12.1,4.5,0
2025-08-27,W002,18.3,4.8,0
2025-08-28,W002,15.4,0.3,0
2025-08-29,W002,17.6,0.8,0
2025-08-30,W002,19.1,1.5,0
2025-08-31,W002,14.7,1.4,0
2025-09-01,W002,21.1,4.6,0
2025-09-02,W002,16.6,5.7,0
2025-09-03,W002,15.7,6.5,0
2025-09-04,W002,17.3,0.1,0
2025-09-05,W002,11.5,3.5,0
2025-09-06,W002,16.8,0.6,0
2025-09-07,W002,15.0,6.0,0
2025-09-08,W002,22.9,0.1,0
2025-09-09,W002,15.0,0.6,0
2025-09-10,W002,15.3,0.2,0
2025-09-11,W002,16.7,10.3,0
2025-09-12,W002,21.2,1.3,0
2025-09-13,W002,21.2,2.2,0
2025-09-14,W002,20.1,1.2,0
2025-09-15,W002,17.9,1.4,0
2025-09-16,W002,16.6,0.4,0
2025-09-17,W002,15.1,1.5,0
2025-09-18,W002,15.4,0.3,0
2025-09-19,W002,9.0,0.1,0
2025-09-20,W002,14.9,1.5,0
2025-09-21,W002,14.0,3.6,0
2025-09-22,W002,16.1,1.1,0
2025-09-23,W002,22.6,3.3,0
2025-09-24,W002,9.6,0.2,0
2025-09-25,W002,15.6,1.8,0
2025-09-26,W002,18.8,6.9,0
2025-09-27,W002,14.7,1.1,0
2025-09-28,W002,20.6,1.0,0
2025-09-29,W002,17.7,0.6,0
2025-09-30,W002,18.0,0.6,0
2025-10-01,W002,12.9,1.0,0
2025-10-02,W002,19.2,0.3,0
2025-10-03,W002,11.7,0.3,0
2025-10-04,W002,16.5,5.2,0
2025-10-05,W002,20.6,0.6,0
2025-10-06,W002,19.5,2.2,0
2025-10-07,W002,22.4,2.7,0
2025-10-08,W002,17.0,0.7,0
2025-10-09,W002,18.9,2.4,0
2025-10-10,W002,12.3,0.8,0
2025-10-11,W002,9.9,1.6,0
2025-10-12,W002,15.8,0.2,0
2025-10-13,W002,17.4,1.9,0
2025-10-14,W002,18.5,0.1,0
2025-10-15,W002,17.0,2.1,0
2025-10-16,W002,22.1,0.1,0
2025-10-17,W002,16.9,1.1,0
2025-10-18,W002,12.4,2.1,0
2025-10-19,W002,21.5,0.2,0
2025-10-20,W002,16.5,4.7,0
2025-10-21,W002,21.5,14.6,0
2025-10-22,W002,16.8,1.1,0
2025-10-23,W002,15.5,0.8,0
2025-10-24,W002,15.2,0.8,0
2025-10-25,W002,16.8,4.8,0
2025-10-26,W002,17.0,1.1,0
2025-10-27,W002,16.4,9.1,0
2025-10-28,W002,13.1,0.2,0
2025-10-29,W002,17.4,2.7,0
2025-10-30,W002,17.7,2.3,0
2025-10-31,W002,17.4,5.4,0
2025-11-01,W002,21.4,4.5,0
2025-11-02,W002,24.2,0.6,0
2025-11-03,W002,22.8,1.0,0
2025-11-04,W002,18.9,1.3,0
2025-11-05,W002,16.5,8.0,0
2025-11-06,W002,16.7,0.1,0
2025-11-07,W002,16.5,3.6,0
2025-11-08,W002,17.9,2.3,0
2025-11-09,W002,14.2,0.9,0
2025-11-10,W002,14.8,0.0,0
2025-11-11,W002,19.8,1.3,0
2025-11-12,W002,19.3,0.2,0
2025-11-13,W002,19.3,0.5,0
2025-11-14,W002,21.4,4.9,0
2025-11-15,W002,22.1,4.3,0
2025-11-16,W002,16.7,1.9,0
2025-11-17,W002,22.8,3.3,0
2025-11-18,W002,21.0,8.6,0
2025-11-19,W002,23.7,0.5,0
2025-11-20,W002,21.1,0.5,0
2025-11-21,W002,22.1,0.9,0
2025-11-22,W002,14.3,2.4,0
2025-11-23,W002,17.0,1.1,0
2025-11-24,W002,17.2,0.3,0
2025-11-25,W002,23.5,0.3,0
2025-11-26,W002,16.0,0.8,0
2025-11-27,W002,19.8,1.8,0
2025-11-28,W002,19.1,1.5,0
2025-11-29,W002,18.9,5.1,0
2025-11-30,W002,15.3,1.2,0
2025-12-01,W002,21.4,3.5,0
2025-12-02,W002,21.6,3.1,0
2025-12-03,W002,24.1,0.2,0
2025-12-04,W002,21.4,0.1,0
2025-12-05,W002,23.7,1.2,0
2025-12-06,W002,24.3,0.7,0
2025-12-07,W002,20.9,1.0,0
2025-12-08,W002,28.3,0.3,0
2025-12-09,W002,21.9,0.5,0
2025-12-10,W002,19.8,2.0,0
2025-12-11,W002,29.5,0.9,0
2025-12-12,W002,26.3,1.8,0
2025-12-13,W002,23.2,1.4,0
2025-12-14,W002,20.9,2.8,0
2025-12-15,W002,22.8,0.9,0
2025-12-16,W002,23.2,1.5,0
2025-12-17,W002,24.8,2.6,0
2025-12-18,W002,25.9,0.2,0
2025-12-19,W002,25.2,0.2,0
2025-12-20,W002,22.8,0.7,0
2025-12-21,W002,28.6,6.6,0
2025-12-22,W002,24.7,5.2,0
2025-12-23,W002,23.0,0.5,0
2025-12-24,W002,22.1,1.3,0
2025-12-25,W002,29.0,1.0,0
2025-12-26,W002,26.3,2.8,0
2025-12-27,W002,30.6,3.3,0
2025-12-28,W002,28.8,0.4,0
2025-12-29,W002,24.6,0.6,0
2025-12-30,W002,28.4,0.2,0
2025-12-31,W002,22.1,2.5,0
2023-01-01,W003,17.2,0.2,0
2023-01-02,W003,12.4,0.5,0
2023-01-03,W003,18.3,1.2,0
2023-01-04,W003,17.6,0.3,0
2023-01-05,W003,21.3,2.4,0
2023-01-06,W003,15.1,2.6,0
2023-01-07,W003,15.7,2.2,0
2023-01-08,W003,16.6,2.2,0
2023-01-09,W003,14.8,4.3,0
2023-01-10,W003,19.5,3.8,0
2023-01-11,W003,19.1,1.7,0
2023-01-12,W003,16.4,1.3,0
2023-01-13,W003,21.2,9.8,0
2023-01-14,W003,17.4,7.4,0
2023-01-15,W003,14.1,1.9,0
2023-01-16,W003,14.5,1.0,0
2023-01-17,W003,15.0,0.6,0
2023-01-18,W003,14.1,2.3,0
2023-01-19,W003,17.7,3.1,0
2023-01-20,W003,17.0,1.0,0
2023-01-21,W003,16.5,0.5,0
2023-01-22,W003,18.6,0.3,0
2023-01-23,W003,24.0,0.4,0
2023-01-24,W003,23.7,3.4,0
2023-01-25,W003,17.4,3.4,0
2023-01-26,W003,20.6,0.0,0
2023-01-27,W003,22.6,1.7,0
2023-01-28,W003,19.7,1.6,0
2023-01-29,W003,21.1,0.2,0
2023-01-30,W003,24.0,0.1,0
2023-01-31,W003,20.4,1.5,0
2023-02-01,W003,21.3,0.1,0
2023-02-02,W003,20.8,4.7,0
2023-02-03,W003,20.0,2.5,0
2023-02-04,W003,20.8,4.2,0
2023-02-05,W003,23.5,4.9,0
2023-02-06,W003,20.3,2.1,0
2023-02-07,W003,20.2,0.7,0
2023-02-08,W003,15.2,6.8,0
2023-02-09,W003,20.8,0.8,0
2023-02-10,W003,19.5,0.1,0
2023-02-11,W003,19.3,0.2,0
2023-02-12,W003,24.4,0.1,0
2023-02-13,W003,26.5,1.2,0
2023-02-14,W003,23.4,2.6,0
2023-02-15,W003,25.4,0.2,0
2023-02-16,W003,20.8,1.8,0
2023-02-17,W003,24.7,5.7,0
2023-02-18,W003,24.3,1.6,0
2023-02-19,W003,26.1,4.6,0
2023-02-20,W003,19.3,0.4,0
2023-02-21,W003,20.7,3.3,0
2023-02-22,W003,22.7,11.2,0
2023-02-23,W003,22.2,0.6,0
2023-02-24,W003,19.0,3.8,0
2023-02-25,W003,17.8,2.2,0
2023-02-26,W003,18.6,3.1,0
2023-02-27,W003,18.6,6.4,0
2023-02-28,W003,29.1,1.2,0
2023-03-01,W003,24.5,1.7,0
2023-03-02,W003,28.8,0.4,0
2023-03-03,W003,28.6,1.0,0
2023-03-04,W003,19.6,0.2,0
2023-03-05,W003,23.4,0.4,0
2023-03-06,W003,26.5,0.7,0
2023-03-07,W003,25.8,0.9,0
2023-03-08,W003,27.9,0.6,0
2023-03-09,W003,23.9,0.9,0
2023-03-10,W003,24.1,3.6,0
2023-03-11,W003,22.1,1.4,0
2023-03-12,W003,26.9,1.2,0
2023-03-13,W003,26.4,0.9,0
2023-03-14,W003,25.3,1.1,0
2023-03-15,W003,27.1,2.7,0
2023-03-16,W003,20.3,6.6,0
2023-03-17,W003,19.7,1.1,0
2023-03-18,W003,26.6,0.8,0
2023-03-19,W003,30.3,3.9,0
2023-03-20,W003,22.8,0.7,0
2023-03-21,W003,29.6,1.3,0
2023-03-22,W003,22.9,2.7,0
2023-03-23,W003,26.0,2.7,0
2023-03-24,W003,24.1,11.9,0
2023-03-25,W003,24.8,0.6,0
2023-03-26,W003,30.5,3.1,0
2023-03-27,W003,23.2,0.2,0
2023-03-28,W003,26.8,5.1,0
2023-03-29,W003,27.3,1.3,0
2023-03-30,W003,23.7,2.2,0
2023-03-31,W003,20.1,0.0,0
2023-04-01,W003,22.7,0.7,0
2023-04-02,W003,28.8,0.5,0
2023-04-03,W003,29.3,0.8,0
2023-04-04,W003,31.8,3.9,0
2023-04-05,W003,21.9,3.1,0
2023-04-06,W003,29.4,0.6,0
2023-04-07,W003,29.1,3.1,0
2023-04-08,W003,27.2,1.4,0
2023-04-09,W003,26.7,2.8,0
2023-04-10,W003,25.7,0.2,0
2023-04-11,W003,24.7,2.2,0
2023-04-12,W003,22.9,1.3,0
2023-04-13,W003,24.3,3.6,0
2023-04-14,W003,25.7,1.8,0
2023-04-15,W003,27.4,0.4,0
2023-04-16,W003,24.2,0.3,0
2023-04-17,W003,25.6,1.7,0
2023-04-18,W003,27.4,2.1,0
2023-04-19,W003,24.6,0.7,0
2023-04-20,W003,23.3,1.6,0
2023-04-21,W003,26.0,1.8,0
2023-04-22,W003,28.1,2.1,0
2023-04-23,W003,27.1,1.1,0
2023-04-24,W003,27.3,0.0,0
2023-04-25,W003,26.1,2.5,0
2023-04-26,W003,22.1,0.0,0
2023-04-27,W003,22.2,2.8,0
2023-04-28,W003,23.9,1.0,0
2023-04-29,W003,25.5,2.3,0
2023-04-30,W003,28.0,0.5,0
2023-05-01,W003,16.1,4.6,0
2023-05-02,W003,30.3,1.0,0
2023-05-03,W003,23.9,1.8,0
2023-05-04,W003,21.6,1.3,0
2023-05-05,W003,25.5,1.2,0
2023-05-06,W003,31.9,0.4,0
2023-05-07,W003,22.3,1.2,0
2023-05-08,W003,27.8,0.6,0
2023-05-09,W003,26.4,3.8,0
2023-05-10,W003,23.5,0.1,0
2023-05-11,W003,21.1,1.7,0
2023-05-12,W003,22.3,5.4,0
2023-05-13,W003,18.5,3.3,0
2023-05-14,W003,19.4,1.1,0
2023-05-15,W003,19.3,2.3,0
2023-05-16,W003,25.7,2.5,0
2023-05-17,W003,25.5,0.5,0
2023-05-18,W003,20.6,0.1,0
2023-05-19,W003,20.0,5.1,0
2023-05-20,W003,22.8,10.8,0
2023-05-21,W003,17.5,1.0,0
2023-05-22,W003,21.5,3.8,0
2023-05-23,W003,27.5,1.1,0
2023-05-24,W003,23.8,1.1,0
2023-05-25,W003,17.4,1.9,0
2023-05-26,W003,16.6,1.6,0
2023-05-27,W003,25.3,4.4,0
2023-05-28,W003,17.4,0.5,0
2023-05-29,W003,21.7,0.2,0
2023-05-30,W003,21.0,1.2,0
2023-05-31,W003,13.3,6.2,0
2023-06-01,W003,22.6,1.0,0
2023-06-02,W003,13.4,2.8,0
2023-06-03,W003,22.9,0.3,0
2023-06-04,W003,18.9,9.0,0
2023-06-05,W003,17.5,3.2,0
2023-06-06,W003,20.2,0.4,0
2023-06-07,W003,14.9,5.5,0
2023-06-08,W003,15.5,3.1,0
2023-06-09,W003,20.2,1.6,0
2023-06-10,W003,19.1,2.8,0
2023-06-11,W003,19.2,2.2,0
2023-06-12,W003,15.5,4.8,0
2023-06-13,W003,18.0,0.9,0
2023-06-14,W003,16.6,8.3,0
2023-06-15,W003,15.7,1.0,0
2023-06-16,W003,15.8,2.9,0
2023-06-17,W003,14.6,5.2,0
2023-06-18,W003,16.5,2.1,0
2023-06-19,W003,17.5,3.8,0
2023-06-20,W003,20.8,5.4,0
2023-06-21,W003,17.6,0.8,0
2023-06-22,W003,20.0,2.1,0
2023-06-23,W003,17.6,0.6,0
2023-06-24,W003,19.3,0.7,0
2023-06-25,W003,14.8,0.4,0
2023-06-26,W003,18.6,1.2,0
2023-06-27,W003,20.9,0.0,0
2023-06-28,W003,15.8,0.1,0
2023-06-29,W003,15.4,0.8,0
2023-06-30,W003,14.1,1.9,0
2023-07-01,W003,13.2,1.2,0
2023-07-02,W003,14.9,1.7,0
2023-07-03,W003,16.8,2.0,0
2023-07-04,W003,17.6,0.2,0
2023-07-05,W003,14.4,4.1,0
2023-07-06,W003,8.6,3.3,0
2023-07-07,W003,19.6,2.0,0
2023-07-08,W003,13.3,9.3,0
2023-07-09,W003,10.1,2.7,0
2023-07-10,W003,17.2,1.6,0
2023-07-11,W003,18.3,2.6,0
2023-07-12,W003,14.5,0.8,0
2023-07-13,W003,13.8,3.3,0
2023-07-14,W003,14.6,9.0,0
2023-07-15,W003,10.3,3.3,0
2023-07-16,W003,10.1,1.2,0
2023-07-17,W003,11.8,3.1,0
2023-07-18,W003,17.1,4.1,0
2023-07-19,W003,11.0,1.8,0
2023-07-20,W003,12.2,1.1,0
2023-07-21,W003,9.1,1.3,0
2023-07-22,W003,10.2,4.9,0
2023-07-23,W003,13.6,6.6,0
2023-07-24,W003,17.1,0.2,0
2023-07-25,W003,12.4,0.1,0
2023-07-26,W003,13.4,5.9,0
2023-07-27,W003,6.6,2.4,0
2023-07-28,W003,14.2,1.7,0
2023-07-29,W003,7.7,4.0,0
2023-07-30,W003,9.1,4.1,0
2023-07-31,W003,11.7,3.5,0
2023-08-01,W003,5.0,5.1,0
2023-08-02,W003,11.3,2.7,0
2023-08-03,W003,4.6,2.1,0
2023-08-04,W003,7.0,1.7,0
2023-08-05,W003,3.3,6.8,0
2023-08-06,W003,10.5,3.8,0
2023-08-07,W003,15.4,5.9,0
2023-08-08,W003,7.3,1.2,0
2023-08-09,W003,1.5,2.8,1
2023-08-10,W003,12.0,1.7,0
2023-08-11,W003,13.9,0.1,0
2023-08-12,W003,12.5,0.6,0
2023-08-13,W003,8.2,0.0,0
2023-08-14,W003,12.3,0.7,0
2023-08-15,W003,9.6,2.8,0
2023-08-16,W003,9.3,1.2,0
2023-08-17,W003,3.1,0.7,0
2023-08-18,W003,4.8,5.1,0
2023-08-19,W003,5.4,0.0,0
2023-08-20,W003,7.8,2.6,0
2023-08-21,W003,4.4,0.7,0
2023-08-22,W003,10.2,2.2,0
2023-08-23,W003,2.2,3.9,0
2023-08-24,W003,10.0,7.3,0
2023-08-25,W003,3.9,2.4,0
2023-08-26,W003,8.8,1.3,0
2023-08-27,W003,6.2,3.5,0
2023-08-28,W003,9.1,0.1,0
2023-08-29,W003,3.6,1.9,0
2023-08-30,W003,1.0,3.6,1
2023-08-31,W003,6.4,1.7,0
2023-09-01,W003,4.6,0.2,0
2023-09-02,W003,5.2,1.3,0
2023-09-03,W003,9.6,4.2,0
2023-09-04,W003,4.6,1.5,0
2023-09-05,W003,5.4,1.2,0
2023-09-06,W003,4.1,0.4,0
2023-09-07,W003,9.2,3.5,0
2023-09-08,W003,4.3,1.5,0
2023-09-09,W003,8.5,2.3,0
2023-09-10,W003,6.3,2.1,0
2023-09-11,W003,4.3,2.0,0
2023-09-12,W003,4.8,5.1,0
2023-09-13,W003,10.3,0.7,0
2023-09-14,W003,7.9,2.6,0
2023-09-15,W003,7.0,4.6,0
2023-09-16,W003,6.8,0.3,0
2023-09-17,W003,1.7,1.8,1
2023-09-18,W003,2.2,0.0,0
2023-09-19,W003,4.8,2.0,0
2023-09-20,W003,5.8,1.4,0
2023-09-21,W003,3.6,1.9,0
2023-09-22,W003,2.2,0.6,0
2023-09-23,W003,2.9,0.9,0
2023-09-24,W003,0.7,1.0,1
2023-09-25,W003,11.3,1.3,0
2023-09-26,W003,8.4,0.6,0
2023-09-27,W003,1.8,6.0,1
2023-09-28,W003,7.0,0.0,0
2023-09-29,W003,3.7,3.1,0
2023-09-30,W003,9.7,4.3,0
2023-10-01,W003,4.3,4.3,0
2023-10-02,W003,6.0,1.3,0
2023-10-03,W003,8.3,0.7,0
2023-10-04,W003,3.5,2.2,0
2023-10-05,W003,9.3,2.3,0
2023-10-06,W003,6.0,4.5,0
2023-10-07,W003,3.8,2.0,0
2023-10-08,W003,3.5,1.6,0
2023-10-09,W003,10.7,0.7,0
2023-10-10,W003,5.9,2.8,0
2023-10-11,W003,0.4,0.6,1
2023-10-12,W003,7.0,1.2,0
2023-10-13,W003,8.1,0.9,0
2023-10-14,W003,5.3,0.8,0
2023-10-15,W003,7.1,0.9,0
2023-10-16,W003,9.8,1.1,0
2023-10-17,W003,5.6,3.4,0
2023-10-18,W003,8.7,5.1,0
2023-10-19,W003,4.8,4.3,0
2023-10-20,W003,8.3,1.0,0
2023-10-21,W003,3.1,7.3,0
2023-10-22,W003,8.7,0.2,0
2023-10-23,W003,8.3,2.6,0
2023-10-24,W003,11.1,2.9,0
2023-10-25,W003,8.4,0.1,0
2023-10-26,W003,1.9,1.8,1
2023-10-27,W003,5.0,5.2,0
2023-10-28,W003,9.4,0.7,0
2023-10-29,W003,3.6,0.1,0
2023-10-30,W003,6.3,0.7,0
2023-10-31,W003,6.4,1.6,0
2023-11-01,W003,9.2,2.6,0
2023-11-02,W003,5.0,3.0,0
2023-11-03,W003,9.4,2.0,0
2023-11-04,W003,10.0,0.7,0
2023-11-05,W003,11.9,0.3,0
2023-11-06,W003,4.4,0.1,0
2023-11-07,W003,4.8,3.9,0
2023-11-08,W003,8.9,0.3,0
2023-11-09,W003,12.8,0.2,0
2023-11-10,W003,3.6,0.9,0
2023-11-11,W003,7.5,5.4,0
2023-11-12,W003,1.0,2.2,1
2023-11-13,W003,12.7,0.4,0
2023-11-14,W003,8.6,2.0,0
2023-11-15,W003,9.5,0.2,0
2023-11-16,W003,2.9,1.4,0
2023-11-17,W003,10.3,2.2,0
2023-11-18,W003,7.8,1.5,0
2023-11-19,W003,15.3,1.0,0
2023-11-20,W003,6.3,5.4,0
2023-11-21,W003,6.2,0.1,0
2023-11-22,W003,17.1,0.9,0
2023-11-23,W003,7.9,1.4,0
2023-11-24,W003,8.6,1.8,0
2023-11-25,W003,7.9,0.8,0
2023-11-26,W003,9.6,4.6,0
2023-11-27,W003,13.6,0.3,0
2023-11-28,W003,13.1,2.0,0
2023-11-29,W003,9.6,4.4,0
2023-11-30,W003,7.3,2.0,0
2023-12-01,W003,10.8,0.5,0
2023-12-02,W003,10.4,2.4,0
2023-12-03,W003,12.2,2.4,0
2023-12-04,W003,9.1,0.2,0
2023-12-05,W003,9.9,0.3,0
2023-12-06,W003,11.8,0.2,0
2023-12-07,W003,12.3,0.7,0
2023-12-08,W003,15.5,0.7,0
2023-12-09,W003,6.8,2.7,0
2023-12-10,W003,10.0,0.4,0
2023-12-11,W003,10.9,1.2,0
2023-12-12,W003,15.7,1.7,0
2023-12-13,W003,11.3,1.3,0
2023-12-14,W003,13.6,1.9,0
2023-12-15,W003,17.6,0.0,0
2023-12-16,W003,10.9,2.6,0
2023-12-17,W003,9.8,0.8,0
2023-12-18,W003,13.3,0.2,0
2023-12-19,W003,14.2,2.1,0
2023-12-20,W003,16.3,0.4,0
2023-12-21,W003,10.2,0.7,0
2023-12-22,W003,13.2,2.4,0
2023-12-23,W003,19.3,0.2,0
2023-12-24,W003,13.2,0.6,0
2023-12-25,W003,21.2,0.6,0
2023-12-26,W003,15.5,2.5,0
2023-12-27,W003,14.4,0.7,0
2023-12-28,W003,17.0,0.1,0
2023-12-29,W003,19.9,2.1,0
2023-12-30,W003,16.4,1.9,0
2023-12-31,W003,12.9,0.4,0
2024-01-01,W003,14.3,2.7,0
2024-01-02,W003,20.1,0.7,0
2024-01-03,W003,17.3,0.7,0
2024-01-04,W003,15.3,0.9,0
2024-01-05,W003,15.4,2.7,0
2024-01-06,W003,15.9,2.7,0
2024-01-07,W003,11.9,0.4,0
2024-01-08,W003,14.9,6.5,0
2024-01-09,W003,18.1,0.4,0
2024-01-10,W003,13.2,5.4,0
2024-01-11,W003,18.5,3.4,0
2024-01-12,W003,18.6,3.1,0
2024-01-13,W003,18.1,7.2,0
2024-01-14,W003,11.3,0.4,0
2024-01-15,W003,22.7,3.7,0
2024-01-16,W003,16.8,1.2,0
2024-01-17,W003,19.0,2.4,0
2024-01-18,W003,15.6,0.9,0
2024-01-19,W003,20.5,0.2,0
2024-01-20,W003,18.6,1.0,0
2024-01-21,W003,18.2,1.8,0
2024-01-22,W003,15.2,1.2,0
2024-01-23,W003,17.5,1.6,0
2024-01-24,W003,22.0,8.1,0
2024-01-25,W003,17.1,4.1,0
2024-01-26,W003,21.4,3.1,0
2024-01-27,W003,22.4,2.8,0
2024-01-28,W003,16.5,1.5,0
2024-01-29,W003,20.1,0.3,0
2024-01-30,W003,19.4,5.1,0
2024-01-31,W003,19.4,2.5,0
2024-02-01,W003,21.5,4.0,0
2024-02-02,W003,14.7,1.8,0
2024-02-03,W003,23.6,3.6,0
2024-02-04,W003,20.1,5.2,0
2024-02-05,W003,18.8,1.3,0
2024-02-06,W003,18.0,1.9,0
2024-02-07,W003,21.3,6.0,0
2024-02-08,W003,17.5,1.6,0
2024-02-09,W003,21.4,3.1,0
2024-02-10,W003,20.9,5.2,0
2024-02-11,W003,21.9,0.8,0
2024-02-12,W003,23.1,4.2,0
2024-02-13,W003,24.0,2.4,0
2024-02-14,W003,22.8,1.1,0
2024-02-15,W003,22.7,1.6,0
2024-02-16,W003,18.5,0.2,0
2024-02-17,W003,27.5,0.8,0
2024-02-18,W003,21.9,0.7,0
2024-02-19,W003,21.3,3.9,0
2024-02-20,W003,24.2,2.0,0
2024-02-21,W003,25.3,5.3,0
2024-02-22,W003,23.9,1.1,0
2024-02-23,W003,21.0,0.6,0
2024-02-24,W003,24.0,1.9,0
2024-02-25,W003,24.2,6.0,0
2024-02-26,W003,17.2,0.3,0
2024-02-27,W003,21.5,0.1,0
2024-02-28,W003,21.2,0.9,0
2024-02-29,W003,23.2,3.9,0
2024-03-01,W003,20.0,1.0,0
2024-03-02,W003,25.8,4.9,0
2024-03-03,W003,28.5,0.2,0
2024-03-04,W003,20.8,3.1,0
2024-03-05,W003,22.4,5.8,0
2024-03-06,W003,26.2,1.6,0
2024-03-07,W003,24.0,1.8,0
2024-03-08,W003,27.4,0.5,0
2024-03-09,W003,19.3,3.6,0
2024-03-10,W003,26.7,3.7,0
2024-03-11,W003,22.6,2.2,0
2024-03-12,W003,19.7,0.3,0
2024-03-13,W003,31.3,7.5,0
2024-03-14,W003,28.4,0.8,0
2024-03-15,W003,19.0,3.8,0
2024-03-16,W003,23.1,0.6,0
2024-03-17,W003,31.0,0.4,0
2024-03-18,W003,19.6,2.4,0
2024-03-19,W003,25.0,0.2,0
2024-03-20,W003,24.5,0.3,0
2024-03-21,W003,28.3,1.7,0
2024-03-22,W003,26.4,0.4,0
2024-03-23,W003,23.4,0.3,0
2024-03-24,W003,22.0,0.2,0
2024-03-25,W003,27.9,0.4,0
2024-03-26,W003,25.7,3.1,0
2024-03-27,W003,29.0,0.7,0
2024-03-28,W003,22.9,1.6,0
2024-03-29,W003,26.7,0.0,0
2024-03-30,W003,25.1,2.7,0
2024-03-31,W003,28.4,0.7,0
2024-04-01,W003,31.6,0.4,0
2024-04-02,W003,27.0,0.4,0
2024-04-03,W003,19.0,2.5,0
2024-04-04,W003,24.2,0.1,0
2024-04-05,W003,22.8,0.9,0
2024-04-06,W003,26.0,3.0,0
2024-04-07,W003,25.1,9.0,0
2024-04-08,W003,23.2,6.3,0
2024-04-09,W003,25.8,1.9,0
2024-04-10,W003,26.0,2.7,0
2024-04-11,W003,30.9,3.2,0
2024-04-12,W003,29.1,4.2,0
2024-04-13,W003,20.9,5.1,0
2024-04-14,W003,28.0,0.0,0
2024-04-15,W003,23.4,0.3,0
2024-04-16,W003,21.5,3.2,0
2024-04-17,W003,22.9,2.2,0
2024-04-18,W003,27.9,0.1,0
2024-04-19,W003,27.6,0.6,0
2024-04-20,W003,25.4,1.3,0
2024-04-21,W003,27.5,0.5,0
2024-04-22,W003,26.4,5.5,0
2024-04-23,W003,20.4,2.3,0
2024-04-24,W003,30.9,3.2,0
2024-04-25,W003,24.1,3.5,0
2024-04-26,W003,30.5,0.1,0
2024-04-27,W003,28.9,0.0,0
2024-04-28,W003,26.8,8.7,0
2024-04-29,W003,28.5,4.7,0
2024-04-30,W003,23.3,2.3,0
2024-05-01,W003,26.4,2.8,0
2024-05-02,W003,24.6,1.0,0
2024-05-03,W003,26.1,1.2,0
2024-05-04,W003,25.9,10.6,0
2024-05-05,W003,24.4,0.9,0
2024-05-06,W003,23.9,4.3,0
2024-05-07,W003,26.6,1.7,0
2024-05-08,W003,24.0,0.0,0
2024-05-09,W003,27.7,0.9,0
2024-05-10,W003,25.6,0.3,0
2024-05-11,W003,22.5,1.4,0
2024-05-12,W003,22.9,1.0,0
2024-05-13,W003,27.1,0.9,0
2024-05-14,W003,23.0,2.9,0
2024-05-15,W003,18.8,1.1,0
2024-05-16,W003,24.7,3.0,0
2024-05-17,W003,20.1,3.8,0
2024-05-18,W003,24.9,5.5,0
2024-05-19,W003,21.2,1.1,0
2024-05-20,W003,22.8,10.7,0
2024-05-21,W003,21.9,3.0,0
2024-05-22,W003,21.6,0.3,0
2024-05-23,W003,27.8,2.7,0
2024-05-24,W003,21.5,0.2,0
2024-05-25,W003,21.4,2.2,0
2024-05-26,W003,25.7,4.9,0
2024-05-27,W003,22.9,0.0,0
2024-05-28,W003,19.4,2.1,0
2024-05-29,W003,19.4,1.1,0
2024-05-30,W003,21.5,1.9,0
2024-05-31,W003,19.7,3.1,0
2024-06-01,W003,18.5,1.2,0
2024-06-02,W003,14.0,0.4,0
2024-06-03,W003,14.9,0.3,0
2024-06-04,W003,20.4,2.2,0
2024-06-05,W003,21.0,2.2,0
2024-06-06,W003,21.6,1.0,0
2024-06-07,W003,16.7,2.0,0
2024-06-08,W003,17.2,3.7,0
2024-06-09,W003,20.8,0.2,0
2024-06-10,W003,23.7,1.1,0
2024-06-11,W003,16.8,1.4,0
2024-06-12,W003,14.5,1.2,0
2024-06-13,W003,20.3,5.6,0
2024-06-14,W003,16.4,1.5,0
2024-06-15,W003,18.9,0.4,0
2024-06-16,W003,16.7,0.1,0
2024-06-17,W003,14.9,1.2,0
2024-06-18,W003,16.3,9.5,0
2024-06-19,W003,15.2,1.3,0
2024-06-20,W003,15.9,4.6,0
2024-06-21,W003,16.2,2.2,0
2024-06-22,W003,15.9,1.1,0
2024-06-23,W003,13.2,2.4,0
2024-06-24,W003,20.9,0.1,0
2024-06-25,W003,14.3,3.3,0
2024-06-26,W003,12.4,1.4,0
2024-06-27,W003,19.8,5.3,0
2024-06-28,W003,10.2,1.5,0
2024-06-29,W003,21.1,3.4,0
2024-06-30,W003,18.5,1.2,0
2024-07-01,W003,18.9,4.9,0
2024-07-02,W003,18.2,6.1,0
2024-07-03,W003,10.6,1.2,0
2024-07-04,W003,20.2,2.8,0
2024-07-05,W003,18.6,9.7,0
2024-07-06,W003,10.7,3.1,0
2024-07-07,W003,16.3,2.7,0
2024-07-08,W003,15.5,2.9,0
2024-07-09,W003,17.8,0.0,0
2024-07-10,W003,17.6,3.5,0
2024-07-11,W003,16.1,0.9,0
2024-07-12,W003,10.5,1.4,0
2024-07-13,W003,16.0,2.6,0
2024-07-14,W003,14.2,3.2,0
2024-07-15,W003,14.8,0.2,0
2024-07-16,W003,10.1,1.7,0
2024-07-17,W003,8.1,2.7,0
2024-07-18,W003,8.0,0.5,0
2024-07-19,W003,12.3,1.4,0
2024-07-20,W003,11.8,0.9,0
2024-07-21,W003,13.2,0.2,0
2024-07-22,W003,13.8,21.1,1
2024-07-23,W003,12.9,21.1,1
2024-07-24,W003,10.5,6.6,0
2024-07-25,W003,11.5,7.7,0
2024-07-26,W003,12.6,0.3,0
2024-07-27,W003,10.1,2.7,0
2024-07-28,W003,13.4,10.1,0
2024-07-29,W003,11.8,2.8,0
2024-07-30,W003,8.4,0.5,0
2024-07-31,W003,10.0,0.2,0
2024-08-01,W003,8.9,2.0,0
2024-08-02,W003,13.2,0.0,0
2024-08-03,W003,14.2,0.8,0
2024-08-04,W003,14.5,12.9,0
2024-08-05,W003,10.5,1.8,0
2024-08-06,W003,12.6,2.6,0
2024-08-07,W003,11.0,12.3,0
2024-08-08,W003,11.0,3.1,0
2024-08-09,W003,13.6,2.9,0
2024-08-10,W003,14.2,0.9,0
2024-08-11,W003,9.5,7.7,0
2024-08-12,W003,11.3,0.9,0
2024-08-13,W003,8.5,3.3,0
2024-08-14,W003,7.9,5.0,0
2024-08-15,W003,7.4,2.0,0
2024-08-16,W003,6.3,9.8,0
2024-08-17,W003,10.8,3.0,0
2024-08-18,W003,2.8,6.8,0
2024-08-19,W003,8.8,0.1,0
2024-08-20,W003,7.8,4.0,0
2024-08-21,W003,7.5,0.4,0
2024-08-22,W003,10.1,2.3,0
2024-08-23,W003,9.6,0.8,0
2024-08-24,W003,6.8,1.4,0
2024-08-25,W003,3.6,0.7,0
2024-08-26,W003,4.4,1.5,0
2024-08-27,W003,6.3,1.7,0
2024-08-28,W003,4.1,5.0,0
2024-08-29,W003,9.8,4.1,0
2024-08-30,W003,4.1,0.5,0
2024-08-31,W003,8.0,1.4,0
2024-09-01,W003,7.0,0.1,0
2024-09-02,W003,6.0,0.2,0
2024-09-03,W003,3.3,1.9,0
2024-09-04,W003,6.9,2.8,0
2024-09-05,W003,10.8,0.6,0
2024-09-06,W003,5.7,0.3,0
2024-09-07,W003,5.5,2.2,0
2024-09-08,W003,5.3,0.0,0
2024-09-09,W003,5.1,1.5,0
2024-09-10,W003,4.1,0.7,0
2024-09-11,W003,9.4,2.3,0
2024-09-12,W003,3.1,1.9,0
2024-09-13,W003,14.6,1.4,0
2024-09-14,W003,7.2,0.2,0
2024-09-15,W003,4.7,2.0,0
2024-09-16,W003,6.1,0.6,0
2024-09-17,W003,9.0,0.0,0
2024-09-18,W003,4.9,0.7,0
2024-09-19,W003,8.5,0.2,0
2024-09-20,W003,7.2,3.6,0
2024-09-21,W003,4.4,3.4,0
2024-09-22,W003,0.9,0.6,1
2024-09-23,W003,1.6,2.6,1
2024-09-24,W003,6.2,0.0,0
2024-09-25,W003,3.9,3.6,0
2024-09-26,W003,2.3,3.8,0
2024-09-27,W003,7.6,1.7,0
2024-09-28,W003,5.7,1.5,0
2024-09-29,W003,9.8,1.3,0
2024-09-30,W003,7.7,2.1,0
2024-10-01,W003,3.1,0.2,0
2024-10-02,W003,7.7,1.1,0
2024-10-03,W003,8.2,4.5,0
2024-10-04,W003,2.3,2.5,0
2024-10-05,W003,6.9,2.8,0
2024-10-06,W003,1.8,2.1,1
2024-10-07,W003,3.8,2.9,0
2024-10-08,W003,8.8,0.7,0
2024-10-09,W003,9.2,0.9,0
2024-10-10,W003,1.7,1.8,1
2024-10-11,W003,6.8,0.9,0
2024-10-12,W003,8.7,0.2,0
2024-10-13,W003,7.8,1.0,0
2024-10-14,W003,8.7,1.4,0
2024-10-15,W003,3.6,0.1,0
2024-10-16,W003,9.6,6.3,0
2024-10-17,W003,0.0,0.3,1
2024-10-18,W003,7.4,0.0,0
2024-10-19,W003,5.2,0.3,0
2024-10-20,W003,8.9,0.6,0
2024-10-21,W003,9.5,0.4,0
2024-10-22,W003,9.9,5.7,0
2024-10-23,W003,4.3,3.3,0
2024-10-24,W003,5.7,0.3,0
2024-10-25,W003,4.0,3.0,0
2024-10-26,W003,3.2,2.9,0
2024-10-27,W003,6.0,3.2,0
2024-10-28,W003,4.5,1.6,0
2024-10-29,W003,4.6,5.6,0
2024-10-30,W003,2.0,2.8,0
2024-10-31,W003,5.7,0.1,0
2024-11-01,W003,5.8,0.8,0
2024-11-02,W003,8.6,0.7,0
2024-11-03,W003,2.6,8.8,0
2024-11-04,W003,4.5,1.7,0
2024-11-05,W003,5.0,0.6,0
2024-11-06,W003,14.3,1.9,0
2024-11-07,W003,2.0,5.5,0
2024-11-08,W003,10.8,0.0,0
2024-11-09,W003,8.3,0.8,0
2024-11-10,W003,1.9,1.8,1
2024-11-11,W003,7.9,0.7,0
2024-11-12,W003,7.9,1.7,0
2024-11-13,W003,9.0,0.7,0
2024-11-14,W003,7.1,0.1,0
2024-11-15,W003,8.0,2.3,0
2024-11-16,W003,7.3,0.9,0
2024-11-17,W003,12.0,1.4,0
2024-11-18,W003,9.4,0.9,0
2024-11-19,W003,12.0,0.2,0
2024-11-20,W003,8.9,0.8,0
2024-11-21,W003,12.1,0.3,0
2024-11-22,W003,11.3,0.7,0
2024-11-23,W003,7.3,2.7,0
2024-11-24,W003,12.3,3.0,0
2024-11-25,W003,8.3,1.7,0
2024-11-26,W003,7.8,0.7,0
2024-11-27,W003,8.1,5.6,0
2024-11-28,W003,11.8,2.0,0
2024-11-29,W003,7.1,1.6,0
2024-11-30,W003,6.1,1.6,0
2024-12-01,W003,10.6,4.2,0
2024-12-02,W003,14.2,4.7,0
2024-12-03,W003,5.2,0.1,0
2024-12-04,W003,11.2,1.2,0
2024-12-05,W003,10.9,0.1,0
2024-12-06,W003,8.2,3.0,0
2024-12-07,W003,8.8,1.0,0
2024-12-08,W003,8.8,1.8,0
2024-12-09,W003,8.6,2.2,0
2024-12-10,W003,8.5,2.0,0
2024-12-11,W003,14.2,0.9,0
2024-12-12,W003,12.3,7.8,0
2024-12-13,W003,10.1,0.7,0
2024-12-14,W003,11.4,0.1,0
2024-12-15,W003,17.0,2.6,0
2024-12-16,W003,11.6,1.3,0
2024-12-17,W003,18.3,1.1,0
2024-12-18,W003,13.2,2.4,0
2024-12-19,W003,14.3,1.4,0
2024-12-20,W003,17.9,1.8,0
2024-12-21,W003,11.4,0.8,0
2024-12-22,W003,15.6,0.4,0
2024-12-23,W003,17.7,5.9,0
2024-12-24,W003,15.6,0.1,0
2024-12-25,W003,11.4,1.9,0
2024-12-26,W003,16.9,1.6,0
2024-12-27,W003,17.7,3.1,0
2024-12-28,W003,12.7,0.2,0
2024-12-29,W003,18.1,5.9,0
2024-12-30,W003,12.5,4.1,0
2024-12-31,W003,12.6,0.6,0
2025-01-01,W003,16.1,2.3,0
2025-01-02,W003,16.0,2.6,0
2025-01-03,W003,16.6,3.8,0
2025-01-04,W003,16.6,0.2,0
2025-01-05,W003,17.2,1.4,0
2025-01-06,W003,15.6,2.5,0
2025-01-07,W003,14.4,1.3,0
2025-01-08,W003,14.6,0.8,0
2025-01-09,W003,17.0,0.0,0
2025-01-10,W003,19.2,1.4,0
2025-01-11,W003,17.5,2.3,0
2025-01-12,W003,18.5,0.7,0
2025-01-13,W003,16.9,1.5,0
2025-01-14,W003,26.4,1.6,0
2025-01-15,W003,16.9,0.0,0
2025-01-16,W003,20.7,0.2,0
2025-01-17,W003,14.4,2.2,0
2025-01-18,W003,23.0,1.8,0
2025-01-19,W003,20.1,2.9,0
2025-01-20,W003,18.3,0.4,0
2025-01-21,W003,24.3,1.5,0
2025-01-22,W003,14.5,0.6,0
2025-01-23,W003,21.4,0.6,0
2025-01-24,W003,13.0,1.4,0
2025-01-25,W003,16.0,10.3,0
2025-01-26,W003,19.4,0.1,0
2025-01-27,W003,19.7,2.2,0
2025-01-28,W003,19.3,4.0,0
2025-01-29,W003,24.6,2.6,0
2025-01-30,W003,25.4,1.9,0
2025-01-31,W003,18.3,2.6,0
2025-02-01,W003,21.2,4.6,0
2025-02-02,W003,20.4,9.0,0
2025-02-03,W003,20.5,0.9,0
2025-02-04,W003,22.6,0.9,0
2025-02-05,W003,18.9,1.2,0
2025-02-06,W003,21.0,2.1,0
2025-02-07,W003,24.1,0.3,0
2025-02-08,W003,19.0,0.2,0
2025-02-09,W003,27.3,5.0,0
2025-02-10,W003,21.9,0.0,0
2025-02-11,W003,27.1,1.1,0
2025-02-12,W003,22.1,1.8,0
2025-02-13,W003,20.1,1.6,0
2025-02-14,W003,21.2,0.6,0
2025-02-15,W003,21.8,3.9,0
2025-02-16,W003,23.1,1.9,0
2025-02-17,W003,19.9,1.8,0
2025-02-18,W003,21.2,3.5,0
2025-02-19,W003,22.0,15.5,1
2025-02-20,W003,22.2,0.3,0
2025-02-21,W003,24.3,1.2,0
2025-02-22,W003,22.5,4.4,0
2025-02-23,W003,22.2,0.4,0
2025-02-24,W003,21.4,1.6,0
2025-02-25,W003,23.2,0.4,0
2025-02-26,W003,28.6,3.4,0
2025-02-27,W003,24.0,4.1,0
2025-02-28,W003,27.0,5.3,0
2025-03-01,W003,24.8,1.9,0
2025-03-02,W003,25.3,1.6,0
2025-03-03,W003,25.1,0.8,0
2025-03-04,W003,22.3,0.7,0
2025-03-05,W003,25.7,6.6,0
2025-03-06,W003,21.5,0.9,0
2025-03-07,W003,28.9,0.4,0
2025-03-08,W003,24.1,1.3,0
2025-03-09,W003,23.9,2.8,0
2025-03-10,W003,23.1,0.5,0
2025-03-11,W003,28.4,3.9,0
2025-03-12,W003,25.0,1.2,0
2025-03-13,W003,23.3,3.0,0
2025-03-14,W003,25.1,1.3,0
2025-03-15,W003,27.8,1.4,0
2025-03-16,W003,28.4,3.6,0
2025-03-17,W003,27.6,0.7,0
2025-03-18,W003,20.7,4.3,0
2025-03-19,W003,27.6,1.9,0
2025-03-20,W003,25.1,2.1,0
2025-03-21,W003,19.8,1.3,0
2025-03-22,W003,25.3,2.8,0
2025-03-23,W003,28.8,1.5,0
2025-03-24,W003,25.3,2.5,0
2025-03-25,W003,26.0,1.9,0
2025-03-26,W003,26.1,2.1,0
2025-03-27,W003,18.1,1.5,0
2025-03-28,W003,24.4,1.9,0
2025-03-29,W003,21.3,1.4,0
2025-03-30,W003,25.5,2.1,0
2025-03-31,W003,23.4,0.1,0
2025-04-01,W003,22.1,5.9,0
2025-04-02,W003,25.9,3.2,0
2025-04-03,W003,24.9,0.8,0
2025-04-04,W003,25.2,0.9,0
2025-04-05,W003,24.0,2.0,0
2025-04-06,W003,29.7,0.6,0
2025-04-07,W003,28.1,1.0,0
2025-04-08,W003,27.8,2.2,0
2025-04-09,W003,20.9,1.0,0
2025-04-10,W003,26.6,1.9,0
2025-04-11,W003,24.1,1.7,0
2025-04-12,W003,27.0,1.7,0
2025-04-13,W003,29.0,2.1,0
2025-04-14,W003,22.1,2.9,0
2025-04-15,W003,27.4,0.2,0
2025-04-16,W003,26.6,6.2,0
2025-04-17,W003,22.0,4.5,0
2025-04-18,W003,23.6,0.6,0
2025-04-19,W003,24.4,1.6,0
2025-04-20,W003,18.4,1.3,0
2025-04-21,W003,28.9,3.1,0
2025-04-22,W003,23.5,0.0,0
2025-04-23,W003,25.3,2.0,0
2025-04-24,W003,30.1,0.1,0
2025-04-25,W003,21.9,1.6,0
2025-04-26,W003,22.4,0.7,0
2025-04-27,W003,25.6,2.7,0
2025-04-28,W003,20.7,1.5,0
2025-04-29,W003,26.1,1.5,0
2025-04-30,W003,30.2,0.7,0
2025-05-01,W003,24.4,0.1,0
2025-05-02,W003,23.2,1.0,0
2025-05-03,W003,18.8,1.0,0
2025-05-04,W003,22.6,0.3,0
2025-05-05,W003,25.1,0.6,0
2025-05-06,W003,24.1,2.9,0
2025-05-07,W003,21.9,1.4,0
2025-05-08,W003,20.5,6.5,0
2025-05-09,W003,24.9,0.6,0
2025-05-10,W003,29.6,1.7,0
2025-05-11,W003,23.8,1.8,0
2025-05-12,W003,33.8,0.3,0
2025-05-13,W003,19.1,0.3,0
2025-05-14,W003,19.4,5.8,0
2025-05-15,W003,22.9,0.2,0
2025-05-16,W003,20.2,9.1,0
2025-05-17,W003,26.0,0.2,0
2025-05-18,W003,19.7,1.3,0
2025-05-19,W003,25.5,0.8,0
2025-05-20,W003,20.4,1.7,0
2025-05-21,W003,23.1,3.9,0
2025-05-22,W003,25.2,3.7,0
2025-05-23,W003,23.7,0.7,0
2025-05-24,W003,20.6,0.3,0
2025-05-25,W003,18.8,0.2,0
2025-05-26,W003,19.8,0.5,0
2025-05-27,W003,15.9,0.4,0
2025-05-28,W003,18.7,0.9,0
2025-05-29,W003,18.1,2.1,0
2025-05-30,W003,26.6,1.0,0
2025-05-31,W003,20.6,3.7,0
2025-06-01,W003,26.8,0.3,0
2025-06-02,W003,19.7,1.8,0
2025-06-03,W003,21.2,0.5,0
2025-06-04,W003,19.2,0.9,0
2025-06-05,W003,16.0,1.3,0
2025-06-06,W003,19.1,2.9,0
2025-06-07,W003,19.0,1.1,0
2025-06-08,W003,20.1,2.7,0
2025-06-09,W003,20.7,0.4,0
2025-06-10,W003,22.6,0.2,0
2025-06-11,W003,16.3,6.2,0
2025-06-12,W003,20.8,2.3,0
2025-06-13,W003,22.3,0.7,0
2025-06-14,W003,22.0,1.2,0
2025-06-15,W003,18.6,3.8,0
2025-06-16,W003,17.8,1.2,0
2025-06-17,W003,20.1,8.4,0
2025-06-18,W003,17.0,1.1,0
2025-06-19,W003,19.6,1.6,0
2025-06-20,W003,10.9,1.0,0
2025-06-21,W003,12.4,0.9,0
2025-06-22,W003,18.6,1.5,0
2025-06-23,W003,15.3,1.6,0
2025-06-24,W003,15.0,0.3,0
2025-06-25,W003,17.2,0.3,0
2025-06-26,W003,15.2,1.4,0
2025-06-27,W003,12.1,0.9,0
2025-06-28,W003,16.5,3.0,0
2025-06-29,W003,14.2,1.3,0
2025-06-30,W003,13.3,0.2,0
2025-07-01,W003,17.0,4.9,0
2025-07-02,W003,20.7,12.6,0
2025-07-03,W003,19.3,0.0,0
2025-07-04,W003,12.7,1.5,0
2025-07-05,W003,15.2,1.2,0
2025-07-06,W003,10.1,6.8,0
2025-07-07,W003,14.6,2.9,0
2025-07-08,W003,15.2,2.9,0
2025-07-09,W003,13.5,1.1,0
2025-07-10,W003,16.9,0.9,0
2025-07-11,W003,11.4,3.9,0
2025-07-12,W003,13.2,6.8,0
2025-07-13,W003,19.5,0.3,0
2025-07-14,W003,13.5,1.9,0
2025-07-15,W003,17.1,5.5,0
2025-07-16,W003,16.3,6.0,0
2025-07-17,W003,15.4,6.6,0
2025-07-18,W003,8.6,2.1,0
2025-07-19,W003,15.4,3.5,0
2025-07-20,W003,13.6,3.1,0
2025-07-21,W003,16.9,1.5,0
2025-07-22,W003,14.1,2.2,0
2025-07-23,W003,11.7,1.2,0
2025-07-24,W003,3.3,3.5,0
2025-07-25,W003,15.5,2.6,0
2025-07-26,W003,12.8,7.3,0
2025-07-27,W003,12.8,1.3,0
2025-07-28,W003,9.3,6.1,0
2025-07-29,W003,11.4,1.1,0
2025-07-30,W003,12.3,5.4,0
2025-07-31,W003,9.6,1.3,0
2025-08-01,W003,11.8,0.9,0
2025-08-02,W003,15.8,0.4,0
2025-08-03,W003,7.1,0.2,0
2025-08-04,W003,12.8,0.1,0
2025-08-05,W003,13.2,1.9,0
2025-08-06,W003,6.6,4.3,0
2025-08-07,W003,6.3,0.5,0
2025-08-08,W003,1.4,0.7,1
2025-08-09,W003,6.5,5.2,0
2025-08-10,W003,9.8,3.0,0
2025-08-11,W003,13.0,0.7,0
2025-08-12,W003,4.3,0.3,0
2025-08-13,W003,8.3,9.0,0
2025-08-14,W003,4.6,3.3,0
2025-08-15,W003,5.6,1.2,0
2025-08-16,W003,10.6,1.4,0
2025-08-17,W003,9.5,3.8,0
2025-08-18,W003,13.1,0.7,0
2025-08-19,W003,5.9,1.7,0
2025-08-20,W003,6.4,0.1,0
2025-08-21,W003,4.1,0.2,0
2025-08-22,W003,10.4,7.9,0
2025-08-23,W003,6.9,1.7,0
2025-08-24,W003,6.7,4.6,0
2025-08-25,W003,11.1,10.2,0
2025-08-26,W003,1.5,0.7,1
2025-08-27,W003,8.1,6.7,0
2025-08-28,W003,7.6,9.3,0
2025-08-29,W003,3.4,9.3,0
2025-08-30,W003,7.5,3.6,0
2025-08-31,W003,5.9,1.7,0
2025-09-01,W003,6.8,0.8,0
2025-09-02,W003,2.3,2.0,0
2025-09-03,W003,1.8,2.3,1
2025-09-04,W003,8.1,3.4,0
2025-09-05,W003,5.0,0.5,0
2025-09-06,W003,9.6,1.0,0
2025-09-07,W003,8.1,4.9,0
2025-09-08,W003,5.8,1.5,0
2025-09-09,W003,6.5,0.5,0
2025-09-10,W003,10.2,2.9,0
2025-09-11,W003,8.0,2.6,0
2025-09-12,W003,2.7,0.2,0
2025-09-13,W003,2.4,0.3,0
2025-09-14,W003,5.0,3.6,0
2025-09-15,W003,2.8,0.5,0
2025-09-16,W003,4.2,9.9,0
2025-09-17,W003,4.2,5.4,0
2025-09-18,W003,6.0,2.2,0
2025-09-19,W003,9.1,1.5,0
2025-09-20,W003,7.1,0.6,0
2025-09-21,W003,7.2,4.0,0
2025-09-22,W003,2.8,2.6,0
2025-09-23,W003,4.1,0.6,0
2025-09-24,W003,4.4,5.7,0
2025-09-25,W003,4.8,0.5,0
2025-09-26,W003,1.6,0.1,1
2025-09-27,W003,9.4,0.6,0
2025-09-28,W003,9.5,9.4,0
2025-09-29,W003,3.1,1.8,0
2025-09-30,W003,8.6,1.8,0
2025-10-01,W003,5.2,1.2,0
2025-10-02,W003,10.3,3.8,0
2025-10-03,W003,7.1,0.5,0
2025-10-04,W003,4.3,2.8,0
2025-10-05,W003,7.8,2.3,0
2025-10-06,W003,6.9,0.4,0
2025-10-07,W003,-2.1,2.5,1
2025-10-08,W003,6.8,3.1,0
2025-10-09,W003,6.1,3.6,0
2025-10-10,W003,9.9,7.7,0
2025-10-11,W003,7.9,2.0,0
2025-10-12,W003,6.2,1.3,0
2025-10-13,W003,2.3,0.1,0
2025-10-14,W003,6.2,0.1,0
2025-10-15,W003,6.3,3.2,0
2025-10-16,W003,6.2,0.1,0
2025-10-17,W003,9.3,0.9,0
2025-10-18,W003,8.6,1.6,0
2025-10-19,W003,8.7,1.3,0
2025-10-20,W003,2.1,0.3,0
2025-10-21,W003,0.5,8.4,1
2025-10-22,W003,4.1,1.4,0
2025-10-23,W003,1.8,0.8,1
2025-10-24,W003,7.3,2.7,0
2025-10-25,W003,7.5,2.6,0
2025-10-26,W003,3.6,3.5,0
2025-10-27,W003,6.7,0.3,0
2025-10-28,W003,3.9,1.0,0
2025-10-29,W003,5.2,2.9,0
2025-10-30,W003,8.4,1.4,0
2025-10-31,W003,5.1,0.6,0
2025-11-01,W003,11.0,0.6,0
2025-11-02,W003,7.4,0.9,0
2025-11-03,W003,11.4,3.3,0
2025-11-04,W003,5.1,1.1,0
2025-11-05,W003,6.4,0.6,0
2025-11-06,W003,2.9,1.9,0
2025-11-07,W003,8.1,2.6,0
2025-11-08,W003,5.6,0.6,0
2025-11-09,W003,3.3,2.7,0
2025-11-10,W003,7.9,0.1,0
2025-11-11,W003,10.3,0.5,0
2025-11-12,W003,7.8,2.0,0
2025-11-13,W003,9.6,1.1,0
2025-11-14,W003,7.6,6.4,0
2025-11-15,W003,8.6,0.1,0
2025-11-16,W003,13.1,0.8,0
2025-11-17,W003,4.6,6.9,0
2025-11-18,W003,5.2,1.1,0
2025-11-19,W003,8.1,8.3,0
2025-11-20,W003,6.8,3.1,0
2025-11-21,W003,7.2,5.2,0
2025-11-22,W003,9.9,0.5,0
2025-11-23,W003,9.7,11.3,0
2025-11-24,W003,9.7,0.3,0
2025-11-25,W003,5.7,6.5,0
2025-11-26,W003,9.9,0.5,0
2025-11-27,W003,9.0,2.8,0
2025-11-28,W003,11.4,6.8,0
2025-11-29,W003,10.0,1.4,0
2025-11-30,W003,8.1,8.1,0
2025-12-01,W003,13.4,5.1,0
2025-12-02,W003,15.0,2.4,0
2025-12-03,W003,14.3,0.3,0
2025-12-04,W003,10.5,0.5,0
2025-12-05,W003,13.9,2.7,0
2025-12-06,W003,13.8,5.1,0
2025-12-07,W003,12.3,0.2,0
2025-12-08,W003,7.8,4.0,0
2025-12-09,W003,12.7,0.9,0
2025-12-10,W003,11.0,1.5,0
2025-12-11,W003,14.2,0.3,0
2025-12-12,W003,13.2,1.0,0
2025-12-13,W003,13.9,6.3,0
2025-12-14,W003,11.0,7.5,0
2025-12-15,W003,13.0,2.6,0
2025-12-16,W003,9.3,1.2,0
2025-12-17,W003,11.7,0.9,0
2025-12-18,W003,11.6,15.4,1
2025-12-19,W003,16.5,1.0,0
2025-12-20,W003,9.0,0.3,0
2025-12-21,W003,9.3,4.2,0
2025-12-22,W003,15.0,0.8,0
2025-12-23,W003,16.6,0.2,0
2025-12-24,W003,11.3,2.2,0
2025-12-25,W003,14.4,2.0,0
2025-12-26,W003,18.0,1.5,0
2025-12-27,W003,16.2,1.0,0
2025-12-28,W003,14.2,0.8,0
2025-12-29,W003,20.7,0.2,0
2025-12-30,W003,17.3,0.0,0
2025-12-31,W003,13.3,3.6,0
2023-01-01,W004,31.4,0.1,0
2023-01-02,W004,28.7,0.1,0
2023-01-03,W004,29.6,7.2,0
2023-01-04,W004,31.7,4.7,0
2023-01-05,W004,32.0,0.1,0
2023-01-06,W004,33.5,4.9,0
2023-01-07,W004,31.4,0.8,0
2023-01-08,W004,26.1,1.9,0
2023-01-09,W004,32.8,2.2,0
2023-01-10,W004,37.5,2.5,0
2023-01-11,W004,38.1,3.0,0
2023-01-12,W004,27.9,4.2,0
2023-01-13,W004,30.8,2.8,0
2023-01-14,W004,32.5,5.1,0
2023-01-15,W004,35.0,0.5,0
2023-01-16,W004,30.2,0.2,0
2023-01-17,W004,26.5,0.2,0
2023-01-18,W004,33.2,0.9,0
2023-01-19,W004,35.3,2.1,0
2023-01-20,W004,33.8,0.9,0
2023-01-21,W004,36.7,3.5,0
2023-01-22,W004,30.9,0.4,0
2023-01-23,W004,35.3,1.4,0
2023-01-24,W004,30.1,0.8,0
2023-01-25,W004,31.1,1.2,0
2023-01-26,W004,31.4,2.7,0
2023-01-27,W004,26.9,4.8,0
2023-01-28,W004,32.1,4.5,0
2023-01-29,W004,32.2,6.0,0
2023-01-30,W004,34.6,1.3,0
2023-01-31,W004,29.2,5.9,0
2023-02-01,W004,32.3,1.4,0
2023-02-02,W004,29.3,0.8,0
2023-02-03,W004,38.7,0.8,0
2023-02-04,W004,31.9,2.9,0
2023-02-05,W004,36.3,1.5,0
2023-02-06,W004,33.5,0.7,0
2023-02-07,W004,36.1,2.2,0
2023-02-08,W004,34.3,0.7,0
2023-02-09,W004,34.6,8.3,0
2023-02-10,W004,34.6,1.4,0
2023-02-11,W004,34.9,5.7,0
2023-02-12,W004,34.4,0.5,0
2023-02-13,W004,34.2,1.4,0
2023-02-14,W004,38.8,2.9,0
2023-02-15,W004,31.2,1.1,0
2023-02-16,W004,39.9,1.4,0
2023-02-17,W004,36.9,6.2,0
2023-02-18,W004,35.4,3.1,0
2023-02-19,W004,34.8,1.7,0
2023-02-20,W004,41.0,1.8,0
2023-02-21,W004,34.0,0.7,0
2023-02-22,W004,31.6,6.3,0
2023-02-23,W004,37.9,4.3,0
2023-02-24,W004,37.1,0.8,0
2023-02-25,W004,38.7,3.3,0
2023-02-26,W004,37.7,6.7,0
2023-02-27,W004,35.7,0.5,0
2023-02-28,W004,38.9,6.6,0
2023-03-01,W004,33.7,1.8,0
2023-03-02,W004,38.8,4.6,0
2023-03-03,W004,37.8,1.1,0
2023-03-04,W004,35.8,0.2,0
2023-03-05,W004,43.2,4.0,1
2023-03-06,W004,35.8,1.4,0
2023-03-07,W004,38.2,0.6,0
2023-03-08,W004,40.2,2.0,0
2023-03-09,W004,34.7,0.5,0
2023-03-10,W004,41.2,4.3,0
2023-03-11,W004,40.3,5.1,0
2023-03-12,W004,37.6,1.4,0
2023-03-13,W004,31.6,2.5,0
2023-03-14,W004,41.8,0.5,0
2023-03-15,W004,35.6,1.9,0
2023-03-16,W004,41.0,3.6,0
2023-03-17,W004,38.6,0.3,0
2023-03-18,W004,42.3,0.6,1
2023-03-19,W004,37.3,1.4,0
2023-03-20,W004,44.6,0.8,1
2023-03-21,W004,42.7,2.2,1
2023-03-22,W004,32.4,1.3,0
2023-03-23,W004,39.4,0.2,0
2023-03-24,W004,38.0,0.2,0
2023-03-25,W004,38.8,1.2,0
2023-03-26,W004,43.9,0.6,1
2023-03-27,W004,36.2,3.9,0
2023-03-28,W004,31.8,0.6,0
2023-03-29,W004,39.4,2.1,0
2023-03-30,W004,37.4,0.6,0
2023-03-31,W004,37.3,1.5,0
2023-04-01,W004,32.7,1.0,0
2023-04-02,W004,33.5,0.3,0
2023-04-03,W004,37.4,3.3,0
2023-04-04,W004,41.8,1.2,0
2023-04-05,W004,35.9,0.3,0
2023-04-06,W004,38.0,0.5,0
2023-04-07,W004,40.3,0.1,0
2023-04-08,W004,38.1,3.7,0
2023-04-09,W004,38.1,2.6,0
2023-04-10,W004,39.5,8.5,0
2023-04-11,W004,40.3,3.3,0
2023-04-12,W004,38.6,0.6,0
2023-04-13,W004,42.3,2.2,1
2023-04-14,W004,35.9,0.6,0
2023-04-15,W004,35.6,1.1,0
2023-04-16,W004,34.5,2.4,0
2023-04-17,W004,34.3,0.5,0
2023-04-18,W004,37.7,0.4,0
2023-04-19,W004,39.9,0.3,0
2023-04-20,W004,39.8,1.5,0
2023-04-21,W004,42.3,2.1,1
2023-04-22,W004,40.8,0.3,0
2023-04-23,W004,33.9,1.9,0
2023-04-24,W004,39.3,0.1,0
2023-04-25,W004,35.4,0.3,0
2023-04-26,W004,37.2,0.0,0
2023-04-27,W004,39.7,2.2,0
2023-04-28,W004,43.2,1.0,1
2023-04-29,W004,38.8,2.4,0
2023-04-30,W004,37.7,2.5,0
2023-05-01,W004,38.3,5.2,0
2023-05-02,W004,36.0,0.2,0
2023-05-03,W004,39.8,1.2,0
2023-05-04,W004,38.6,0.1,0
2023-05-05,W004,39.1,0.4,0
2023-05-06,W004,37.1,0.5,0
2023-05-07,W004,38.2,0.9,0
2023-05-08,W004,31.8,0.8,0
2023-05-09,W004,37.3,1.5,0
2023-05-10,W004,35.7,1.7,0
2023-05-11,W004,34.5,1.0,0
2023-05-12,W004,36.8,2.9,0
2023-05-13,W004,38.6,2.2,0
2023-05-14,W004,34.5,2.1,0
2023-05-15,W004,40.0,4.4,0
2023-05-16,W004,38.4,6.3,0
2023-05-17,W004,32.5,2.5,0
2023-05-18,W004,33.1,0.9,0
2023-05-19,W004,37.0,0.4,0
2023-05-20,W004,37.9,0.2,0
2023-05-21,W004,36.7,5.3,0
2023-05-22,W004,37.1,0.8,0
2023-05-23,W004,29.4,0.4,0
2023-05-24,W004,34.6,2.1,0
2023-05-25,W004,33.7,2.8,0
2023-05-26,W004,40.7,1.4,0
2023-05-27,W004,41.4,2.0,0
2023-05-28,W004,35.0,0.2,0
2023-05-29,W004,33.3,11.2,0
2023-05-30,W004,39.4,1.8,0
2023-05-31,W004,32.9,2.3,0
2023-06-01,W004,32.3,0.1,0
2023-06-02,W004,37.6,1.6,0
2023-06-03,W004,34.3,1.5,0
2023-06-04,W004,32.6,0.2,0
2023-06-05,W004,38.4,4.7,0
2023-06-06,W004,35.2,3.0,0
2023-06-07,W004,24.3,3.7,0
2023-06-08,W004,34.4,0.4,0
2023-06-09,W004,38.6,7.6,0
2023-06-10,W004,28.2,0.9,0
2023-06-11,W004,30.7,1.8,0
2023-06-12,W004,33.7,0.7,0
2023-06-13,W004,28.7,0.4,0
2023-06-14,W004,32.0,0.7,0
2023-06-15,W004,36.1,0.2,0
2023-06-16,W004,33.9,0.5,0
2023-06-17,W004,31.3,1.7,0
2023-06-18,W004,38.7,2.2,0
2023-06-19,W004,32.7,1.1,0
2023-06-20,W004,29.7,0.3,0
2023-06-21,W004,26.0,1.3,0
2023-06-22,W004,28.3,6.6,0
2023-06-23,W004,33.5,1.4,0
2023-06-24,W004,31.9,0.4,0
2023-06-25,W004,31.4,2.4,0
2023-06-26,W004,32.2,4.1,0
2023-06-27,W004,25.8,1.6,0
2023-06-28,W004,29.0,3.0,0
2023-06-29,W004,23.8,1.9,0
2023-06-30,W004,26.3,1.6,0
2023-07-01,W004,29.4,0.5,0
2023-07-02,W004,30.8,0.2,0
2023-07-03,W004,30.4,3.0,0
2023-07-04,W004,28.7,6.8,0
2023-07-05,W004,30.6,5.0,0
2023-07-06,W004,32.1,2.0,0
2023-07-07,W004,29.0,1.2,0
2023-07-08,W004,31.5,5.0,0
2023-07-09,W004,26.5,6.8,0
2023-07-10,W004,24.8,2.6,0
2023-07-11,W004,27.8,1.6,0
2023-07-12,W004,27.3,0.7,0
2023-07-13,W004,23.4,1.1,0
2023-07-14,W004,28.7,0.9,0
2023-07-15,W004,28.4,1.4,0
2023-07-16,W004,23.1,0.0,0
2023-07-17,W004,23.1,2.4,0
2023-07-18,W004,24.9,2.8,0
2023-07-19,W004,20.6,1.9,0
2023-07-20,W004,21.8,1.4,0
2023-07-21,W004,30.3,5.5,0
2023-07-22,W004,21.9,0.0,0
2023-07-23,W004,27.1,2.1,0
2023-07-24,W004,29.9,10.4,0
2023-07-25,W004,25.6,0.2,0
2023-07-26,W004,22.1,1.6,0
2023-07-27,W004,26.5,0.4,0
2023-07-28,W004,24.2,0.5,0
2023-07-29,W004,23.3,5.7,0
2023-07-30,W004,26.6,5.0,0
2023-07-31,W004,19.3,1.4,0
2023-08-01,W004,22.6,7.7,0
2023-08-02,W004,26.1,2.8,0
2023-08-03,W004,22.4,0.9,0
2023-08-04,W004,20.2,3.4,0
2023-08-05,W004,18.9,2.9,0
2023-08-06,W004,29.7,1.9,0
2023-08-07,W004,30.3,0.2,0
2023-08-08,W004,20.9,0.3,0
2023-08-09,W004,20.5,0.8,0
2023-08-10,W004,24.8,4.3,0
2023-08-11,W004,24.5,2.6,0
2023-08-12,W004,20.2,8.1,0
2023-08-13,W004,20.7,4.8,0
2023-08-14,W004,25.9,2.8,0
2023-08-15,W004,23.5,0.9,0
2023-08-16,W004,24.5,2.8,0
2023-08-17,W004,21.0,9.2,0
2023-08-18,W004,22.6,1.4,0
2023-08-19,W004,23.5,9.7,0
2023-08-20,W004,16.1,1.6,0
2023-08-21,W004,24.9,1.9,0
2023-08-22,W004,17.7,2.6,0
2023-08-23,W004,19.2,0.5,0
2023-08-24,W004,20.9,1.7,0
2023-08-25,W004,21.8,11.2,0
2023-08-26,W004,22.4,0.4,0
2023-08-27,W004,23.9,0.5,0
2023-08-28,W004,23.1,0.1,0
2023-08-29,W004,21.5,1.5,0
2023-08-30,W004,19.3,5.7,0
2023-08-31,W004,21.7,4.1,0
2023-09-01,W004,21.5,0.4,0
2023-09-02,W004,20.7,0.2,0
2023-09-03,W004,20.6,2.1,0
2023-09-04,W004,21.4,2.0,0
2023-09-05,W004,19.1,1.6,0
2023-09-06,W004,23.2,1.3,0
2023-09-07,W004,22.5,0.3,0
2023-09-08,W004,24.9,1.4,0
2023-09-09,W004,21.8,1.7,0
2023-09-10,W004,23.6,1.0,0
2023-09-11,W004,21.8,4.3,0
2023-09-12,W004,19.8,1.4,0
2023-09-13,W004,19.0,4.4,0
2023-09-14,W004,19.7,1.2,0
2023-09-15,W004,18.1,2.3,0
2023-09-16,W004,16.1,4.7,0
2023-09-17,W004,17.7,0.4,0
2023-09-18,W004,20.8,1.7,0
2023-09-19,W004,12.2,1.9,0
2023-09-20,W004,21.7,8.4,0
2023-09-21,W004,20.7,0.2,0
2023-09-22,W004,19.2,3.1,0
2023-09-23,W004,19.3,0.9,0
2023-09-24,W004,24.4,1.5,0
2023-09-25,W004,15.3,1.6,0
2023-09-26,W004,16.7,1.4,0
2023-09-27,W004,15.1,2.9,0
2023-09-28,W004,18.4,1.1,0
2023-09-29,W004,19.0,0.2,0
2023-09-30,W004,18.7,4.9,0
2023-10-01,W004,17.0,3.8,0
2023-10-02,W004,16.3,2.5,0
2023-10-03,W004,18.7,0.7,0
2023-10-04,W004,20.9,0.5,0
2023-10-05,W004,18.7,0.7,0
2023-10-06,W004,15.5,2.3,0
2023-10-07,W004,22.8,0.2,0
2023-10-08,W004,21.6,0.9,0
2023-10-09,W004,22.7,0.0,0
2023-10-10,W004,18.9,2.1,0
2023-10-11,W004,14.5,0.7,0
2023-10-12,W004,18.7,3.0,0
2023-10-13,W004,16.0,3.1,0
2023-10-14,W004,23.0,1.9,0
2023-10-15,W004,21.1,0.9,0
2023-10-16,W004,18.4,1.9,0
2023-10-17,W004,17.9,1.1,0
2023-10-18,W004,20.2,4.2,0
2023-10-19,W004,18.9,0.9,0
2023-10-20,W004,20.5,0.9,0
2023-10-21,W004,18.3,1.3,0
2023-10-22,W004,22.6,1.9,0
2023-10-23,W004,17.7,2.2,0
2023-10-24,W004,18.5,2.5,0
2023-10-25,W004,21.6,0.5,0
2023-10-26,W004,18.3,1.4,0
2023-10-27,W004,17.0,4.4,0
2023-10-28,W004,22.9,2.9,0
2023-10-29,W004,22.7,0.4,0
2023-10-30,W004,17.5,1.9,0
2023-10-31,W004,25.1,0.3,0
2023-11-01,W004,21.5,0.3,0
2023-11-02,W004,21.0,2.5,0
2023-11-03,W004,22.2,6.3,0
2023-11-04,W004,24.5,2.2,0
2023-11-05,W004,28.1,4.6,0
2023-11-06,W004,21.7,0.9,0
2023-11-07,W004,19.5,2.6,0
2023-11-08,W004,25.6,1.8,0
2023-11-09,W004,20.6,1.3,0
2023-11-10,W004,21.1,3.6,0
2023-11-11,W004,17.6,2.0,0
2023-11-12,W004,22.2,1.0,0
2023-11-13,W004,19.5,1.4,0
2023-11-14,W004,23.7,0.3,0
2023-11-15,W004,23.7,5.2,0
2023-11-16,W004,21.5,1.8,0
2023-11-17,W004,22.5,5.7,0
2023-11-18,W004,19.5,1.1,0
2023-11-19,W004,24.9,3.9,0
2023-11-20,W004,18.7,0.0,0
2023-11-21,W004,25.9,1.9,0
2023-11-22,W004,25.3,1.8,0
2023-11-23,W004,20.7,7.6,0
2023-11-24,W004,23.1,4.6,0
2023-11-25,W004,26.2,0.8,0
2023-11-26,W004,22.9,0.9,0
2023-11-27,W004,26.8,1.4,0
2023-11-28,W004,23.8,2.4,0
2023-11-29,W004,22.1,4.8,0
2023-11-30,W004,21.7,0.7,0
2023-12-01,W004,26.4,5.0,0
2023-12-02,W004,27.8,0.9,0
2023-12-03,W004,21.4,2.3,0
2023-12-04,W004,23.7,0.1,0
2023-12-05,W004,23.6,3.8,0
2023-12-06,W004,16.2,0.6,0
2023-12-07,W004,29.2,0.5,0
2023-12-08,W004,25.2,0.8,0
2023-12-09,W004,26.5,0.5,0
2023-12-10,W004,21.4,0.5,0
2023-12-11,W004,21.0,1.5,0
2023-12-12,W004,26.5,1.3,0
2023-12-13,W004,29.1,2.4,0
2023-12-14,W004,28.9,1.2,0
2023-12-15,W004,30.2,3.2,0
2023-12-16,W004,26.3,3.7,0
2023-12-17,W004,31.0,0.0,0
2023-12-18,W004,25.3,0.6,0
2023-12-19,W004,29.4,3.2,0
2023-12-20,W004,27.6,2.1,0
2023-12-21,W004,25.6,1.0,0
2023-12-22,W004,22.4,1.3,0
2023-12-23,W004,35.4,0.2,0
2023-12-24,W004,23.7,0.3,0
2023-12-25,W004,26.5,5.3,0
2023-12-26,W004,29.4,0.4,0
2023-12-27,W004,24.9,3.7,0
2023-12-28,W004,25.8,1.9,0
2023-12-29,W004,29.2,0.3,0
2023-12-30,W004,27.2,3.1,0
2023-12-31,W004,34.2,3.2,0
2024-01-01,W004,27.0,4.9,0
2024-01-02,W004,29.8,0.2,0
2024-01-03,W004,26.5,9.2,0
2024-01-04,W004,27.6,5.3,0
2024-01-05,W004,36.4,4.4,0
2024-01-06,W004,31.6,1.5,0
2024-01-07,W004,29.8,3.1,0
2024-01-08,W004,28.1,6.5,0
2024-01-09,W004,31.2,0.9,0
2024-01-10,W004,30.9,0.3,0
2024-01-11,W004,34.6,1.2,0
2024-01-12,W004,34.5,3.7,0
2024-01-13,W004,28.1,0.5,0
2024-01-14,W004,31.2,4.6,0
2024-01-15,W004,36.8,1.0,0
2024-01-16,W004,35.1,1.4,0
2024-01-17,W004,29.9,6.4,0
2024-01-18,W004,32.5,2.8,0
2024-01-19,W004,32.1,3.3,0
2024-01-20,W004,31.1,1.0,0
2024-01-21,W004,26.2,2.0,0
2024-01-22,W004,35.9,1.0,0
2024-01-23,W004,33.9,0.8,0
2024-01-24,W004,35.1,1.8,0
2024-01-25,W004,31.3,3.1,0
2024-01-26,W004,27.1,1.0,0
2024-01-27,W004,32.8,1.3,0
2024-01-28,W004,33.6,0.1,0
2024-01-29,W004,27.8,0.3,0
2024-01-30,W004,36.3,2.4,0
2024-01-31,W004,33.2,1.6,0
2024-02-01,W004,36.9,2.6,0
2024-02-02,W004,31.8,1.1,0
2024-02-03,W004,42.0,0.8,1
2024-02-04,W004,37.0,6.2,0
2024-02-05,W004,39.4,1.2,0
2024-02-06,W004,30.9,0.5,0
2024-02-07,W004,41.2,0.9,0
2024-02-08,W004,30.6,10.6,0
2024-02-09,W004,33.5,0.6,0
2024-02-10,W004,35.7,5.0,0
2024-02-11,W004,33.9,3.5,0
2024-02-12,W004,32.3,0.3,0
2024-02-13,W004,37.0,1.4,0
2024-02-14,W004,40.0,1.4,0
2024-02-15,W004,39.4,1.2,0
2024-02-16,W004,37.6,0.4,0
2024-02-17,W004,41.5,6.1,0
2024-02-18,W004,37.8,0.2,0
2024-02-19,W004,40.0,2.4,0
2024-02-20,W004,39.8,1.9,0
2024-02-21,W004,35.9,2.0,0
2024-02-22,W004,38.3,2.1,0
2024-02-23,W004,36.4,2.0,0
2024-02-24,W004,39.2,0.2,0
2024-02-25,W004,35.9,2.7,0
2024-02-26,W004,29.6,3.8,0
2024-02-27,W004,38.0,1.9,0
2024-02-28,W004,37.2,1.0,0
2024-02-29,W004,42.1,0.7,1
2024-03-01,W004,37.3,2.4,0
2024-03-02,W004,38.4,0.6,0
2024-03-03,W004,37.8,0.7,0
2024-03-04,W004,36.6,0.9,0
2024-03-05,W004,38.2,2.8,0
2024-03-06,W004,38.2,0.4,0
2024-03-07,W004,41.9,0.7,0
2024-03-08,W004,38.6,0.4,0
2024-03-09,W004,33.6,0.6,0
2024-03-10,W004,37.3,0.2,0
2024-03-11,W004,37.3,1.4,0
2024-03-12,W004,35.4,4.1,0
2024-03-13,W004,39.3,1.3,0
2024-03-14,W004,42.6,0.1,1
2024-03-15,W004,37.4,4.7,0
2024-03-16,W004,35.3,1.4,0
2024-03-17,W004,41.9,3.3,0
2024-03-18,W004,37.4,7.2,0
2024-03-19,W004,40.7,2.4,0
2024-03-20,W004,39.6,0.8,0
2024-03-21,W004,37.0,0.3,0
2024-03-22,W004,43.6,3.3,1
2024-03-23,W004,37.6,0.6,0
2024-03-24,W004,47.3,5.2,1
2024-03-25,W004,39.1,9.2,0
2024-03-26,W004,40.7,12.4,0
2024-03-27,W004,39.2,6.5,0
2024-03-28,W004,49.2,1.4,1
2024-03-29,W004,35.9,0.9,0
2024-03-30,W004,32.8,1.7,0
2024-03-31,W004,40.7,0.7,0
2024-04-01,W004,41.0,0.9,0
2024-04-02,W004,38.5,2.1,0
2024-04-03,W004,36.2,1.5,0
2024-04-04,W004,42.1,1.6,1
2024-04-05,W004,39.5,1.0,0
2024-04-06,W004,38.6,3.6,0
2024-04-07,W004,37.3,3.0,0
2024-04-08,W004,37.1,1.4,0
2024-04-09,W004,40.6,1.6,0
2024-04-10,W004,39.6,2.2,0
2024-04-11,W004,39.4,5.5,0
2024-04-12,W004,41.6,0.8,0
2024-04-13,W004,38.9,0.5,0
2024-04-14,W004,36.1,6.8,0
2024-04-15,W004,37.6,1.0,0
2024-04-16,W004,36.1,1.6,0
2024-04-17,W004,30.9,0.4,0
2024-04-18,W004,39.6,0.0,0
2024-04-19,W004,35.0,2.7,0
2024-04-20,W004,39.1,1.6,0
2024-04-21,W004,42.2,1.0,1
2024-04-22,W004,42.0,0.3,1
2024-04-23,W004,41.2,1.0,0
2024-04-24,W004,36.6,0.1,0
2024-04-25,W004,34.1,6.6,0
2024-04-26,W004,37.2,5.9,0
2024-04-27,W004,40.3,0.9,0
2024-04-28,W004,38.7,2.5,0
2024-04-29,W004,40.8,1.4,0
2024-04-30,W004,35.2,1.7,0
2024-05-01,W004,35.7,0.3,0
2024-05-02,W004,36.6,0.4,0
2024-05-03,W004,37.5,0.7,0
2024-05-04,W004,45.1,0.7,1
2024-05-05,W004,40.8,3.1,0
2024-05-06,W004,39.9,2.1,0
2024-05-07,W004,40.2,0.6,0
2024-05-08,W004,37.8,0.7,0
2024-05-09,W004,35.3,0.9,0
2024-05-10,W004,35.5,1.7,0
2024-05-11,W004,36.5,2.4,0
2024-05-12,W004,40.7,0.6,0
2024-05-13,W004,37.6,2.3,0
2024-05-14,W004,34.8,2.7,0
2024-05-15,W004,39.5,0.9,0
2024-05-16,W004,40.3,0.6,0
2024-05-17,W004,36.4,5.4,0
2024-05-18,W004,33.4,0.9,0
2024-05-19,W004,35.4,1.1,0
2024-05-20,W004,38.7,0.2,0
2024-05-21,W004,39.4,3.0,0
2024-05-22,W004,36.1,2.7,0
2024-05-23,W004,33.2,0.8,0
2024-05-24,W004,30.4,0.5,0
2024-05-25,W004,36.7,3.4,0
2024-05-26,W004,31.9,0.2,0
2024-05-27,W004,33.5,0.2,0
2024-05-28,W004,34.7,0.0,0
2024-05-29,W004,36.1,0.3,0
2024-05-30,W004,34.6,2.2,0
2024-05-31,W004,33.2,0.3,0
2024-06-01,W004,36.6,1.0,0
2024-06-02,W004,33.7,2.6,0
2024-06-03,W004,31.7,4.2,0
2024-06-04,W004,34.1,0.0,0
2024-06-05,W004,31.9,3.6,0
2024-06-06,W004,34.6,0.2,0
2024-06-07,W004,33.4,0.3,0
2024-06-08,W004,34.3,0.4,0
2024-06-09,W004,33.9,3.4,0
2024-06-10,W004,34.1,0.9,0
2024-06-11,W004,33.0,1.4,0
2024-06-12,W004,37.2,0.7,0
2024-06-13,W004,28.8,2.6,0
2024-06-14,W004,30.0,0.1,0
2024-06-15,W004,26.7,3.1,0
2024-06-16,W004,33.3,2.1,0
2024-06-17,W004,31.6,0.2,0
2024-06-18,W004,27.7,0.5,0
2024-06-19,W004,33.4,3.7,0
2024-06-20,W004,27.3,2.6,0
2024-06-21,W004,32.2,0.1,0
2024-06-22,W004,31.8,0.3,0
2024-06-23,W004,32.0,1.3,0
2024-06-24,W004,31.8,3.6,0
2024-06-25,W004,27.2,0.1,0
2024-06-26,W004,34.4,1.1,0
2024-06-27,W004,30.8,0.7,0
2024-06-28,W004,25.5,1.0,0
2024-06-29,W004,26.5,1.3,0
2024-06-30,W004,30.1,6.7,0
2024-07-01,W004,25.9,0.2,0
2024-07-02,W004,31.2,6.3,0
2024-07-03,W004,32.0,6.8,0
2024-07-04,W004,31.3,1.8,0
2024-07-05,W004,30.1,0.0,0
2024-07-06,W004,29.8,3.0,0
2024-07-07,W004,30.5,1.7,0
2024-07-08,W004,27.8,0.5,0
2024-07-09,W004,24.5,0.4,0
2024-07-10,W004,25.0,2.7,0
2024-07-11,W004,29.9,1.0,0
2024-07-12,W004,32.6,1.5,0
2024-07-13,W004,28.7,0.7,0
2024-07-14,W004,26.1,0.4,0
2024-07-15,W004,24.9,2.3,0
2024-07-16,W004,27.4,0.8,0
2024-07-17,W004,27.2,1.4,0
2024-07-18,W004,28.5,0.0,0
2024-07-19,W004,26.8,4.5,0
2024-07-20,W004,27.4,2.7,0
2024-07-21,W004,20.4,4.0,0
2024-07-22,W004,26.6,5.6,0
2024-07-23,W004,23.2,2.1,0
2024-07-24,W004,26.5,4.0,0
2024-07-25,W004,23.5,2.9,0
2024-07-26,W004,22.9,2.7,0
2024-07-27,W004,25.7,3.7,0
2024-07-28,W004,24.0,0.1,0
2024-07-29,W004,23.6,4.5,0
2024-07-30,W004,20.3,1.0,0
2024-07-31,W004,24.5,0.1,0
2024-08-01,W004,26.7,0.4,0
2024-08-02,W004,18.5,3.6,0
2024-08-03,W004,23.1,10.6,0
2024-08-04,W004,22.6,8.9,0
2024-08-05,W004,24.7,1.1,0
2024-08-06,W004,25.1,1.5,0
2024-08-07,W004,24.8,0.3,0
2024-08-08,W004,27.7,3.4,0
2024-08-09,W004,22.8,0.8,0
2024-08-10,W004,23.6,2.0,0
2024-08-11,W004,24.4,1.3,0
2024-08-12,W004,24.9,7.2,0
2024-08-13,W004,20.7,4.5,0
2024-08-14,W004,22.6,2.3,0
2024-08-15,W004,17.2,3.6,0
2024-08-16,W004,19.7,2.2,0
2024-08-17,W004,22.4,6.1,0
2024-08-18,W004,22.8,0.7,0
2024-08-19,W004,18.4,3.3,0
2024-08-20,W004,25.2,6.8,0
2024-08-21,W004,20.3,0.1,0
2024-08-22,W004,25.0,2.8,0
2024-08-23,W004,22.3,0.7,0
2024-08-24,W004,22.0,3.8,0
2024-08-25,W004,24.6,0.5,0
2024-08-26,W004,20.2,1.4,0
2024-08-27,W004,21.6,0.5,0
2024-08-28,W004,21.1,1.0,0
2024-08-29,W004,15.2,5.1,0
2024-08-30,W004,20.3,2.0,0
2024-08-31,W004,21.6,7.4,0
2024-09-01,W004,20.7,1.3,0
2024-09-02,W004,20.1,0.2,0
2024-09-03,W004,22.2,0.5,0
2024-09-04,W004,19.5,0.7,0
2024-09-05,W004,20.8,2.3,0
2024-09-06,W004,22.5,2.4,0
2024-09-07,W004,22.0,2.6,0
2024-09-08,W004,17.4,2.2,0
2024-09-09,W004,20.2,13.7,0
2024-09-10,W004,22.7,0.7,0
2024-09-11,W004,15.0,0.8,0
2024-09-12,W004,21.0,2.3,0
2024-09-13,W004,14.9,5.7,0
2024-09-14,W004,16.9,0.1,0
2024-09-15,W004,17.8,1.3,0
2024-09-16,W004,16.8,0.5,0
2024-09-17,W004,17.8,0.1,0
2024-09-18,W004,22.1,0.1,0
2024-09-19,W004,24.0,0.0,0
2024-09-20,W004,19.9,0.7,0
2024-09-21,W004,18.2,0.1,0
2024-09-22,W004,15.0,0.0,0
2024-09-23,W004,16.3,2.2,0
2024-09-24,W004,16.0,2.5,0
2024-09-25,W004,19.5,1.4,0
2024-09-26,W004,23.9,4.5,0
2024-09-27,W004,20.3,4.3,0
2024-09-28,W004,22.4,2.4,0
2024-09-29,W004,20.4,1.8,0
2024-09-30,W004,17.1,2.2,0
2024-10-01,W004,15.0,6.3,0
2024-10-02,W004,19.9,0.0,0
2024-10-03,W004,18.6,0.9,0
2024-10-04,W004,17.9,3.0,0
2024-10-05,W004,21.5,2.8,0
2024-10-06,W004,21.2,0.7,0
2024-10-07,W004,15.1,4.4,0
2024-10-08,W004,23.0,1.0,0
2024-10-09,W004,25.3,0.4,0
2024-10-10,W004,16.8,0.6,0
2024-10-11,W004,25.1,0.8,0
2024-10-12,W004,17.3,0.4,0
2024-10-13,W004,21.2,3.3,0
2024-10-14,W004,20.8,2.0,0
2024-10-15,W004,19.2,13.4,0
2024-10-16,W004,24.1,3.7,0
2024-10-17,W004,18.8,1.0,0
2024-10-18,W004,16.2,0.2,0
2024-10-19,W004,22.3,0.2,0
2024-10-20,W004,18.7,0.4,0
2024-10-21,W004,19.4,1.1,0
2024-10-22,W004,22.1,2.7,0
2024-10-23,W004,18.6,3.3,0
2024-10-24,W004,22.1,6.8,0
2024-10-25,W004,17.4,1.2,0
2024-10-26,W004,21.3,0.9,0
2024-10-27,W004,15.8,0.8,0
2024-10-28,W004,18.8,1.6,0
2024-10-29,W004,19.3,2.4,0
2024-10-30,W004,19.4,1.8,0
2024-10-31,W004,19.9,3.2,0
2024-11-01,W004,25.9,1.9,0
2024-11-02,W004,20.4,0.9,0
2024-11-03,W004,20.8,0.2,0
2024-11-04,W004,20.0,0.7,0
2024-11-05,W004,23.7,2.1,0
2024-11-06,W004,24.0,7.5,0
2024-11-07,W004,23.9,2.0,0
2024-11-08,W004,27.2,2.4,0
2024-11-09,W004,26.6,0.7,0
2024-11-10,W004,24.4,1.1,0
2024-11-11,W004,20.3,1.1,0
2024-11-12,W004,21.5,0.7,0
2024-11-13,W004,20.2,5.3,0
2024-11-14,W004,22.2,6.5,0
2024-11-15,W004,20.2,0.4,0
2024-11-16,W004,26.0,4.0,0
2024-11-17,W004,21.1,0.6,0
2024-11-18,W004,26.9,0.6,0
2024-11-19,W004,21.8,2.9,0
2024-11-20,W004,25.8,1.8,0
2024-11-21,W004,24.9,8.1,0
2024-11-22,W004,26.8,2.0,0
2024-11-23,W004,25.5,0.4,0
2024-11-24,W004,23.9,2.4,0
2024-11-25,W004,19.3,0.4,0
2024-11-26,W004,21.0,0.3,0
2024-11-27,W004,23.6,0.1,0
2024-11-28,W004,27.1,8.2,0
2024-11-29,W004,18.7,2.4,0
2024-11-30,W004,26.5,0.1,0
2024-12-01,W004,23.1,0.1,0
2024-12-02,W004,23.8,0.3,0
2024-12-03,W004,24.0,4.6,0
2024-12-04,W004,25.6,8.7,0
2024-12-05,W004,25.7,1.2,0
2024-12-06,W004,25.8,0.0,0
2024-12-07,W004,23.1,4.6,0
2024-12-08,W004,24.9,0.6,0
2024-12-09,W004,22.6,5.0,0
2024-12-10,W004,27.1,0.8,0
2024-12-11,W004,28.0,2.1,0
2024-12-12,W004,22.7,1.4,0
2024-12-13,W004,23.3,5.5,0
2024-12-14,W004,26.2,3.5,0
2024-12-15,W004,24.0,1.1,0
2024-12-16,W004,24.1,1.5,0
2024-12-17,W004,23.6,1.4,0
2024-12-18,W004,32.1,1.5,0
2024-12-19,W004,27.2,2.8,0
2024-12-20,W004,31.2,0.6,0
2024-12-21,W004,32.5,2.0,0
2024-12-22,W004,25.9,2.3,0
2024-12-23,W004,25.7,2.4,0
2024-12-24,W004,30.2,1.9,0
2024-12-25,W004,32.3,0.9,0
2024-12-26,W004,26.2,0.7,0
2024-12-27,W004,29.0,0.2,0
2024-12-28,W004,23.4,0.5,0
2024-12-29,W004,29.9,0.0,0
2024-12-30,W004,31.9,2.2,0
2024-12-31,W004,29.9,0.8,0
2025-01-01,W004,31.3,0.8,0
2025-01-02,W004,29.1,2.0,0
2025-01-03,W004,33.1,0.5,0
2025-01-04,W004,27.9,0.0,0
2025-01-05,W004,30.8,0.7,0
2025-01-06,W004,31.4,0.4,0
2025-01-07,W004,27.5,1.1,0
2025-01-08,W004,29.5,1.6,0
2025-01-09,W004,31.9,3.7,0
2025-01-10,W004,24.7,2.9,0
2025-01-11,W004,32.4,0.5,0
2025-01-12,W004,27.8,1.7,0
2025-01-13,W004,33.2,2.0,0
2025-01-14,W004,30.7,1.1,0
2025-01-15,W004,35.7,1.2,0
2025-01-16,W004,30.0,0.9,0
2025-01-17,W004,32.2,2.9,0
2025-01-18,W004,32.4,0.0,0
2025-01-19,W004,31.7,0.6,0
2025-01-20,W004,35.0,2.4,0
2025-01-21,W004,36.5,0.8,0
2025-01-22,W004,33.5,2.5,0
2025-01-23,W004,31.2,3.4,0
2025-01-24,W004,28.5,0.2,0
2025-01-25,W004,39.9,0.3,0
2025-01-26,W004,33.8,2.5,0
2025-01-27,W004,35.4,3.8,0
2025-01-28,W004,35.8,0.7,0
2025-01-29,W004,36.3,0.3,0
2025-01-30,W004,33.0,0.1,0
2025-01-31,W004,35.2,1.0,0
2025-02-01,W004,32.1,2.1,0
2025-02-02,W004,38.0,11.0,0
2025-02-03,W004,37.8,3.3,0
2025-02-04,W004,31.8,2.9,0
2025-02-05,W004,38.4,0.9,0
2025-02-06,W004,36.5,0.6,0
2025-02-07,W004,35.0,3.6,0
2025-02-08,W004,32.5,2.8,0
2025-02-09,W004,40.0,0.9,0
2025-02-10,W004,30.5,4.9,0
2025-02-11,W004,37.4,3.8,0
2025-02-12,W004,36.9,4.8,0
2025-02-13,W004,36.2,0.2,0
2025-02-14,W004,37.8,0.8,0
2025-02-15,W004,37.0,2.0,0
2025-02-16,W004,40.7,0.4,0
2025-02-17,W004,35.9,4.0,0
2025-02-18,W004,34.5,0.9,0
2025-02-19,W004,42.3,0.1,1
2025-02-20,W004,34.8,4.9,0
2025-02-21,W004,38.8,0.4,0
2025-02-22,W004,33.2,0.3,0
2025-02-23,W004,36.6,0.7,0
2025-02-24,W004,39.6,0.6,0
2025-02-25,W004,39.4,1.0,0
2025-02-26,W004,41.4,0.4,0
2025-02-27,W004,37.8,0.1,0
2025-02-28,W004,35.7,1.8,0
2025-03-01,W004,34.2,1.5,0
2025-03-02,W004,40.1,2.0,0
2025-03-03,W004,40.9,0.8,0
2025-03-04,W004,40.2,2.0,0
2025-03-05,W004,36.2,3.3,0
2025-03-06,W004,38.3,1.1,0
2025-03-07,W004,39.7,0.5,0
2025-03-08,W004,35.2,0.4,0
2025-03-09,W004,35.3,0.7,0
2025-03-10,W004,34.0,0.4,0
2025-03-11,W004,46.7,1.3,1
2025-03-12,W004,40.4,1.4,0
2025-03-13,W004,40.9,1.1,0
2025-03-14,W004,35.2,1.0,0
2025-03-15,W004,39.7,0.9,0
2025-03-16,W004,41.4,5.5,0
2025-03-17,W004,40.8,3.3,0
2025-03-18,W004,36.3,1.4,0
2025-03-19,W004,40.5,1.8,0
2025-03-20,W004,39.2,0.0,0
2025-03-21,W004,37.4,0.7,0
2025-03-22,W004,37.0,0.1,0
2025-03-23,W004,40.7,1.5,0
2025-03-24,W004,41.1,0.5,0
2025-03-25,W004,42.3,0.5,1
2025-03-26,W004,41.8,1.2,0
2025-03-27,W004,40.6,2.7,0
2025-03-28,W004,38.1,0.7,0
2025-03-29,W004,35.2,2.1,0
2025-03-30,W004,33.3,0.1,0
2025-03-31,W004,39.2,0.7,0
2025-04-01,W004,39.9,3.1,0
2025-04-02,W004,41.4,1.0,0
2025-04-03,W004,35.3,0.6,0
2025-04-04,W004,38.4,1.7,0
2025-04-05,W004,41.0,2.2,0
2025-04-06,W004,37.1,2.2,0
2025-04-07,W004,41.8,3.9,0
2025-04-08,W004,40.0,1.2,0
2025-04-09,W004,37.4,1.7,0
2025-04-10,W004,36.5,2.7,0
2025-04-11,W004,36.3,2.1,0
2025-04-12,W004,39.7,2.4,0
2025-04-13,W004,34.5,3.3,0
2025-04-14,W004,43.3,0.8,1
2025-04-15,W004,38.5,0.8,0
2025-04-16,W004,37.5,2.6,0
2025-04-17,W004,36.5,5.6,0
2025-04-18,W004,36.3,0.5,0
2025-04-19,W004,36.2,0.5,0
2025-04-20,W004,37.9,0.6,0
2025-04-21,W004,39.1,0.4,0
2025-04-22,W004,40.6,0.1,0
2025-04-23,W004,43.6,3.3,1
2025-04-24,W004,34.7,3.2,0
2025-04-25,W004,38.1,1.7,0
2025-04-26,W004,34.7,1.4,0
2025-04-27,W004,40.9,1.1,0
2025-04-28,W004,34.3,0.5,0
2025-04-29,W004,35.8,5.0,0
2025-04-30,W004,34.6,1.2,0
2025-05-01,W004,37.6,0.7,0
2025-05-02,W004,42.1,1.1,1
2025-05-03,W004,31.9,0.8,0
2025-05-04,W004,38.5,2.1,0
2025-05-05,W004,37.9,0.3,0
2025-05-06,W004,41.8,2.4,0
2025-05-07,W004,40.5,0.8,0
2025-05-08,W004,32.9,0.7,0
2025-05-09,W004,37.2,5.0,0
2025-05-10,W004,37.8,0.8,0
2025-05-11,W004,36.6,0.8,0
2025-05-12,W004,39.6,0.3,0
2025-05-13,W004,39.2,1.0,0
2025-05-14,W004,37.3,2.2,0
2025-05-15,W004,37.9,1.7,0
2025-05-16,W004,36.3,3.8,0
2025-05-17,W004,38.0,6.2,0
2025-05-18,W004,33.4,3.0,0
2025-05-19,W004,37.0,0.7,0
2025-05-20,W004,32.5,2.8,0
2025-05-21,W004,34.5,2.9,0
2025-05-22,W004,35.0,1.6,0
2025-05-23,W004,37.2,1.7,0
2025-05-24,W004,39.3,7.8,0
2025-05-25,W004,35.6,1.6,0
2025-05-26,W004,34.7,0.0,0
2025-05-27,W004,39.6,5.8,0
2025-05-28,W004,40.0,0.2,0
2025-05-29,W004,33.7,1.0,0
2025-05-30,W004,31.2,0.1,0
2025-05-31,W004,31.6,0.3,0
2025-06-01,W004,35.7,5.9,0
2025-06-02,W004,31.5,3.2,0
2025-06-03,W004,32.7,6.3,0
2025-06-04,W004,33.1,1.6,0
2025-06-05,W004,32.9,3.6,0
2025-06-06,W004,28.2,1.1,0
2025-06-07,W004,34.3,3.7,0
2025-06-08,W004,32.7,1.9,0
2025-06-09,W004,37.0,6.7,0
2025-06-10,W004,32.6,0.4,0
2025-06-11,W004,35.3,1.2,0
2025-06-12,W004,38.5,1.6,0
2025-06-13,W004,31.5,0.9,0
2025-06-14,W004,34.5,1.3,0
2025-06-15,W004,29.1,3.2,0
2025-06-16,W004,38.5,5.3,0
2025-06-17,W004,31.8,10.8,0
2025-06-18,W004,38.7,1.2,0
2025-06-19,W004,31.7,0.8,0
2025-06-20,W004,28.2,0.5,0
2025-06-21,W004,28.7,2.8,0
2025-06-22,W004,32.4,2.0,0
2025-06-23,W004,29.9,7.1,0
2025-06-24,W004,31.9,0.3,0
2025-06-25,W004,32.6,0.1,0
2025-06-26,W004,32.8,1.4,0
2025-06-27,W004,31.3,0.7,0
2025-06-28,W004,28.0,0.6,0
2025-06-29,W004,29.0,0.8,0
2025-06-30,W004,34.9,0.1,0
2025-07-01,W004,33.2,5.5,0
2025-07-02,W004,32.2,0.4,0
2025-07-03,W004,30.0,1.9,0
2025-07-04,W004,31.4,4.9,0
2025-07-05,W004,22.3,2.9,0
2025-07-06,W004,24.8,7.3,0
2025-07-07,W004,31.8,2.2,0
2025-07-08,W004,29.8,2.6,0
2025-07-09,W004,27.4,0.9,0
2025-07-10,W004,29.6,2.9,0
2025-07-11,W004,28.8,2.5,0
2025-07-12,W004,27.2,4.4,0
2025-07-13,W004,32.2,1.4,0
2025-07-14,W004,25.3,5.5,0
2025-07-15,W004,28.2,1.1,0
2025-07-16,W004,25.1,4.7,0
2025-07-17,W004,27.9,2.3,0
2025-07-18,W004,29.9,4.6,0
2025-07-19,W004,27.3,1.0,0
2025-07-20,W004,27.1,9.3,0
2025-07-21,W004,29.4,7.8,0
2025-07-22,W004,20.0,1.4,0
2025-07-23,W004,20.0,0.2,0
2025-07-24,W004,31.1,4.7,0
2025-07-25,W004,18.9,7.6,0
2025-07-26,W004,26.6,0.0,0
2025-07-27,W004,28.4,1.3,0
2025-07-28,W004,25.5,0.6,0
2025-07-29,W004,21.0,0.3,0
2025-07-30,W004,25.0,0.7,0
2025-07-31,W004,22.9,0.8,0
2025-08-01,W004,24.4,1.9,0
2025-08-02,W004,26.3,2.8,0
2025-08-03,W004,21.8,2.6,0
2025-08-04,W004,21.4,6.0,0
2025-08-05,W004,21.0,0.1,0
2025-08-06,W004,22.1,0.5,0
2025-08-07,W004,27.5,4.0,0
2025-08-08,W004,22.4,1.3,0
2025-08-09,W004,21.0,1.0,0
2025-08-10,W004,25.9,13.9,0
2025-08-11,W004,23.0,0.5,0
2025-08-12,W004,23.1,4.4,0
2025-08-13,W004,25.6,1.1,0
2025-08-14,W004,19.2,2.2,0
2025-08-15,W004,20.3,5.8,0
2025-08-16,W004,21.3,5.6,0
2025-08-17,W004,27.0,2.1,0
2025-08-18,W004,21.5,1.9,0
2025-08-19,W004,26.9,2.1,0
2025-08-20,W004,21.5,2.1,0
2025-08-21,W004,25.4,1.1,0
2025-08-22,W004,24.7,1.4,0
2025-08-23,W004,23.5,5.2,0
2025-08-24,W004,18.2,1.4,0
2025-08-25,W004,21.6,2.9,0
2025-08-26,W004,22.5,2.1,0
2025-08-27,W004,25.1,2.8,0
2025-08-28,W004,19.1,4.4,0
2025-08-29,W004,19.0,2.3,0
2025-08-30,W004,19.1,13.8,0
2025-08-31,W004,24.6,3.2,0
2025-09-01,W004,21.1,1.7,0
2025-09-02,W004,23.4,3.1,0
2025-09-03,W004,17.3,4.9,0
2025-09-04,W004,19.4,4.9,0
2025-09-05,W004,27.4,1.8,0
2025-09-06,W004,17.5,1.3,0
2025-09-07,W004,23.3,3.1,0
2025-09-08,W004,20.5,0.1,0
2025-09-09,W004,16.4,1.9,0
2025-09-10,W004,19.8,1.5,0
2025-09-11,W004,23.9,2.5,0
2025-09-12,W004,20.4,7.3,0
2025-09-13,W004,17.0,1.3,0
2025-09-14,W004,20.0,0.5,0
2025-09-15,W004,20.7,7.0,0
2025-09-16,W004,20.5,2.5,0
2025-09-17,W004,20.6,0.5,0
2025-09-18,W004,19.6,1.7,0
2025-09-19,W004,21.1,0.6,0
2025-09-20,W004,14.6,0.7,0
2025-09-21,W004,22.2,0.4,0
2025-09-22,W004,23.0,2.4,0
2025-09-23,W004,16.9,1.5,0
2025-09-24,W004,17.4,0.2,0
2025-09-25,W004,21.5,0.5,0
2025-09-26,W004,20.8,0.6,0
2025-09-27,W004,17.5,0.3,0
2025-09-28,W004,17.8,1.1,0
2025-09-29,W004,21.1,0.2,0
2025-09-30,W004,16.7,0.1,0
2025-10-01,W004,18.5,0.4,0
2025-10-02,W004,16.1,1.8,0
2025-10-03,W004,21.3,4.8,0
2025-10-04,W004,17.7,1.2,0
2025-10-05,W004,21.6,3.2,0
2025-10-06,W004,20.7,4.5,0
2025-10-07,W004,17.2,2.2,0
2025-10-08,W004,20.6,1.1,0
2025-10-09,W004,17.7,0.6,0
2025-10-10,W004,11.7,1.5,0
2025-10-11,W004,21.9,3.7,0
2025-10-12,W004,21.3,2.4,0
2025-10-13,W004,18.2,2.1,0
2025-10-14,W004,18.5,1.9,0
2025-10-15,W004,20.5,3.2,0
2025-10-16,W004,22.0,0.6,0
2025-10-17,W004,19.5,3.6,0
2025-10-18,W004,18.5,0.4,0
2025-10-19,W004,21.3,2.0,0
2025-10-20,W004,19.7,2.1,0
2025-10-21,W004,13.8,0.0,0
2025-10-22,W004,17.5,3.4,0
2025-10-23,W004,18.0,1.2,0
2025-10-24,W004,22.1,3.4,0
2025-10-25,W004,18.6,0.2,0
2025-10-26,W004,23.4,12.2,0
2025-10-27,W004,21.6,4.8,0
2025-10-28,W004,17.8,0.1,0
2025-10-29,W004,21.7,1.2,0
2025-10-30,W004,25.8,1.9,0
2025-10-31,W004,19.9,4.4,0
2025-11-01,W004,16.6,2.5,0
2025-11-02,W004,16.4,1.0,0
2025-11-03,W004,23.9,0.8,0
2025-11-04,W004,19.2,5.1,0
2025-11-05,W004,19.1,2.7,0
2025-11-06,W004,20.9,6.7,0
2025-11-07,W004,19.4,1.5,0
2025-11-08,W004,19.4,1.2,0
2025-11-09,W004,21.9,2.8,0
2025-11-10,W004,25.7,3.3,0
2025-11-11,W004,16.6,0.3,0
2025-11-12,W004,22.8,0.9,0
2025-11-13,W004,27.2,0.8,0
2025-11-14,W004,19.1,1.2,0
2025-11-15,W004,18.5,1.3,0
2025-11-16,W004,19.6,6.0,0
2025-11-17,W004,18.9,1.1,0
2025-11-18,W004,19.5,0.9,0
2025-11-19,W004,26.4,0.0,0
2025-11-20,W004,26.2,1.2,0
2025-11-21,W004,25.0,0.2,0
2025-11-22,W004,27.4,0.5,0
2025-11-23,W004,23.4,1.0,0
2025-11-24,W004,22.7,0.5,0
2025-11-25,W004,21.7,0.3,0
2025-11-26,W004,17.4,1.5,0
2025-11-27,W004,23.6,0.1,0
2025-11-28,W004,20.5,1.5,0
2025-11-29,W004,28.1,0.1,0
2025-11-30,W004,24.0,1.3,0
2025-12-01,W004,25.8,2.7,0
2025-12-02,W004,23.9,0.2,0
2025-12-03,W004,21.6,7.0,0
2025-12-04,W004,22.8,5.7,0
2025-12-05,W004,22.4,1.3,0
2025-12-06,W004,21.3,1.4,0
2025-12-07,W004,20.9,2.0,0
2025-12-08,W004,25.4,0.1,0
2025-12-09,W004,26.2,2.9,0
2025-12-10,W004,31.2,5.1,0
2025-12-11,W004,28.8,3.6,0
2025-12-12,W004,27.5,4.5,0
2025-12-13,W004,32.0,2.0,0
2025-12-14,W004,20.8,4.2,0
2025-12-15,W004,26.6,0.5,0
2025-12-16,W004,24.2,0.2,0
2025-12-17,W004,28.9,0.8,0
2025-12-18,W004,22.7,2.3,0
2025-12-19,W004,26.7,9.2,0
2025-12-20,W004,27.3,0.5,0
2025-12-21,W004,27.4,0.0,0
2025-12-22,W004,29.7,0.3,0
2025-12-23,W004,26.9,1.0,0
2025-12-24,W004,29.0,4.0,0
2025-12-25,W004,22.0,0.4,0
2025-12-26,W004,29.3,0.1,0
2025-12-27,W004,29.9,2.6,0
2025-12-28,W004,26.4,4.0,0
2025-12-29,W004,32.7,4.7,0
2025-12-30,W004,32.1,1.7,0
2025-12-31,W004,30.8,2.0,0
2023-01-01,W005,15.6,0.7,0
2023-01-02,W005,22.9,2.2,0
2023-01-03,W005,20.1,1.5,0
2023-01-04,W005,24.9,5.2,0
2023-01-05,W005,22.2,0.5,0
2023-01-06,W005,28.2,1.2,0
2023-01-07,W005,24.4,0.1,0
2023-01-08,W005,21.8,0.3,0
2023-01-09,W005,27.6,0.9,0
2023-01-10,W005,19.2,5.0,0
2023-01-11,W005,23.5,0.7,0
2023-01-12,W005,19.3,2.6,0
2023-01-13,W005,22.7,3.0,0
2023-01-14,W005,29.6,3.1,0
2023-01-15,W005,28.3,0.4,0
2023-01-16,W005,25.9,1.2,0
2023-01-17,W005,24.9,6.2,0
2023-01-18,W005,30.5,11.2,0
2023-01-19,W005,22.5,3.8,0
2023-01-20,W005,22.8,4.7,0
2023-01-21,W005,23.9,2.8,0
2023-01-22,W005,22.7,2.5,0
2023-01-23,W005,29.6,0.7,0
2023-01-24,W005,28.2,2.2,0
2023-01-25,W005,27.3,2.7,0
2023-01-26,W005,27.5,0.5,0
2023-01-27,W005,28.0,1.6,0
2023-01-28,W005,30.3,3.0,0
2023-01-29,W005,26.1,3.6,0
2023-01-30,W005,28.9,0.4,0
2023-01-31,W005,28.9,0.5,0
2023-02-01,W005,23.8,2.2,0
2023-02-02,W005,25.2,0.5,0
2023-02-03,W005,28.2,2.7,0
2023-02-04,W005,23.6,5.4,0
2023-02-05,W005,29.9,3.0,0
2023-02-06,W005,27.5,6.6,0
2023-02-07,W005,30.6,2.0,0
2023-02-08,W005,24.9,0.6,0
2023-02-09,W005,29.6,3.1,0
2023-02-10,W005,28.6,0.1,0
2023-02-11,W005,20.1,2.4,0
2023-02-12,W005,29.7,1.4,0
2023-02-13,W005,28.0,0.3,0
2023-02-14,W005,36.0,1.8,0
2023-02-15,W005,25.2,1.9,0
2023-02-16,W005,29.2,2.0,0
2023-02-17,W005,29.5,8.1,0
2023-02-18,W005,29.0,4.8,0
2023-02-19,W005,29.9,1.8,0
2023-02-20,W005,29.8,1.3,0
2023-02-21,W005,26.9,3.5,0
2023-02-22,W005,26.9,4.5,0
2023-02-23,W005,22.2,0.3,0
2023-02-24,W005,34.3,2.4,0
2023-02-25,W005,32.3,0.8,0
2023-02-26,W005,28.4,2.9,0
2023-02-27,W005,25.4,2.7,0
2023-02-28,W005,27.9,0.6,0
2023-03-01,W005,32.9,1.8,0
2023-03-02,W005,30.5,1.3,0
2023-03-03,W005,32.3,1.3,0
2023-03-04,W005,34.6,0.4,0
2023-03-05,W005,29.6,3.4,0
2023-03-06,W005,36.5,3.7,0
2023-03-07,W005,31.0,2.1,0
2023-03-08,W005,31.1,3.0,0
2023-03-09,W005,37.5,3.4,0
2023-03-10,W005,32.0,3.7,0
2023-03-11,W005,33.0,4.1,0
2023-03-12,W005,28.0,3.8,0
2023-03-13,W005,33.5,0.1,0
2023-03-14,W005,32.7,1.0,0
2023-03-15,W005,31.9,0.4,0
2023-03-16,W005,28.1,0.5,0
2023-03-17,W005,29.8,0.9,0
2023-03-18,W005,33.1,0.7,0
2023-03-19,W005,30.9,1.5,0
2023-03-20,W005,29.5,2.0,0
2023-03-21,W005,28.8,0.3,0
2023-03-22,W005,29.0,1.4,0
2023-03-23,W005,28.8,4.6,0
2023-03-24,W005,26.0,0.3,0
2023-03-25,W005,33.2,4.2,0
2023-03-26,W005,33.9,0.5,0
2023-03-27,W005,32.8,0.4,0
2023-03-28,W005,29.1,0.3,0
2023-03-29,W005,31.7,3.0,0
2023-03-30,W005,30.1,2.5,0
2023-03-31,W005,30.0,0.2,0
2023-04-01,W005,28.7,3.2,0
2023-04-02,W005,29.0,2.8,0
2023-04-03,W005,31.5,2.8,0
2023-04-04,W005,30.1,0.3,0
2023-04-05,W005,36.0,0.0,0
2023-04-06,W005,35.3,1.3,0
2023-04-07,W005,35.2,0.9,0
2023-04-08,W005,28.3,0.1,0
2023-04-09,W005,30.1,3.1,0
2023-04-10,W005,32.3,0.1,0
2023-04-11,W005,36.5,0.8,0
2023-04-12,W005,33.4,1.6,0
2023-04-13,W005,31.7,0.4,0
2023-04-14,W005,30.6,3.4,0
2023-04-15,W005,29.3,1.4,0
2023-04-16,W005,36.2,1.1,0
2023-04-17,W005,31.2,1.4,0
2023-04-18,W005,35.5,2.1,0
2023-04-19,W005,24.4,1.6,0
2023-04-20,W005,27.8,4.2,0
2023-04-21,W005,34.1,1.3,0
2023-04-22,W005,29.8,3.5,0
2023-04-23,W005,29.7,0.2,0
2023-04-24,W005,29.3,1.0,0
2023-04-25,W005,30.8,5.1,0
2023-04-26,W005,31.4,0.5,0
2023-04-27,W005,27.5,0.4,0
2023-04-28,W005,29.8,0.3,0
2023-04-29,W005,26.9,0.9,0
2023-04-30,W005,32.2,5.1,0
2023-05-01,W005,30.4,1.9,0
2023-05-02,W005,30.8,1.1,0
2023-05-03,W005,34.0,2.6,0
2023-05-04,W005,32.8,4.8,0
2023-05-05,W005,27.5,0.1,0
2023-05-06,W005,29.5,0.9,0
2023-05-07,W005,28.3,1.8,0
2023-05-08,W005,26.1,0.3,0
2023-05-09,W005,29.7,0.5,0
2023-05-10,W005,25.5,0.3,0
2023-05-11,W005,24.6,1.2,0
2023-05-12,W005,33.7,0.9,0
2023-05-13,W005,29.0,5.5,0
2023-05-14,W005,30.2,2.8,0
2023-05-15,W005,34.7,0.1,0
2023-05-16,W005,27.6,0.5,0
2023-05-17,W005,30.1,0.9,0
2023-05-18,W005,28.2,3.4,0
2023-05-19,W005,29.2,2.2,0
2023-05-20,W005,24.7,1.3,0
2023-05-21,W005,29.8,1.4,0
2023-05-22,W005,27.0,1.9,0
2023-05-23,W005,22.4,11.4,0
2023-05-24,W005,26.9,1.7,0
2023-05-25,W005,27.2,1.5,0
2023-05-26,W005,29.2,4.5,0
2023-05-27,W005,28.6,2.4,0
2023-05-28,W005,31.8,2.1,0
2023-05-29,W005,25.9,0.9,0
2023-05-30,W005,27.2,1.1,0
2023-05-31,W005,26.3,1.0,0
2023-06-01,W005,29.2,4.2,0
2023-06-02,W005,28.6,0.6,0
2023-06-03,W005,19.5,7.7,0
2023-06-04,W005,26.0,1.4,0
2023-06-05,W005,29.0,0.0,0
2023-06-06,W005,29.0,0.8,0
2023-06-07,W005,24.0,3.0,0
2023-06-08,W005,26.4,5.8,0
2023-06-09,W005,22.8,1.5,0
2023-06-10,W005,22.3,3.4,0
2023-06-11,W005,26.9,0.2,0
2023-06-12,W005,27.2,0.3,0
2023-06-13,W005,22.1,0.1,0
2023-06-14,W005,30.6,1.1,0
2023-06-15,W005,23.3,0.7,0
2023-06-16,W005,24.3,0.5,0
2023-06-17,W005,26.7,0.3,0
2023-06-18,W005,25.5,0.3,0
2023-06-19,W005,17.6,0.7,0
2023-06-20,W005,26.0,2.0,0
2023-06-21,W005,24.8,0.9,0
2023-06-22,W005,21.5,4.1,0
2023-06-23,W005,21.5,1.0,0
2023-06-24,W005,21.8,0.1,0
2023-06-25,W005,16.8,2.1,0
2023-06-26,W005,25.5,0.6,0
2023-06-27,W005,22.0,1.7,0
2023-06-28,W005,17.4,0.7,0
2023-06-29,W005,19.9,0.7,0
2023-06-30,W005,23.9,1.5,0
2023-07-01,W005,23.9,13.4,0
2023-07-02,W005,19.8,5.9,0
2023-07-03,W005,25.8,2.0,0
2023-07-04,W005,23.7,1.9,0
2023-07-05,W005,23.1,3.3,0
2023-07-06,W005,17.6,3.4,0
2023-07-07,W005,17.1,6.6,0
2023-07-08,W005,23.1,1.3,0
2023-07-09,W005,21.5,1.0,0
2023-07-10,W005,20.3,1.3,0
2023-07-11,W005,21.1,0.0,0
2023-07-12,W005,18.7,1.8,0
2023-07-13,W005,21.9,2.8,0
2023-07-14,W005,18.9,1.1,0
2023-07-15,W005,24.1,1.7,0
2023-07-16,W005,12.3,0.9,0
2023-07-17,W005,21.7,6.3,0
2023-07-18,W005,17.7,6.2,0
2023-07-19,W005,15.5,6.2,0
2023-07-20,W005,16.4,1.9,0
2023-07-21,W005,16.3,4.6,0
2023-07-22,W005,18.9,4.1,0
2023-07-23,W005,18.4,2.7,0
2023-07-24,W005,20.4,2.4,0
2023-07-25,W005,24.9,0.1,0
2023-07-26,W005,20.0,1.5,0
2023-07-27,W005,16.6,8.5,0
2023-07-28,W005,16.9,0.9,0
2023-07-29,W005,19.3,0.5,0
2023-07-30,W005,15.0,1.5,0
2023-07-31,W005,22.4,6.0,0
2023-08-01,W005,13.9,4.4,0
2023-08-02,W005,17.4,2.7,0
2023-08-03,W005,17.3,0.0,0
2023-08-04,W005,14.9,1.3,0
2023-08-05,W005,20.7,0.3,0
2023-08-06,W005,16.1,1.5,0
2023-08-07,W005,19.7,1.3,0
2023-08-08,W005,18.5,0.7,0
2023-08-09,W005,17.2,7.1,0
2023-08-10,W005,15.5,4.7,0
2023-08-11,W005,16.0,2.3,0
2023-08-12,W005,18.4,1.5,0
2023-08-13,W005,15.4,0.9,0
2023-08-14,W005,17.9,0.7,0
2023-08-15,W005,18.9,0.2,0
2023-08-16,W005,12.2,6.0,0
2023-08-17,W005,14.0,2.7,0
2023-08-18,W005,15.9,4.4,0
2023-08-19,W005,13.6,4.9,0
2023-08-20,W005,10.2,0.2,0
2023-08-21,W005,15.2,0.2,0
2023-08-22,W005,12.6,4.0,0
2023-08-23,W005,14.1,1.1,0
2023-08-24,W005,15.3,4.1,0
2023-08-25,W005,12.7,3.6,0
2023-08-26,W005,14.2,1.8,0
2023-08-27,W005,10.7,0.3,0
2023-08-28,W005,7.7,2.5,0
2023-08-29,W005,16.3,4.0,0
2023-08-30,W005,11.3,5.5,0
2023-08-31,W005,12.6,8.1,0
2023-09-01,W005,14.5,2.2,0
2023-09-02,W005,14.3,1.0,0
2023-09-03,W005,15.7,1.6,0
2023-09-04,W005,11.0,2.2,0
2023-09-05,W005,10.8,2.8,0
2023-09-06,W005,12.6,0.9,0
2023-09-07,W005,13.9,1.4,0
2023-09-08,W005,15.3,3.9,0
2023-09-09,W005,13.6,2.5,0
2023-09-10,W005,8.5,2.3,0
2023-09-11,W005,15.4,2.9,0
2023-09-12,W005,14.1,0.9,0
2023-09-13,W005,16.8,0.2,0
2023-09-14,W005,14.2,0.5,0
2023-09-15,W005,13.7,1.2,0
2023-09-16,W005,10.9,0.9,0
2023-09-17,W005,8.7,6.1,0
2023-09-18,W005,12.2,1.3,0
2023-09-19,W005,13.6,0.1,0
2023-09-20,W005,15.9,1.0,0
2023-09-21,W005,15.8,1.3,0
2023-09-22,W005,14.4,0.3,0
2023-09-23,W005,12.6,3.4,0
2023-09-24,W005,12.9,6.2,0
2023-09-25,W005,11.1,1.7,0
2023-09-26,W005,11.6,4.9,0
2023-09-27,W005,4.4,3.9,0
2023-09-28,W005,10.3,0.1,0
2023-09-29,W005,10.2,1.3,0
2023-09-30,W005,5.8,2.5,0
2023-10-01,W005,7.5,0.3,0
2023-10-02,W005,13.7,3.7,0
2023-10-03,W005,9.3,2.0,0
2023-10-04,W005,16.7,2.5,0
2023-10-05,W005,9.5,4.7,0
2023-10-06,W005,13.5,0.1,0
2023-10-07,W005,17.4,3.5,0
2023-10-08,W005,11.1,3.7,0
2023-10-09,W005,14.8,6.6,0
2023-10-10,W005,11.8,0.7,0
2023-10-11,W005,12.7,2.2,0
2023-10-12,W005,9.6,2.6,0
2023-10-13,W005,13.1,2.8,0
2023-10-14,W005,13.6,0.7,0
2023-10-15,W005,16.4,6.2,0
2023-10-16,W005,14.5,1.5,0
2023-10-17,W005,13.8,0.3,0
2023-10-18,W005,11.3,0.1,0
2023-10-19,W005,16.4,6.2,0
2023-10-20,W005,13.1,2.2,0
2023-10-21,W005,9.8,2.9,0
2023-10-22,W005,11.1,0.0,0
2023-10-23,W005,13.6,2.6,0
2023-10-24,W005,11.7,3.7,0
2023-10-25,W005,13.3,1.8,0
2023-10-26,W005,15.4,0.2,0
2023-10-27,W005,13.8,1.0,0
2023-10-28,W005,16.4,0.5,0
2023-10-29,W005,19.4,3.0,0
2023-10-30,W005,7.9,2.4,0
2023-10-31,W005,12.9,3.2,0
2023-11-01,W005,8.8,0.1,0
2023-11-02,W005,13.2,0.7,0
2023-11-03,W005,16.2,2.1,0
2023-11-04,W005,17.6,0.2,0
2023-11-05,W005,11.6,2.1,0
2023-11-06,W005,9.6,1.9,0
2023-11-07,W005,17.4,1.4,0
2023-11-08,W005,10.0,5.7,0
2023-11-09,W005,7.5,8.1,0
2023-11-10,W005,16.1,3.1,0
2023-11-11,W005,5.0,4.0,0
2023-11-12,W005,16.5,1.4,0
2023-11-13,W005,15.3,2.0,0
2023-11-14,W005,14.9,1.6,0
2023-11-15,W005,10.0,3.0,0
2023-11-16,W005,10.7,2.2,0
2023-11-17,W005,12.5,0.9,0
2023-11-18,W005,13.4,5.3,0
2023-11-19,W005,18.0,0.5,0
2023-11-20,W005,18.8,7.1,0
2023-11-21,W005,16.9,2.6,0
2023-11-22,W005,18.9,0.3,0
2023-11-23,W005,22.7,3.7,0
2023-11-24,W005,22.3,0.2,0
2023-11-25,W005,19.0,0.2,0
2023-11-26,W005,14.7,0.8,0
2023-11-27,W005,16.5,0.7,0
2023-11-28,W005,16.6,2.6,0
2023-11-29,W005,12.2,5.4,0
2023-11-30,W005,18.2,3.1,0
2023-12-01,W005,16.8,0.7,0
2023-12-02,W005,22.6,3.8,0
2023-12-03,W005,20.2,1.4,0
2023-12-04,W005,16.9,6.0,0
2023-12-05,W005,18.9,1.0,0
2023-12-06,W005,21.4,0.9,0
2023-12-07,W005,25.5,5.8,0
2023-12-08,W005,17.9,0.5,0
2023-12-09,W005,21.5,0.1,0
2023-12-10,W005,16.9,1.4,0
2023-12-11,W005,18.7,2.1,0
2023-12-12,W005,17.5,2.7,0
2023-12-13,W005,18.6,3.1,0
2023-12-14,W005,23.4,1.4,0
2023-12-15,W005,19.0,1.3,0
2023-12-16,W005,15.4,3.4,0
2023-12-17,W005,20.4,3.8,0
2023-12-18,W005,19.4,0.9,0
2023-12-19,W005,22.5,0.6,0
2023-12-20,W005,20.2,2.1,0
2023-12-21,W005,17.8,0.8,0
2023-12-22,W005,21.7,3.9,0
2023-12-23,W005,23.9,0.4,0
2023-12-24,W005,19.1,3.5,0
2023-12-25,W005,24.1,1.7,0
2023-12-26,W005,24.7,1.1,0
2023-12-27,W005,18.7,0.1,0
2023-12-28,W005,21.6,5.1,0
2023-12-29,W005,24.8,8.8,0
2023-12-30,W005,15.9,0.3,0
2023-12-31,W005,26.0,1.6,0
2024-01-01,W005,23.3,1.0,0
2024-01-02,W005,20.8,5.4,0
2024-01-03,W005,19.6,0.0,0
2024-01-04,W005,18.2,0.4,0
2024-01-05,W005,23.7,1.2,0
2024-01-06,W005,24.0,1.2,0
2024-01-07,W005,25.1,0.7,0
2024-01-08,W005,23.6,2.9,0
2024-01-09,W005,18.3,0.2,0
2024-01-10,W005,27.4,0.3,0
2024-01-11,W005,26.0,0.5,0
2024-01-12,W005,26.6,0.6,0
2024-01-13,W005,23.1,1.6,0
2024-01-14,W005,25.6,3.6,0
2024-01-15,W005,24.8,2.3,0
2024-01-16,W005,28.5,0.1,0
2024-01-17,W005,20.5,0.5,0
2024-01-18,W005,25.8,1.7,0
2024-01-19,W005,27.9,0.5,0
2024-01-20,W005,23.9,0.2,0
2024-01-21,W005,30.1,1.0,0
2024-01-22,W005,25.7,0.6,0
2024-01-23,W005,23.4,2.5,0
2024-01-24,W005,25.8,0.1,0
2024-01-25,W005,29.5,1.8,0
2024-01-26,W005,28.9,3.4,0
2024-01-27,W005,27.3,1.1,0
2024-01-28,W005,29.8,3.6,0
2024-01-29,W005,24.1,2.6,0
2024-01-30,W005,30.5,1.7,0
2024-01-31,W005,32.2,1.4,0
2024-02-01,W005,26.4,0.6,0
2024-02-02,W005,29.9,9.1,0
2024-02-03,W005,28.3,0.2,0
2024-02-04,W005,21.3,0.2,0
2024-02-05,W005,25.5,0.6,0
2024-02-06,W005,31.4,4.0,0
2024-02-07,W005,23.2,2.2,0
2024-02-08,W005,29.2,1.7,0
2024-02-09,W005,25.0,3.1,0
2024-02-10,W005,30.7,2.2,0
2024-02-11,W005,28.4,0.7,0
2024-02-12,W005,26.5,0.4,0
2024-02-13,W005,28.6,2.1,0
2024-02-14,W005,28.9,0.8,0
2024-02-15,W005,24.4,4.8,0
2024-02-16,W005,30.2,0.2,0
2024-02-17,W005,30.4,1.1,0
2024-02-18,W005,29.6,3.6,0
2024-02-19,W005,29.6,2.5,0
2024-02-20,W005,28.3,1.4,0
2024-02-21,W005,28.3,0.1,0
2024-02-22,W005,30.5,3.9,0
2024-02-23,W005,34.1,0.2,0
2024-02-24,W005,27.7,3.3,0
2024-02-25,W005,31.8,7.8,0
2024-02-26,W005,35.6,5.5,0
2024-02-27,W005,29.1,0.2,0
2024-02-28,W005,29.0,0.3,0
2024-02-29,W005,31.5,3.3,0
2024-03-01,W005,30.8,0.2,0
2024-03-02,W005,34.8,2.6,0
2024-03-03,W005,27.3,4.6,0
2024-03-04,W005,31.6,4.2,0
2024-03-05,W005,31.9,0.3,0
2024-03-06,W005,29.4,2.1,0
2024-03-07,W005,30.3,0.7,0
2024-03-08,W005,30.2,2.1,0
2024-03-09,W005,31.7,0.2,0
2024-03-10,W005,32.3,1.6,0
2024-03-11,W005,37.3,1.3,0
2024-03-12,W005,35.9,1.6,0
2024-03-13,W005,32.8,0.5,0
2024-03-14,W005,27.3,0.8,0
2024-03-15,W005,32.7,1.5,0
2024-03-16,W005,32.6,1.2,0
2024-03-17,W005,32.9,0.6,0
2024-03-18,W005,34.4,5.1,0
2024-03-19,W005,33.0,3.3,0
2024-03-20,W005,33.0,0.2,0
2024-03-21,W005,33.5,5.0,0
2024-03-22,W005,31.8,3.9,0
2024-03-23,W005,30.0,0.9,0
2024-03-24,W005,32.7,2.2,0
2024-03-25,W005,33.4,2.4,0
2024-03-26,W005,31.0,0.0,0
2024-03-27,W005,30.9,1.6,0
2024-03-28,W005,30.5,6.7,0
2024-03-29,W005,36.8,4.5,0
2024-03-30,W005,32.9,1.2,0
2024-03-31,W005,37.0,7.3,0
2024-04-01,W005,36.7,0.1,0
2024-04-02,W005,35.7,9.8,0
2024-04-03,W005,31.2,0.2,0
2024-04-04,W005,29.9,1.9,0
2024-04-05,W005,31.9,3.1,0
2024-04-06,W005,32.6,1.6,0
2024-04-07,W005,33.3,0.1,0
2024-04-08,W005,31.8,1.8,0
2024-04-09,W005,29.0,0.4,0
2024-04-10,W005,34.3,2.7,0
2024-04-11,W005,31.3,1.5,0
2024-04-12,W005,27.7,0.9,0
2024-04-13,W005,30.1,3.8,0
2024-04-14,W005,30.9,14.3,0
2024-04-15,W005,30.5,12.4,0
2024-04-16,W005,25.6,1.3,0
2024-04-17,W005,30.0,0.5,0
2024-04-18,W005,36.8,1.7,0
2024-04-19,W005,32.8,8.1,0
2024-04-20,W005,33.1,1.2,0
2024-04-21,W005,28.1,7.1,0
2024-04-22,W005,30.9,0.6,0
2024-04-23,W005,28.3,0.4,0
2024-04-24,W005,30.6,4.3,0
2024-04-25,W005,38.6,1.1,0
2024-04-26,W005,32.8,2.6,0
2024-04-27,W005,30.4,5.3,0
2024-04-28,W005,27.7,0.7,0
2024-04-29,W005,35.8,5.0,0
2024-04-30,W005,27.8,1.4,0
2024-05-01,W005,26.1,5.8,0
2024-05-02,W005,38.2,2.0,0
2024-05-03,W005,32.2,1.6,0
2024-05-04,W005,29.4,0.2,0
2024-05-05,W005,33.0,0.2,0
2024-05-06,W005,23.6,4.5,0
2024-05-07,W005,30.8,0.4,0
2024-05-08,W005,29.9,3.8,0
2024-05-09,W005,36.1,2.7,0
2024-05-10,W005,35.8,1.2,0
2024-05-11,W005,28.3,0.1,0
2024-05-12,W005,25.8,12.3,0
2024-05-13,W005,36.4,1.8,0
2024-05-14,W005,28.5,0.4,0
2024-05-15,W005,29.2,4.3,0
2024-05-16,W005,33.8,1.4,0
2024-05-17,W005,31.8,1.7,0
2024-05-18,W005,25.9,0.1,0
2024-05-19,W005,31.1,5.7,0
2024-05-20,W005,25.7,0.4,0
2024-05-21,W005,31.3,4.1,0
2024-05-22,W005,29.7,4.2,0
2024-05-23,W005,26.7,1.8,0
2024-05-24,W005,25.0,4.0,0
2024-05-25,W005,24.7,0.9,0
2024-05-26,W005,28.2,0.0,0
2024-05-27,W005,24.5,0.5,0
2024-05-28,W005,30.3,3.9,0
2024-05-29,W005,26.6,6.3,0
2024-05-30,W005,30.3,4.7,0
2024-05-31,W005,21.0,6.6,0
2024-06-01,W005,25.1,0.3,0
2024-06-02,W005,26.1,1.0,0
2024-06-03,W005,32.1,3.0,0
2024-06-04,W005,27.9,0.5,0
2024-06-05,W005,23.8,1.5,0
2024-06-06,W005,22.6,0.7,0
2024-06-07,W005,24.9,1.6,0
2024-06-08,W005,26.6,0.3,0
2024-06-09,W005,25.8,3.0,0
2024-06-10,W005,26.1,2.9,0
2024-06-11,W005,29.1,4.6,0
2024-06-12,W005,19.7,1.5,0
2024-06-13,W005,24.2,1.3,0
2024-06-14,W005,22.4,0.4,0
2024-06-15,W005,20.1,1.0,0
2024-06-16,W005,24.4,0.2,0
2024-06-17,W005,23.8,1.8,0
2024-06-18,W005,25.0,2.4,0
2024-06-19,W005,22.2,0.2,0
2024-06-20,W005,23.9,0.0,0
2024-06-21,W005,22.3,0.9,0
2024-06-22,W005,23.0,2.6,0
2024-06-23,W005,23.8,0.4,0
2024-06-24,W005,21.9,1.5,0
2024-06-25,W005,27.2,1.2,0
2024-06-26,W005,25.0,4.6,0
2024-06-27,W005,22.6,0.0,0
2024-06-28,W005,19.8,0.7,0
2024-06-29,W005,14.8,1.1,0
2024-06-30,W005,26.7,2.3,0
2024-07-01,W005,22.5,1.9,0
2024-07-02,W005,20.7,3.4,0
2024-07-03,W005,23.0,1.7,0
2024-07-04,W005,22.4,3.8,0
2024-07-05,W005,23.9,0.7,0
2024-07-06,W005,18.9,1.8,0
2024-07-07,W005,19.1,1.4,0
2024-07-08,W005,21.2,2.5,0
2024-07-09,W005,26.5,4.6,0
2024-07-10,W005,20.5,2.3,0
2024-07-11,W005,20.8,6.4,0
2024-07-12,W005,22.4,6.9,0
2024-07-13,W005,19.5,0.1,0
2024-07-14,W005,21.2,7.5,0
2024-07-15,W005,14.1,1.3,0
2024-07-16,W005,16.6,12.7,0
2024-07-17,W005,14.2,0.5,0
2024-07-18,W005,21.7,1.7,0
2024-07-19,W005,18.8,1.9,0
2024-07-20,W005,15.0,0.7,0
2024-07-21,W005,17.5,0.5,0
2024-07-22,W005,21.4,1.0,0
2024-07-23,W005,15.5,4.0,0
2024-07-24,W005,16.9,0.1,0
2024-07-25,W005,19.6,2.1,0
2024-07-26,W005,23.1,0.2,0
2024-07-27,W005,20.5,0.5,0
2024-07-28,W005,15.4,0.8,0
2024-07-29,W005,18.9,11.5,0
2024-07-30,W005,16.7,0.9,0
2024-07-31,W005,19.4,0.4,0
2024-08-01,W005,15.6,0.6,0
2024-08-02,W005,15.6,1.9,0
2024-08-03,W005,17.3,0.3,0
2024-08-04,W005,12.2,5.1,0
2024-08-05,W005,11.3,1.8,0
2024-08-06,W005,18.1,6.6,0
2024-08-07,W005,15.9,1.8,0
2024-08-08,W005,14.2,7.4,0
2024-08-09,W005,10.0,5.9,0
2024-08-10,W005,20.5,0.1,0
2024-08-11,W005,15.2,8.2,0
2024-08-12,W005,12.2,2.5,0
2024-08-13,W005,18.6,10.5,0
2024-08-14,W005,15.5,0.7,0
2024-08-15,W005,9.8,0.1,0
2024-08-16,W005,13.2,2.7,0
2024-08-17,W005,18.6,5.9,0
2024-08-18,W005,12.1,4.0,0
2024-08-19,W005,17.8,1.1,0
2024-08-20,W005,14.9,0.7,0
2024-08-21,W005,18.8,5.6,0
2024-08-22,W005,7.8,11.1,0
2024-08-23,W005,14.4,2.0,0
2024-08-24,W005,22.5,0.8,0
2024-08-25,W005,12.6,0.3,0
2024-08-26,W005,13.1,2.8,0
2024-08-27,W005,10.7,1.7,0
2024-08-28,W005,17.3,5.1,0
2024-08-29,W005,11.3,1.1,0
2024-08-30,W005,13.8,1.2,0
2024-08-31,W005,12.6,6.1,0
2024-09-01,W005,11.4,6.4,0
2024-09-02,W005,10.1,1.7,0
2024-09-03,W005,14.1,0.0,0
2024-09-04,W005,14.3,2.0,0
2024-09-05,W005,18.6,6.8,0
2024-09-06,W005,12.6,0.7,0
2024-09-07,W005,14.5,2.2,0
2024-09-08,W005,13.0,0.1,0
2024-09-09,W005,15.2,9.4,0
2024-09-10,W005,9.2,0.7,0
2024-09-11,W005,14.7,9.2,0
2024-09-12,W005,12.6,0.5,0
2024-09-13,W005,11.9,5.6,0
2024-09-14,W005,8.1,1.0,0
2024-09-15,W005,14.1,3.4,0
2024-09-16,W005,11.8,6.4,0
2024-09-17,W005,17.7,3.5,0
2024-09-18,W005,14.0,1.4,0
2024-09-19,W005,12.5,1.8,0
2024-09-20,W005,14.2,0.2,0
2024-09-21,W005,9.6,1.0,0
2024-09-22,W005,13.5,2.8,0
2024-09-23,W005,14.7,1.1,0
2024-09-24,W005,19.2,2.4,0
2024-09-25,W005,12.5,0.6,0
2024-09-26,W005,15.8,0.5,0
2024-09-27,W005,10.8,1.2,0
2024-09-28,W005,13.4,3.7,0
2024-09-29,W005,5.7,2.3,0
2024-09-30,W005,11.7,0.8,0
2024-10-01,W005,10.2,1.3,0
2024-10-02,W005,13.5,1.3,0
2024-10-03,W005,6.2,1.0,0
2024-10-04,W005,9.7,3.8,0
2024-10-05,W005,8.8,0.6,0
2024-10-06,W005,14.1,1.2,0
2024-10-07,W005,15.1,1.4,0
2024-10-08,W005,13.9,0.4,0
2024-10-09,W005,9.5,4.3,0
2024-10-10,W005,15.6,8.9,0
2024-10-11,W005,14.3,0.6,0
2024-10-12,W005,9.1,1.8,0
2024-10-13,W005,10.6,0.1,0
2024-10-14,W005,15.4,0.0,0
2024-10-15,W005,10.0,0.9,0
2024-10-16,W005,14.0,4.1,0
2024-10-17,W005,16.2,0.6,0
2024-10-18,W005,9.8,2.9,0
2024-10-19,W005,16.5,0.2,0
2024-10-20,W005,10.6,2.1,0
2024-10-21,W005,14.6,5.1,0
2024-10-22,W005,14.5,0.5,0
2024-10-23,W005,9.5,1.6,0
2024-10-24,W005,8.2,6.5,0
2024-10-25,W005,12.3,4.0,0
2024-10-26,W005,15.2,1.9,0
2024-10-27,W005,15.0,1.4,0
2024-10-28,W005,10.4,0.7,0
2024-10-29,W005,12.0,10.2,0
2024-10-30,W005,15.0,0.0,0
2024-10-31,W005,23.4,0.4,0
2024-11-01,W005,14.3,0.2,0
2024-11-02,W005,16.2,2.8,0
2024-11-03,W005,9.5,2.1,0
2024-11-04,W005,10.3,0.7,0
2024-11-05,W005,14.7,2.6,0
2024-11-06,W005,11.9,5.5,0
2024-11-07,W005,14.4,1.4,0
2024-11-08,W005,12.2,5.9,0
2024-11-09,W005,13.0,2.3,0
2024-11-10,W005,19.2,0.5,0
2024-11-11,W005,11.9,3.0,0
2024-11-12,W005,15.7,3.7,0
2024-11-13,W005,12.4,1.0,0
2024-11-14,W005,13.8,2.6,0
2024-11-15,W005,15.6,2.1,0
2024-11-16,W005,14.0,2.5,0
2024-11-17,W005,17.6,5.7,0
2024-11-18,W005,18.1,0.9,0
2024-11-19,W005,15.6,0.8,0
2024-11-20,W005,13.7,3.1,0
2024-11-21,W005,11.2,3.5,0
2024-11-22,W005,18.2,2.0,0
2024-11-23,W005,17.7,1.8,0
2024-11-24,W005,16.9,3.5,0
2024-11-25,W005,23.6,6.9,0
2024-11-26,W005,10.6,1.2,0
2024-11-27,W005,16.4,0.3,0
2024-11-28,W005,10.7,0.5,0
2024-11-29,W005,13.3,4.8,0
2024-11-30,W005,16.2,0.2,0
2024-12-01,W005,13.1,3.5,0
2024-12-02,W005,18.8,0.4,0
2024-12-03,W005,21.1,0.7,0
2024-12-04,W005,15.7,0.9,0
2024-12-05,W005,15.1,0.3,0
2024-12-06,W005,19.3,0.1,0
2024-12-07,W005,23.4,8.2,0
2024-12-08,W005,15.3,1.1,0
2024-12-09,W005,18.5,11.2,0
2024-12-10,W005,16.9,2.5,0
2024-12-11,W005,17.2,2.6,0
2024-12-12,W005,17.8,0.3,0
2024-12-13,W005,20.2,2.6,0
2024-12-14,W005,13.9,0.4,0
2024-12-15,W005,19.9,1.2,0
2024-12-16,W005,19.0,1.1,0
2024-12-17,W005,17.2,0.8,0
2024-12-18,W005,20.9,0.6,0
2024-12-19,W005,23.6,0.3,0
2024-12-20,W005,18.9,3.0,0
2024-12-21,W005,21.2,2.6,0
2024-12-22,W005,22.1,1.8,0
2024-12-23,W005,24.7,1.4,0
2024-12-24,W005,26.6,5.8,0
2024-12-25,W005,19.4,3.5,0
2024-12-26,W005,23.6,2.1,0
2024-12-27,W005,17.4,3.4,0
2024-12-28,W005,20.2,0.1,0
2024-12-29,W005,23.5,1.1,0
2024-12-30,W005,17.9,1.4,0
2024-12-31,W005,24.4,0.2,0
2025-01-01,W005,23.6,0.1,0
2025-01-02,W005,22.1,1.2,0
2025-01-03,W005,23.7,2.8,0
2025-01-04,W005,21.5,0.8,0
2025-01-05,W005,25.5,1.2,0
2025-01-06,W005,27.3,0.2,0
2025-01-07,W005,18.4,1.4,0
2025-01-08,W005,24.3,2.6,0
2025-01-09,W005,25.6,1.0,0
2025-01-10,W005,25.6,0.5,0
2025-01-11,W005,23.1,0.2,0
2025-01-12,W005,22.7,0.9,0
2025-01-13,W005,23.9,1.3,0
2025-01-14,W005,25.1,1.6,0
2025-01-15,W005,28.6,4.2,0
2025-01-16,W005,24.1,1.9,0
2025-01-17,W005,28.7,2.3,0
2025-01-18,W005,21.3,0.9,0
2025-01-19,W005,22.8,0.2,0
2025-01-20,W005,30.1,2.1,0
2025-01-21,W005,25.9,2.3,0
2025-01-22,W005,17.8,1.3,0
2025-01-23,W005,30.3,0.6,0
2025-01-24,W005,24.3,0.2,0
2025-01-25,W005,27.1,0.9,0
2025-01-26,W005,27.9,1.7,0
2025-01-27,W005,24.0,1.9,0
2025-01-28,W005,29.8,0.7,0
2025-01-29,W005,25.0,3.4,0
2025-01-30,W005,25.9,0.8,0
2025-01-31,W005,29.9,2.2,0
2025-02-01,W005,22.5,1.2,0
2025-02-02,W005,33.6,1.0,0
2025-02-03,W005,27.2,0.4,0
2025-02-04,W005,28.7,4.3,0
2025-02-05,W005,21.6,0.7,0
2025-02-06,W005,29.6,5.3,0
2025-02-07,W005,24.2,3.1,0
2025-02-08,W005,34.1,1.8,0
2025-02-09,W005,25.2,2.3,0
2025-02-10,W005,30.3,1.3,0
2025-02-11,W005,27.5,0.7,0
2025-02-12,W005,27.2,7.6,0
2025-02-13,W005,26.2,0.2,0
2025-02-14,W005,29.4,1.8,0
2025-02-15,W005,25.0,6.6,0
2025-02-16,W005,29.4,2.1,0
2025-02-17,W005,30.1,0.7,0
2025-02-18,W005,29.4,1.3,0
2025-02-19,W005,31.2,0.4,0
2025-02-20,W005,30.6,6.3,0
2025-02-21,W005,29.9,4.7,0
2025-02-22,W005,33.7,0.4,0
2025-02-23,W005,27.7,1.1,0
2025-02-24,W005,27.4,1.4,0
2025-02-25,W005,30.5,1.0,0
2025-02-26,W005,25.6,1.9,0
2025-02-27,W005,32.8,0.1,0
2025-02-28,W005,28.1,1.1,0
2025-03-01,W005,26.9,1.7,0
2025-03-02,W005,30.5,0.2,0
2025-03-03,W005,27.2,0.7,0
2025-03-04,W005,29.3,1.2,0
2025-03-05,W005,29.1,1.2,0
2025-03-06,W005,29.2,2.1,0
2025-03-07,W005,34.6,3.3,0
2025-03-08,W005,31.6,1.8,0
2025-03-09,W005,25.6,3.9,0
2025-03-10,W005,31.1,0.6,0
2025-03-11,W005,32.3,0.3,0
2025-03-12,W005,35.2,1.5,0
2025-03-13,W005,31.4,7.8,0
2025-03-14,W005,31.7,2.7,0
2025-03-15,W005,30.0,0.1,0
2025-03-16,W005,30.8,1.0,0
2025-03-17,W005,26.8,0.3,0
2025-03-18,W005,31.4,0.9,0
2025-03-19,W005,33.2,0.8,0
2025-03-20,W005,32.8,1.3,0
2025-03-21,W005,33.1,2.8,0
2025-03-22,W005,28.7,1.3,0
2025-03-23,W005,30.6,1.3,0
2025-03-24,W005,29.9,1.9,0
2025-03-25,W005,33.0,0.2,0
2025-03-26,W005,28.1,1.7,0
2025-03-27,W005,30.6,0.3,0
2025-03-28,W005,31.6,0.5,0
2025-03-29,W005,32.3,0.8,0
2025-03-30,W005,32.2,0.1,0
2025-03-31,W005,32.6,2.8,0
2025-04-01,W005,36.3,0.0,0
2025-04-02,W005,31.1,1.2,0
2025-04-03,W005,26.7,3.8,0
2025-04-04,W005,30.1,2.9,0
2025-04-05,W005,26.8,8.7,0
2025-04-06,W005,33.8,0.1,0
2025-04-07,W005,31.9,0.0,0
2025-04-08,W005,29.0,0.4,0
2025-04-09,W005,26.2,0.8,0
2025-04-10,W005,34.2,2.6,0
2025-04-11,W005,35.1,1.6,0
2025-04-12,W005,36.1,0.5,0
2025-04-13,W005,35.0,2.5,0
2025-04-14,W005,32.1,1.1,0
2025-04-15,W005,34.5,4.6,0
2025-04-16,W005,36.5,0.7,0
2025-04-17,W005,38.2,2.8,0
2025-04-18,W005,30.2,0.5,0
2025-04-19,W005,29.8,2.2,0
2025-04-20,W005,33.2,1.0,0
2025-04-21,W005,34.9,2.8,0
2025-04-22,W005,35.2,0.7,0
2025-04-23,W005,25.7,2.5,0
2025-04-24,W005,24.1,3.4,0
2025-04-25,W005,36.2,5.0,0
2025-04-26,W005,32.3,1.0,0
2025-04-27,W005,37.2,0.1,0
2025-04-28,W005,35.3,0.0,0
2025-04-29,W005,29.0,0.0,0
2025-04-30,W005,32.3,2.2,0
2025-05-01,W005,28.0,0.6,0
2025-05-02,W005,31.9,2.6,0
2025-05-03,W005,26.1,0.1,0
2025-05-04,W005,32.0,0.1,0
2025-05-05,W005,27.1,3.1,0
2025-05-06,W005,31.4,3.9,0
2025-05-07,W005,30.4,0.1,0
2025-05-08,W005,28.9,0.7,0
2025-05-09,W005,28.2,7.0,0
2025-05-10,W005,30.5,0.4,0
2025-05-11,W005,29.3,1.4,0
2025-05-12,W005,28.8,3.6,0
2025-05-13,W005,28.7,1.2,0
2025-05-14,W005,30.2,1.1,0
2025-05-15,W005,27.1,0.4,0
2025-05-16,W005,33.5,0.2,0
2025-05-17,W005,30.3,0.0,0
2025-05-18,W005,30.5,0.8,0
2025-05-19,W005,29.0,0.5,0
2025-05-20,W005,31.7,1.6,0
2025-05-21,W005,28.6,0.4,0
2025-05-22,W005,30.1,0.3,0
2025-05-23,W005,27.3,1.1,0
2025-05-24,W005,23.8,1.0,0
2025-05-25,W005,29.1,0.4,0
2025-05-26,W005,29.3,0.2,0
2025-05-27,W005,32.2,4.9,0
2025-05-28,W005,28.3,3.9,0
2025-05-29,W005,26.8,2.9,0
2025-05-30,W005,26.0,0.7,0
2025-05-31,W005,30.5,5.0,0
2025-06-01,W005,31.3,4.0,0
2025-06-02,W005,30.2,0.7,0
2025-06-03,W005,20.8,2.4,0
2025-06-04,W005,23.7,1.2,0
2025-06-05,W005,25.7,0.1,0
2025-06-06,W005,23.5,2.6,0
2025-06-07,W005,29.2,1.2,0
2025-06-08,W005,29.7,0.4,0
2025-06-09,W005,26.2,4.1,0
2025-06-10,W005,22.9,9.3,0
2025-06-11,W005,26.0,2.2,0
2025-06-12,W005,27.9,0.3,0
2025-06-13,W005,29.1,2.6,0
2025-06-14,W005,24.6,0.7,0
2025-06-15,W005,26.9,2.7,0
2025-06-16,W005,24.5,0.5,0
2025-06-17,W005,28.4,0.3,0
2025-06-18,W005,27.9,0.2,0
2025-06-19,W005,22.4,1.1,0
2025-06-20,W005,18.3,2.4,0
2025-06-21,W005,27.0,1.6,0
2025-06-22,W005,19.0,0.2,0
2025-06-23,W005,26.2,6.0,0
2025-06-24,W005,25.2,1.0,0
2025-06-25,W005,21.7,7.5,0
2025-06-26,W005,29.3,2.5,0
2025-06-27,W005,25.9,0.8,0
2025-06-28,W005,20.7,0.1,0
2025-06-29,W005,22.8,9.9,0
2025-06-30,W005,21.9,0.7,0
2025-07-01,W005,25.8,4.3,0
2025-07-02,W005,30.3,2.2,0
2025-07-03,W005,26.1,3.4,0
2025-07-04,W005,21.3,5.4,0
2025-07-05,W005,19.2,1.9,0
2025-07-06,W005,19.4,1.9,0
2025-07-07,W005,23.8,1.1,0
2025-07-08,W005,16.5,0.3,0
2025-07-09,W005,26.2,0.6,0
2025-07-10,W005,21.0,6.1,0
2025-07-11,W005,21.2,1.2,0
2025-07-12,W005,21.9,0.5,0
2025-07-13,W005,20.3,13.4,0
2025-07-14,W005,17.8,3.5,0
2025-07-15,W005,17.3,1.4,0
2025-07-16,W005,22.1,3.5,0
2025-07-17,W005,18.8,0.0,0
2025-07-18,W005,18.6,0.8,0
2025-07-19,W005,16.1,14.8,0
2025-07-20,W005,15.2,1.3,0
2025-07-21,W005,21.8,4.3,0
2025-07-22,W005,21.7,2.6,0
2025-07-23,W005,18.4,2.9,0
2025-07-24,W005,13.8,0.9,0
2025-07-25,W005,16.9,1.1,0
2025-07-26,W005,16.3,4.0,0
2025-07-27,W005,18.1,0.9,0
2025-07-28,W005,21.3,4.8,0
2025-07-29,W005,21.2,1.9,0
2025-07-30,W005,17.6,2.0,0
2025-07-31,W005,16.7,4.8,0
2025-08-01,W005,16.1,3.0,0
2025-08-02,W005,17.9,1.3,0
2025-08-03,W005,16.2,8.3,0
2025-08-04,W005,18.1,2.7,0
2025-08-05,W005,17.0,0.5,0
2025-08-06,W005,20.4,3.0,0
2025-08-07,W005,18.4,0.3,0
2025-08-08,W005,14.3,0.5,0
2025-08-09,W005,17.4,2.9,0
2025-08-10,W005,11.7,3.9,0
2025-08-11,W005,13.2,1.9,0
2025-08-12,W005,12.6,0.7,0
2025-08-13,W005,18.5,2.2,0
2025-08-14,W005,14.7,1.0,0
2025-08-15,W005,15.3,2.2,0
2025-08-16,W005,18.4,6.2,0
2025-08-17,W005,14.0,6.9,0
2025-08-18,W005,13.4,0.2,0
2025-08-19,W005,9.1,5.2,0
2025-08-20,W005,18.7,3.1,0
2025-08-21,W005,20.7,2.2,0
2025-08-22,W005,18.4,7.5,0
2025-08-23,W005,9.7,0.4,0
2025-08-24,W005,18.4,0.0,0
2025-08-25,W005,15.9,0.5,0
2025-08-26,W005,8.5,6.4,0
2025-08-27,W005,15.7,0.5,0
2025-08-28,W005,12.9,8.1,0
2025-08-29,W005,12.6,1.2,0
2025-08-30,W005,8.8,0.0,0
2025-08-31,W005,15.2,0.7,0
2025-09-01,W005,18.5,1.6,0
2025-09-02,W005,20.3,0.9,0
2025-09-03,W005,15.7,2.8,0
2025-09-04,W005,10.7,3.1,0
2025-09-05,W005,13.6,1.5,0
2025-09-06,W005,14.2,1.4,0
2025-09-07,W005,10.2,0.0,0
2025-09-08,W005,12.0,3.2,0
2025-09-09,W005,12.6,1.6,0
2025-09-10,W005,13.2,0.5,0
2025-09-11,W005,3.9,1.1,0
2025-09-12,W005,20.7,2.5,0
2025-09-13,W005,8.0,5.9,0
2025-09-14,W005,13.5,2.8,0
2025-09-15,W005,13.3,0.2,0
2025-09-16,W005,8.7,1.5,0
2025-09-17,W005,8.5,5.4,0
2025-09-18,W005,15.9,3.8,0
2025-09-19,W005,19.4,3.5,0
2025-09-20,W005,14.4,0.3,0
2025-09-21,W005,13.0,0.7,0
2025-09-22,W005,13.1,0.7,0
2025-09-23,W005,14.6,0.1,0
2025-09-24,W005,11.3,0.7,0
2025-09-25,W005,8.5,1.2,0
2025-09-26,W005,7.4,2.4,0
2025-09-27,W005,9.5,1.2,0
2025-09-28,W005,10.6,1.3,0
2025-09-29,W005,15.3,3.4,0
2025-09-30,W005,12.7,0.1,0
2025-10-01,W005,17.7,1.6,0
2025-10-02,W005,11.5,0.1,0
2025-10-03,W005,11.6,0.7,0
2025-10-04,W005,8.5,1.1,0
2025-10-05,W005,9.6,1.3,0
2025-10-06,W005,9.2,0.0,0
2025-10-07,W005,11.5,1.1,0
2025-10-08,W005,10.5,0.3,0
2025-10-09,W005,13.8,0.4,0
2025-10-10,W005,11.0,1.3,0
2025-10-11,W005,12.7,0.1,0
2025-10-12,W005,13.6,0.6,0
2025-10-13,W005,14.6,1.3,0
2025-10-14,W005,12.9,10.6,0
2025-10-15,W005,15.4,2.1,0
2025-10-16,W005,14.9,3.7,0
2025-10-17,W005,9.7,0.3,0
2025-10-18,W005,11.5,0.8,0
2025-10-19,W005,9.3,0.9,0
2025-10-20,W005,11.4,9.6,0
2025-10-21,W005,10.7,3.9,0
2025-10-22,W005,16.6,0.2,0
2025-10-23,W005,14.5,3.0,0
2025-10-24,W005,18.0,1.1,0
2025-10-25,W005,7.2,2.6,0
2025-10-26,W005,13.9,0.2,0
2025-10-27,W005,7.8,3.6,0
2025-10-28,W005,16.8,1.2,0
2025-10-29,W005,12.5,0.9,0
2025-10-30,W005,12.5,0.4,0
2025-10-31,W005,13.7,1.5,0
2025-11-01,W005,13.1,3.5,0
2025-11-02,W005,15.0,0.5,0
2025-11-03,W005,11.8,0.9,0
2025-11-04,W005,16.1,1.7,0
2025-11-05,W005,6.6,2.7,0
2025-11-06,W005,19.6,2.6,0
2025-11-07,W005,16.8,1.4,0
2025-11-08,W005,18.7,4.5,0
2025-11-09,W005,15.8,4.1,0
2025-11-10,W005,16.0,1.8,0
2025-11-11,W005,16.6,0.4,0
2025-11-12,W005,13.1,2.5,0
2025-11-13,W005,20.3,3.3,0
2025-11-14,W005,19.9,1.0,0
2025-11-15,W005,14.0,7.3,0
2025-11-16,W005,16.7,3.7,0
2025-11-17,W005,11.7,0.9,0
2025-11-18,W005,15.6,2.4,0
2025-11-19,W005,12.9,1.4,0
2025-11-20,W005,12.0,4.6,0
2025-11-21,W005,12.2,0.2,0
2025-11-22,W005,14.3,2.8,0
2025-11-23,W005,16.6,1.7,0
2025-11-24,W005,17.8,0.9,0
2025-11-25,W005,16.9,4.1,0
2025-11-26,W005,17.5,1.2,0
2025-11-27,W005,19.0,1.0,0
2025-11-28,W005,17.4,0.0,0
2025-11-29,W005,14.6,4.1,0
2025-11-30,W005,17.6,0.4,0
2025-12-01,W005,20.1,3.8,0
2025-12-02,W005,15.2,1.2,0
2025-12-03,W005,17.8,1.9,0
2025-12-04,W005,18.0,1.7,0
2025-12-05,W005,26.1,0.3,0
2025-12-06,W005,14.1,0.9,0
2025-12-07,W005,17.3,2.5,0
2025-12-08,W005,18.6,2.8,0
2025-12-09,W005,16.9,0.2,0
2025-12-10,W005,19.9,8.3,0
2025-12-11,W005,26.5,0.1,0
2025-12-12,W005,21.0,0.0,0
2025-12-13,W005,20.3,1.2,0
2025-12-14,W005,19.4,4.1,0
2025-12-15,W005,18.9,1.4,0
2025-12-16,W005,19.8,4.0,0
2025-12-17,W005,18.7,0.3,0
2025-12-18,W005,23.4,0.7,0
2025-12-19,W005,24.9,5.9,0
2025-12-20,W005,21.6,1.6,0
2025-12-21,W005,21.7,0.6,0
2025-12-22,W005,22.4,5.1,0
2025-12-23,W005,20.7,1.8,0
2025-12-24,W005,26.5,1.1,0
2025-12-25,W005,19.5,0.9,0
2025-12-26,W005,21.0,2.6,0
2025-12-27,W005,20.3,2.3,0
2025-12-28,W005,22.6,2.0,0
2025-12-29,W005,18.8,0.8,0
2025-12-30,W005,20.1,3.0,0
2025-12-31,W005,19.3,0.9,0
2023-01-01,W006,27.4,3.5,0
2023-01-02,W006,25.0,1.4,0
2023-01-03,W006,26.8,0.5,0
2023-01-04,W006,23.3,5.6,0
2023-01-05,W006,24.0,1.5,0
2023-01-06,W006,25.4,0.3,0
2023-01-07,W006,24.4,1.2,0
2023-01-08,W006,29.7,2.8,0
2023-01-09,W006,27.3,0.1,0
2023-01-10,W006,34.0,1.2,0
2023-01-11,W006,30.2,0.1,0
2023-01-12,W006,28.1,1.9,0
2023-01-13,W006,22.8,4.2,0
2023-01-14,W006,29.2,8.0,0
2023-01-15,W006,33.0,0.2,0
2023-01-16,W006,22.9,6.8,0
2023-01-17,W006,28.6,7.2,0
2023-01-18,W006,33.0,0.3,0
2023-01-19,W006,31.1,0.3,0
2023-01-20,W006,29.1,2.8,0
2023-01-21,W006,32.6,2.5,0
2023-01-22,W006,30.0,0.6,0
2023-01-23,W006,30.9,0.2,0
2023-01-24,W006,30.9,1.8,0
2023-01-25,W006,28.8,0.3,0
2023-01-26,W006,35.0,0.6,0
2023-01-27,W006,34.1,5.7,0
2023-01-28,W006,29.4,0.0,0
2023-01-29,W006,31.4,3.1,0
2023-01-30,W006,23.8,2.8,0
2023-01-31,W006,28.9,9.0,0
2023-02-01,W006,32.7,3.5,0
2023-02-02,W006,31.3,2.5,0
2023-02-03,W006,29.3,0.9,0
2023-02-04,W006,32.9,4.0,0
2023-02-05,W006,29.6,4.3,0
2023-02-06,W006,31.6,1.2,0
2023-02-07,W006,27.7,0.4,0
2023-02-08,W006,32.9,2.3,0
2023-02-09,W006,30.1,0.7,0
2023-02-10,W006,26.9,1.1,0
2023-02-11,W006,30.8,1.9,0
2023-02-12,W006,38.3,0.4,0
2023-02-13,W006,34.5,2.5,0
2023-02-14,W006,35.1,1.6,0
2023-02-15,W006,35.5,6.5,0
2023-02-16,W006,35.8,0.2,0
2023-02-17,W006,33.1,1.0,0
2023-02-18,W006,32.6,4.6,0
2023-02-19,W006,30.7,3.3,0
2023-02-20,W006,37.7,0.5,0
2023-02-21,W006,30.4,1.0,0
2023-02-22,W006,36.5,0.2,0
2023-02-23,W006,34.7,1.8,0
2023-02-24,W006,35.4,2.4,0
2023-02-25,W006,32.8,2.7,0
2023-02-26,W006,36.1,1.8,0
2023-02-27,W006,30.5,4.3,0
2023-02-28,W006,33.5,1.2,0
2023-03-01,W006,32.2,1.2,0
2023-03-02,W006,29.2,3.0,0
2023-03-03,W006,29.4,0.4,0
2023-03-04,W006,31.6,2.6,0
2023-03-05,W006,37.4,5.3,0
2023-03-06,W006,33.7,2.4,0
2023-03-07,W006,37.0,1.8,0
2023-03-08,W006,34.9,2.2,0
2023-03-09,W006,36.9,3.8,0
2023-03-10,W006,32.2,0.6,0
2023-03-11,W006,34.2,0.7,0
2023-03-12,W006,35.6,6.4,0
2023-03-13,W006,31.2,8.4,0
2023-03-14,W006,36.5,1.3,0
2023-03-15,W006,39.2,4.7,0
2023-03-16,W006,37.9,5.1,0
2023-03-17,W006,34.0,1.8,0
2023-03-18,W006,39.3,3.6,0
2023-03-19,W006,37.2,1.4,0
2023-03-20,W006,33.6,7.3,0
2023-03-21,W006,37.9,1.3,0
2023-03-22,W006,38.2,0.3,0
2023-03-23,W006,34.5,0.2,0
2023-03-24,W006,34.2,2.5,0
2023-03-25,W006,30.8,0.1,0
2023-03-26,W006,38.2,1.4,0
2023-03-27,W006,39.7,2.5,0
2023-03-28,W006,37.5,1.8,0
2023-03-29,W006,39.4,0.3,0
2023-03-30,W006,42.1,1.0,1
2023-03-31,W006,38.7,2.3,0
2023-04-01,W006,39.9,3.6,0
2023-04-02,W006,37.2,3.6,0
2023-04-03,W006,32.6,1.9,0
2023-04-04,W006,38.2,1.8,0
2023-04-05,W006,37.5,3.0,0
2023-04-06,W006,39.7,1.7,0
2023-04-07,W006,30.7,0.2,0
2023-04-08,W006,34.0,2.2,0
2023-04-09,W006,39.0,1.1,0
2023-04-10,W006,39.3,4.9,0
2023-04-11,W006,37.2,1.4,0
2023-04-12,W006,35.8,0.1,0
2023-04-13,W006,39.3,0.1,0
2023-04-14,W006,38.3,1.0,0
2023-04-15,W006,33.8,1.8,0
2023-04-16,W006,45.4,2.8,1
2023-04-17,W006,34.7,1.1,0
2023-04-18,W006,39.9,0.0,0
2023-04-19,W006,35.1,2.8,0
2023-04-20,W006,41.4,1.6,0
2023-04-21,W006,29.8,4.3,0
2023-04-22,W006,37.9,0.6,0
2023-04-23,W006,34.2,1.1,0
2023-04-24,W006,39.0,0.2,0
2023-04-25,W006,34.5,1.3,0
2023-04-26,W006,36.9,1.5,0
2023-04-27,W006,32.6,1.1,0
2023-04-28,W006,37.4,1.2,0
2023-04-29,W006,42.6,0.8,1
2023-04-30,W006,35.3,0.6,0
2023-05-01,W006,36.8,0.5,0
2023-05-02,W006,33.7,1.7,0
2023-05-03,W006,36.1,1.1,0
2023-05-04,W006,34.8,0.9,0
2023-05-05,W006,33.4,0.3,0
2023-05-06,W006,35.0,2.7,0
2023-05-07,W006,36.9,5.5,0
2023-05-08,W006,29.7,0.8,0
2023-05-09,W006,36.1,2.7,0
2023-05-10,W006,31.0,1.6,0
2023-05-11,W006,33.8,0.8,0
2023-05-12,W006,38.9,1.0,0
2023-05-13,W006,36.2,1.6,0
2023-05-14,W006,34.9,2.4,0
2023-05-15,W006,28.9,0.7,0
2023-05-16,W006,35.3,0.1,0
2023-05-17,W006,33.3,1.1,0
2023-05-18,W006,34.8,2.1,0
2023-05-19,W006,33.2,1.5,0
2023-05-20,W006,31.5,2.1,0
2023-05-21,W006,29.8,1.7,0
2023-05-22,W006,38.9,0.6,0
2023-05-23,W006,34.3,5.4,0
2023-05-24,W006,30.6,7.7,0
2023-05-25,W006,38.3,3.7,0
2023-05-26,W006,30.9,1.6,0
2023-05-27,W006,35.0,2.0,0
2023-05-28,W006,32.2,5.3,0
2023-05-29,W006,33.0,0.4,0
2023-05-30,W006,30.9,0.4,0
2023-05-31,W006,33.6,0.7,0
2023-06-01,W006,31.7,0.7,0
2023-06-02,W006,29.9,0.4,0
2023-06-03,W006,33.7,0.9,0
2023-06-04,W006,31.3,2.4,0
2023-06-05,W006,31.8,0.6,0
2023-06-06,W006,29.5,0.9,0
2023-06-07,W006,28.9,0.5,0
2023-06-08,W006,36.2,0.1,0
2023-06-09,W006,31.7,1.7,0
2023-06-10,W006,27.5,1.2,0
2023-06-11,W006,30.4,1.1,0
2023-06-12,W006,32.9,0.1,0
2023-06-13,W006,27.7,3.0,0
2023-06-14,W006,35.3,0.3,0
2023-06-15,W006,28.9,1.5,0
2023-06-16,W006,32.8,6.7,0
2023-06-17,W006,26.0,0.2,0
2023-06-18,W006,28.7,0.8,0
2023-06-19,W006,26.5,0.6,0
2023-06-20,W006,30.2,2.3,0
2023-06-21,W006,30.2,0.1,0
2023-06-22,W006,28.0,2.4,0
2023-06-23,W006,32.8,0.1,0
2023-06-24,W006,30.9,2.3,0
2023-06-25,W006,24.2,3.6,0
2023-06-26,W006,25.0,1.2,0
2023-06-27,W006,32.9,0.6,0
2023-06-28,W006,30.1,7.5,0
2023-06-29,W006,29.0,0.5,0
2023-06-30,W006,24.9,4.4,0
2023-07-01,W006,23.5,0.5,0
2023-07-02,W006,31.9,2.9,0
2023-07-03,W006,23.6,4.2,0
2023-07-04,W006,24.2,0.8,0
2023-07-05,W006,26.0,2.0,0
2023-07-06,W006,24.4,0.9,0
2023-07-07,W006,23.7,1.4,0
2023-07-08,W006,19.8,14.5,0
2023-07-09,W006,22.8,1.4,0
2023-07-10,W006,24.3,5.0,0
2023-07-11,W006,25.0,0.6,0
2023-07-12,W006,26.9,2.0,0
2023-07-13,W006,20.3,1.2,0
2023-07-14,W006,25.9,3.3,0
2023-07-15,W006,24.4,1.4,0
2023-07-16,W006,21.7,1.3,0
2023-07-17,W006,20.1,0.1,0
2023-07-18,W006,26.7,0.0,0
2023-07-19,W006,20.5,3.5,0
2023-07-20,W006,23.0,2.5,0
2023-07-21,W006,21.7,1.4,0
2023-07-22,W006,26.1,1.9,0
2023-07-23,W006,20.6,0.1,0
2023-07-24,W006,14.1,1.3,0
2023-07-25,W006,21.5,0.5,0
2023-07-26,W006,21.0,0.4,0
2023-07-27,W006,19.3,3.7,0
2023-07-28,W006,19.6,12.7,0
2023-07-29,W006,21.6,1.9,0
2023-07-30,W006,22.8,1.3,0
2023-07-31,W006,22.8,4.4,0
2023-08-01,W006,23.7,11.6,0
2023-08-02,W006,18.3,3.3,0
2023-08-03,W006,24.1,1.4,0
2023-08-04,W006,24.4,1.6,0
2023-08-05,W006,17.8,0.8,0
2023-08-06,W006,21.2,1.1,0
2023-08-07,W006,19.0,1.4,0
2023-08-08,W006,19.7,1.8,0
2023-08-09,W006,20.7,0.2,0
2023-08-10,W006,21.9,4.0,0
2023-08-11,W006,22.2,0.1,0
2023-08-12,W006,24.9,4.9,0
2023-08-13,W006,14.2,7.3,0
2023-08-14,W006,21.3,0.7,0
2023-08-15,W006,19.8,1.3,0
2023-08-16,W006,16.3,2.8,0
2023-08-17,W006,16.6,13.8,0
2023-08-18,W006,17.1,0.6,0
2023-08-19,W006,23.2,0.6,0
2023-08-20,W006,20.9,2.9,0
2023-08-21,W006,18.4,3.7,0
2023-08-22,W006,23.7,7.6,0
2023-08-23,W006,16.8,5.1,0
2023-08-24,W006,17.8,6.0,0
2023-08-25,W006,17.0,28.5,1
2023-08-26,W006,21.5,0.2,0
2023-08-27,W006,13.3,0.8,0
2023-08-28,W006,20.3,1.6,0
2023-08-29,W006,14.1,1.1,0
2023-08-30,W006,21.0,7.6,0
2023-08-31,W006,20.0,3.5,0
2023-09-01,W006,21.7,0.1,0
2023-09-02,W006,18.8,1.1,0
2023-09-03,W006,16.1,2.3,0
2023-09-04,W006,11.6,0.0,0
2023-09-05,W006,16.6,2.1,0
2023-09-06,W006,20.0,1.7,0
2023-09-07,W006,18.2,1.9,0
2023-09-08,W006,17.7,4.2,0
2023-09-09,W006,15.3,0.4,0
2023-09-10,W006,17.2,1.8,0
2023-09-11,W006,17.6,0.7,0
2023-09-12,W006,11.9,0.1,0
2023-09-13,W006,17.2,0.3,0
2023-09-14,W006,19.4,1.9,0
2023-09-15,W006,17.4,1.0,0
2023-09-16,W006,18.0,1.6,0
2023-09-17,W006,17.5,0.1,0
2023-09-18,W006,16.8,1.1,0
2023-09-19,W006,14.6,1.2,0
2023-09-20,W006,10.7,0.7,0
2023-09-21,W006,10.3,4.0,0
2023-09-22,W006,17.5,2.4,0
2023-09-23,W006,15.7,5.5,0
2023-09-24,W006,15.5,0.8,0
2023-09-25,W006,19.6,2.8,0
2023-09-26,W006,20.3,0.7,0
2023-09-27,W006,18.2,2.7,0
2023-09-28,W006,15.2,2.9,0
2023-09-29,W006,19.2,3.6,0
2023-09-30,W006,24.9,2.4,0
2023-10-01,W006,17.3,1.0,0
2023-10-02,W006,11.9,3.9,0
2023-10-03,W006,17.8,1.8,0
2023-10-04,W006,15.4,4.5,0
2023-10-05,W006,12.7,0.2,0
2023-10-06,W006,20.4,1.9,0
2023-10-07,W006,14.1,1.0,0
2023-10-08,W006,16.1,0.8,0
2023-10-09,W006,15.1,0.4,0
2023-10-10,W006,21.9,4.2,0
2023-10-11,W006,15.0,0.4,0
2023-10-12,W006,16.8,8.1,0
2023-10-13,W006,15.5,5.6,0
2023-10-14,W006,10.6,0.5,0
2023-10-15,W006,15.6,2.1,0
2023-10-16,W006,18.3,0.5,0
2023-10-17,W006,15.1,0.0,0
2023-10-18,W006,24.8,0.6,0
2023-10-19,W006,17.5,1.3,0
2023-10-20,W006,14.9,0.4,0
2023-10-21,W006,19.2,1.0,0
2023-10-22,W006,14.0,1.0,0
2023-10-23,W006,18.0,2.0,0
2023-10-24,W006,15.7,1.9,0
2023-10-25,W006,18.6,3.8,0
2023-10-26,W006,14.1,2.6,0
2023-10-27,W006,18.0,0.9,0
2023-10-28,W006,20.2,2.1,0
2023-10-29,W006,12.3,1.4,0
2023-10-30,W006,18.9,0.8,0
2023-10-31,W006,16.6,1.3,0
2023-11-01,W006,17.6,6.2,0
2023-11-02,W006,14.8,0.6,0
2023-11-03,W006,16.9,2.9,0
2023-11-04,W006,15.8,0.7,0
2023-11-05,W006,16.0,2.1,0
2023-11-06,W006,13.5,4.0,0
2023-11-07,W006,16.7,0.9,0
2023-11-08,W006,18.0,0.3,0
2023-11-09,W006,20.7,0.7,0
2023-11-10,W006,15.4,0.2,0
2023-11-11,W006,18.4,0.7,0
2023-11-12,W006,21.7,4.8,0
2023-11-13,W006,23.8,2.1,0
2023-11-14,W006,23.0,3.2,0
2023-11-15,W006,20.8,5.8,0
2023-11-16,W006,21.7,3.6,0
2023-11-17,W006,19.9,0.8,0
2023-11-18,W006,16.7,1.1,0
2023-11-19,W006,22.4,0.6,0
2023-11-20,W006,23.5,2.2,0
2023-11-21,W006,19.1,4.3,0
2023-11-22,W006,15.7,1.2,0
2023-11-23,W006,23.7,0.4,0
2023-11-24,W006,18.8,1.4,0
2023-11-25,W006,20.2,0.9,0
2023-11-26,W006,21.6,0.8,0
2023-11-27,W006,17.2,0.4,0
2023-11-28,W006,24.8,2.3,0
2023-11-29,W006,19.6,2.0,0
2023-11-30,W006,24.0,1.0,0
2023-12-01,W006,23.2,0.1,0
2023-12-02,W006,22.9,3.7,0
2023-12-03,W006,17.8,2.8,0
2023-12-04,W006,18.9,1.2,0
2023-12-05,W006,18.2,0.7,0
2023-12-06,W006,21.9,0.8,0
2023-12-07,W006,28.6,4.0,0
2023-12-08,W006,20.0,0.1,0
2023-12-09,W006,26.6,3.6,0
2023-12-10,W006,27.7,2.2,0
2023-12-11,W006,21.3,0.2,0
2023-12-12,W006,23.7,0.3,0
2023-12-13,W006,24.0,7.6,0
2023-12-14,W006,21.9,2.2,0
2023-12-15,W006,26.3,2.1,0
2023-12-16,W006,24.4,4.8,0
2023-12-17,W006,26.0,0.9,0
2023-12-18,W006,20.2,4.4,0
2023-12-19,W006,23.1,3.8,0
2023-12-20,W006,27.3,2.8,0
2023-12-21,W006,20.8,4.8,0
2023-12-22,W006,21.8,9.2,0
2023-12-23,W006,22.8,0.4,0
2023-12-24,W006,21.5,2.3,0
2023-12-25,W006,26.2,0.5,0
2023-12-26,W006,23.6,0.2,0
2023-12-27,W006,23.7,4.0,0
2023-12-28,W006,23.3,2.9,0
2023-12-29,W006,23.0,1.0,0
2023-12-30,W006,25.1,0.1,0
2023-12-31,W006,31.6,1.0,0
2024-01-01,W006,22.5,0.6,0
2024-01-02,W006,31.5,1.2,0
2024-01-03,W006,31.8,0.1,0
2024-01-04,W006,28.3,1.4,0
2024-01-05,W006,30.7,3.4,0
2024-01-06,W006,23.1,0.6,0
2024-01-07,W006,28.7,0.0,0
2024-01-08,W006,25.6,2.3,0
2024-01-09,W006,27.9,4.3,0
2024-01-10,W006,24.2,2.3,0
2024-01-11,W006,32.1,0.5,0
2024-01-12,W006,29.7,0.1,0
2024-01-13,W006,28.0,1.0,0
2024-01-14,W006,26.5,0.1,0
2024-01-15,W006,31.9,4.9,0
2024-01-16,W006,28.1,4.2,0
2024-01-17,W006,31.3,1.2,0
2024-01-18,W006,34.0,0.7,0
2024-01-19,W006,26.8,0.2,0
2024-01-20,W006,26.3,1.3,0
2024-01-21,W006,29.8,1.0,0
2024-01-22,W006,32.5,0.6,0
2024-01-23,W006,28.4,1.5,0
2024-01-24,W006,26.9,1.5,0
2024-01-25,W006,33.5,0.7,0
2024-01-26,W006,31.4,2.5,0
2024-01-27,W006,30.1,1.3,0
2024-01-28,W006,33.9,2.2,0
2024-01-29,W006,29.3,6.0,0
2024-01-30,W006,30.1,3.2,0
2024-01-31,W006,33.2,13.2,0
2024-02-01,W006,31.6,0.5,0
2024-02-02,W006,33.3,3.9,0
2024-02-03,W006,32.0,4.5,0
2024-02-04,W006,33.2,1.4,0
2024-02-05,W006,39.5,1.5,0
2024-02-06,W006,33.0,0.7,0
2024-02-07,W006,29.7,2.3,0
2024-02-08,W006,29.1,1.1,0
2024-02-09,W006,37.9,2.8,0
2024-02-10,W006,30.9,1.3,0
2024-02-11,W006,33.2,1.3,0
2024-02-12,W006,34.2,3.1,0
2024-02-13,W006,29.7,2.6,0
2024-02-14,W006,31.8,0.5,0
2024-02-15,W006,33.6,2.0,0
2024-02-16,W006,35.3,0.7,0
2024-02-17,W006,41.5,0.1,0
2024-02-18,W006,30.7,8.2,0
2024-02-19,W006,32.0,2.6,0
2024-02-20,W006,36.0,0.5,0
2024-02-21,W006,34.7,3.2,0
2024-02-22,W006,36.2,1.3,0
2024-02-23,W006,41.7,0.3,0
2024-02-24,W006,32.4,5.0,0
2024-02-25,W006,34.9,2.8,0
2024-02-26,W006,35.4,0.3,0
2024-02-27,W006,33.9,0.7,0
2024-02-28,W006,38.7,1.8,0
2024-02-29,W006,33.3,7.7,0
2024-03-01,W006,36.0,1.7,0
2024-03-02,W006,39.4,0.2,0
2024-03-03,W006,35.6,1.1,0
2024-03-04,W006,37.7,6.0,0
2024-03-05,W006,40.4,0.1,0
2024-03-06,W006,36.0,4.1,0
2024-03-07,W006,36.2,0.8,0
2024-03-08,W006,36.2,0.0,0
2024-03-09,W006,32.4,3.8,0
2024-03-10,W006,35.9,8.0,0
2024-03-11,W006,33.2,1.9,0
2024-03-12,W006,31.1,0.9,0
2024-03-13,W006,36.9,0.2,0
2024-03-14,W006,38.5,0.1,0
2024-03-15,W006,40.5,0.3,0
2024-03-16,W006,33.0,3.3,0
2024-03-17,W006,35.3,0.3,0
2024-03-18,W006,35.8,2.5,0
2024-03-19,W006,36.6,1.1,0
2024-03-20,W006,34.0,1.3,0
2024-03-21,W006,39.0,0.5,0
2024-03-22,W006,36.7,0.7,0
2024-03-23,W006,38.4,1.8,0
2024-03-24,W006,35.1,6.8,0
2024-03-25,W006,33.3,1.0,0
2024-03-26,W006,33.7,0.1,0
2024-03-27,W006,39.0,0.0,0
2024-03-28,W006,39.4,3.8,0
2024-03-29,W006,38.4,2.3,0
2024-03-30,W006,35.8,3.8,0
2024-03-31,W006,39.0,1.8,0
2024-04-01,W006,34.6,0.3,0
2024-04-02,W006,32.7,3.3,0
2024-04-03,W006,36.4,3.2,0
2024-04-04,W006,40.2,6.3,0
2024-04-05,W006,37.7,0.0,0
2024-04-06,W006,40.5,0.0,0
2024-04-07,W006,34.3,3.2,0
2024-04-08,W006,38.1,0.0,0
2024-04-09,W006,37.6,0.6,0
2024-04-10,W006,36.8,3.1,0
2024-04-11,W006,37.5,0.1,0
2024-04-12,W006,33.1,2.5,0
2024-04-13,W006,37.4,9.9,0
2024-04-14,W006,38.0,0.8,0
2024-04-15,W006,43.7,0.1,1
2024-04-16,W006,31.5,0.8,0
2024-04-17,W006,39.9,1.4,0
2024-04-18,W006,39.2,1.0,0
2024-04-19,W006,38.0,4.2,0
2024-04-20,W006,33.7,1.9,0
2024-04-21,W006,33.2,10.4,0
2024-04-22,W006,33.9,1.6,0
2024-04-23,W006,36.7,1.6,0
2024-04-24,W006,32.2,0.6,0
2024-04-25,W006,35.3,1.8,0
2024-04-26,W006,34.4,1.5,0
2024-04-27,W006,40.5,3.2,0
2024-04-28,W006,37.3,0.5,0
2024-04-29,W006,32.2,3.6,0
2024-04-30,W006,30.7,0.1,0
2024-05-01,W006,32.8,0.3,0
2024-05-02,W006,36.0,3.1,0
2024-05-03,W006,39.7,6.9,0
2024-05-04,W006,35.4,0.3,0
2024-05-05,W006,39.0,0.0,0
2024-05-06,W006,31.8,0.7,0
2024-05-07,W006,36.5,1.2,0
2024-05-08,W006,36.4,0.6,0
2024-05-09,W006,34.5,2.0,0
2024-05-10,W006,34.1,0.8,0
2024-05-11,W006,29.3,5.9,0
2024-05-12,W006,37.3,0.4,0
2024-05-13,W006,37.4,1.5,0
2024-05-14,W006,33.3,0.0,0
2024-05-15,W006,31.9,2.4,0
2024-05-16,W006,35.6,1.2,0
2024-05-17,W006,40.0,0.1,0
2024-05-18,W006,30.3,0.7,0
2024-05-19,W006,34.1,1.3,0
2024-05-20,W006,30.2,2.9,0
2024-05-21,W006,30.4,0.5,0
2024-05-22,W006,34.5,0.1,0
2024-05-23,W006,30.8,5.5,0
2024-05-24,W006,32.5,0.1,0
2024-05-25,W006,34.1,0.0,0
2024-05-26,W006,27.0,12.1,0
2024-05-27,W006,32.0,0.7,0
2024-05-28,W006,30.6,0.9,0
2024-05-29,W006,29.5,1.1,0
2024-05-30,W006,39.5,0.6,0
2024-05-31,W006,33.5,0.7,0
2024-06-01,W006,26.2,1.3,0
2024-06-02,W006,31.6,1.4,0
2024-06-03,W006,30.4,0.1,0
2024-06-04,W006,31.0,1.0,0
2024-06-05,W006,28.7,0.2,0
2024-06-06,W006,32.1,0.1,0
2024-06-07,W006,32.2,3.9,0
2024-06-08,W006,30.7,0.9,0
2024-06-09,W006,28.6,1.1,0
2024-06-10,W006,26.0,1.8,0
2024-06-11,W006,33.8,7.0,0
2024-06-12,W006,31.9,4.3,0
2024-06-13,W006,30.2,1.8,0
2024-06-14,W006,29.4,0.2,0
2024-06-15,W006,26.2,0.5,0
2024-06-16,W006,29.4,2.5,0
2024-06-17,W006,25.2,0.6,0
2024-06-18,W006,33.3,3.0,0
2024-06-19,W006,24.6,0.6,0
2024-06-20,W006,30.0,1.4,0
2024-06-21,W006,28.8,1.3,0
2024-06-22,W006,31.2,1.5,0
2024-06-23,W006,27.9,1.1,0
2024-06-24,W006,27.8,1.6,0
2024-06-25,W006,28.1,5.2,0
2024-06-26,W006,24.4,0.4,0
2024-06-27,W006,29.9,6.9,0
2024-06-28,W006,25.7,0.6,0
2024-06-29,W006,21.9,1.7,0
2024-06-30,W006,29.5,1.4,0
2024-07-01,W006,31.3,1.5,0
2024-07-02,W006,32.7,0.9,0
2024-07-03,W006,24.3,9.9,0
2024-07-04,W006,21.8,2.2,0
2024-07-05,W006,22.6,0.3,0
2024-07-06,W006,30.6,4.2,0
2024-07-07,W006,22.9,4.9,0
2024-07-08,W006,23.2,0.7,0
2024-07-09,W006,22.6,8.1,0
2024-07-10,W006,28.3,2.3,0
2024-07-11,W006,28.0,5.0,0
2024-07-12,W006,21.6,3.6,0
2024-07-13,W006,26.3,1.8,0
2024-07-14,W006,20.4,0.3,0
2024-07-15,W006,30.9,2.1,0
2024-07-16,W006,24.8,3.0,0
2024-07-17,W006,24.6,3.9,0
2024-07-18,W006,20.0,0.2,0
2024-07-19,W006,27.3,3.5,0
2024-07-20,W006,21.4,2.8,0
2024-07-21,W006,26.3,5.6,0
2024-07-22,W006,22.4,14.4,0
2024-07-23,W006,20.2,2.7,0
2024-07-24,W006,23.6,1.8,0
2024-07-25,W006,21.4,1.6,0
2024-07-26,W006,25.6,0.1,0
2024-07-27,W006,20.7,0.7,0
2024-07-28,W006,21.6,1.7,0
2024-07-29,W006,22.3,1.2,0
2024-07-30,W006,20.1,11.3,0
2024-07-31,W006,17.6,0.5,0
2024-08-01,W006,14.3,10.2,0
2024-08-02,W006,17.3,0.1,0
2024-08-03,W006,18.0,4.6,0
2024-08-04,W006,20.2,1.4,0
2024-08-05,W006,24.5,4.2,0
2024-08-06,W006,22.0,0.3,0
2024-08-07,W006,20.5,2.8,0
2024-08-08,W006,24.5,7.1,0
2024-08-09,W006,19.9,1.9,0
2024-08-10,W006,20.8,3.2,0
2024-08-11,W006,22.1,1.4,0
2024-08-12,W006,21.6,0.2,0
2024-08-13,W006,20.6,0.2,0
2024-08-14,W006,21.4,6.8,0
2024-08-15,W006,19.9,12.0,0
2024-08-16,W006,25.5,7.4,0
2024-08-17,W006,15.8,1.0,0
2024-08-18,W006,19.6,3.3,0
2024-08-19,W006,20.7,3.4,0
2024-08-20,W006,18.4,0.3,0
2024-08-21,W006,14.6,1.3,0
2024-08-22,W006,19.7,0.9,0
2024-08-23,W006,15.2,8.0,0
2024-08-24,W006,20.6,3.3,0
2024-08-25,W006,16.6,3.4,0
2024-08-26,W006,14.0,6.2,0
2024-08-27,W006,16.1,1.5,0
2024-08-28,W006,21.2,1.4,0
2024-08-29,W006,19.8,0.6,0
2024-08-30,W006,17.6,2.7,0
2024-08-31,W006,15.7,1.8,0
2024-09-01,W006,14.8,1.5,0
2024-09-02,W006,18.1,0.8,0
2024-09-03,W006,14.7,5.1,0
2024-09-04,W006,16.2,2.8,0
2024-09-05,W006,18.4,2.1,0
2024-09-06,W006,18.6,1.7,0
2024-09-07,W006,18.1,6.0,0
2024-09-08,W006,16.2,0.2,0
2024-09-09,W006,19.9,2.6,0
2024-09-10,W006,24.5,0.4,0
2024-09-11,W006,17.6,4.6,0
2024-09-12,W006,12.7,0.3,0
2024-09-13,W006,16.6,0.7,0
2024-09-14,W006,18.6,4.5,0
2024-09-15,W006,10.6,0.6,0
2024-09-16,W006,16.7,0.3,0
2024-09-17,W006,14.9,3.7,0
2024-09-18,W006,22.0,3.6,0
2024-09-19,W006,26.3,1.7,0
2024-09-20,W006,18.7,0.5,0
2024-09-21,W006,17.9,3.5,0
2024-09-22,W006,17.0,0.1,0
2024-09-23,W006,13.5,5.3,0
2024-09-24,W006,17.8,1.6,0
2024-09-25,W006,21.1,5.9,0
2024-09-26,W006,23.7,1.7,0
2024-09-27,W006,14.9,1.1,0
2024-09-28,W006,15.4,0.3,0
2024-09-29,W006,12.2,1.0,0
2024-09-30,W006,16.0,0.5,0
2024-10-01,W006,18.2,1.1,0
2024-10-02,W006,16.9,1.5,0
2024-10-03,W006,14.1,2.9,0
2024-10-04,W006,10.2,4.3,0
2024-10-05,W006,17.7,0.2,0
2024-10-06,W006,15.4,7.7,0
2024-10-07,W006,18.2,3.6,0
2024-10-08,W006,19.2,0.6,0
2024-10-09,W006,14.3,0.1,0
2024-10-10,W006,19.8,1.1,0
2024-10-11,W006,22.3,8.2,0
2024-10-12,W006,15.3,0.3,0
2024-10-13,W006,17.6,0.3,0
2024-10-14,W006,16.3,2.6,0
2024-10-15,W006,13.0,2.6,0
2024-10-16,W006,15.1,5.3,0
2024-10-17,W006,16.2,1.1,0
2024-10-18,W006,16.7,1.5,0
2024-10-19,W006,18.4,1.3,0
2024-10-20,W006,14.5,5.2,0
2024-10-21,W006,12.7,0.5,0
2024-10-22,W006,18.6,7.2,0
2024-10-23,W006,20.6,0.8,0
2024-10-24,W006,17.1,0.5,0
2024-10-25,W006,18.3,2.2,0
2024-10-26,W006,14.7,2.5,0
2024-10-27,W006,21.5,2.4,0
2024-10-28,W006,18.9,0.5,0
2024-10-29,W006,16.4,5.1,0
2024-10-30,W006,12.8,0.9,0
2024-10-31,W006,19.2,0.9,0
2024-11-01,W006,20.5,0.6,0
2024-11-02,W006,19.9,1.4,0
2024-11-03,W006,16.7,1.6,0
2024-11-04,W006,13.3,4.4,0
2024-11-05,W006,15.0,1.5,0
2024-11-06,W006,18.1,3.0,0
2024-11-07,W006,17.0,0.2,0
2024-11-08,W006,21.1,3.9,0
2024-11-09,W006,22.6,0.4,0
2024-11-10,W006,23.4,0.5,0
2024-11-11,W006,14.0,0.5,0
2024-11-12,W006,19.5,0.8,0
2024-11-13,W006,20.3,0.9,0
2024-11-14,W006,16.4,4.6,0
2024-11-15,W006,14.6,0.3,0
2024-11-16,W006,26.4,3.2,0
2024-11-17,W006,20.3,1.6,0
2024-11-18,W006,18.0,1.0,0
2024-11-19,W006,24.8,2.0,0
2024-11-20,W006,22.2,3.1,0
2024-11-21,W006,21.8,1.2,0
2024-11-22,W006,20.1,0.6,0
2024-11-23,W006,18.1,2.8,0
2024-11-24,W006,17.9,0.5,0
2024-11-25,W006,21.4,7.5,0
2024-11-26,W006,22.2,2.1,0
2024-11-27,W006,25.2,0.4,0
2024-11-28,W006,20.2,0.2,0
2024-11-29,W006,18.7,0.2,0
2024-11-30,W006,25.4,0.9,0
2024-12-01,W006,22.6,0.5,0
2024-12-02,W006,18.5,2.0,0
2024-12-03,W006,20.1,3.1,0
2024-12-04,W006,23.7,0.1,0
2024-12-05,W006,21.5,0.4,0
2024-12-06,W006,31.4,1.7,0
2024-12-07,W006,26.1,1.0,0
2024-12-08,W006,25.3,1.4,0
2024-12-09,W006,19.4,0.1,0
2024-12-10,W006,26.0,1.6,0
2024-12-11,W006,23.0,1.6,0
2024-12-12,W006,23.6,2.5,0
2024-12-13,W006,20.7,1.4,0
2024-12-14,W006,25.4,2.1,0
2024-12-15,W006,24.6,8.4,0
2024-12-16,W006,22.7,1.4,0
2024-12-17,W006,21.8,0.1,0
2024-12-18,W006,30.3,0.3,0
2024-12-19,W006,24.0,0.9,0
2024-12-20,W006,20.1,3.5,0
2024-12-21,W006,24.5,1.5,0
2024-12-22,W006,25.0,2.0,0
2024-12-23,W006,24.0,0.6,0
2024-12-24,W006,21.0,2.1,0
2024-12-25,W006,27.9,1.3,0
2024-12-26,W006,27.2,0.4,0
2024-12-27,W006,28.6,2.1,0
2024-12-28,W006,22.5,0.5,0
2024-12-29,W006,31.2,1.6,0
2024-12-30,W006,25.2,1.4,0
2024-12-31,W006,28.8,1.4,0
2025-01-01,W006,23.0,4.3,0
2025-01-02,W006,27.1,2.2,0
2025-01-03,W006,21.6,6.8,0
2025-01-04,W006,24.8,0.4,0
2025-01-05,W006,24.6,0.7,0
2025-01-06,W006,24.2,3.9,0
2025-01-07,W006,29.1,1.9,0
2025-01-08,W006,26.9,0.8,0
2025-01-09,W006,31.5,1.9,0
2025-01-10,W006,21.6,0.0,0
2025-01-11,W006,29.2,0.5,0
2025-01-12,W006,30.5,1.8,0
2025-01-13,W006,32.1,0.4,0
2025-01-14,W006,27.8,0.4,0
2025-01-15,W006,23.7,3.1,0
2025-01-16,W006,29.2,6.9,0
2025-01-17,W006,24.6,3.5,0
2025-01-18,W006,33.4,7.4,0
2025-01-19,W006,34.0,1.4,0
2025-01-20,W006,27.9,1.4,0
2025-01-21,W006,26.8,0.2,0
2025-01-22,W006,31.1,3.7,0
2025-01-23,W006,30.7,1.0,0
2025-01-24,W006,31.7,3.4,0
2025-01-25,W006,27.2,2.5,0
2025-01-26,W006,29.4,1.1,0
2025-01-27,W006,30.8,1.7,0
2025-01-28,W006,29.9,3.4,0
2025-01-29,W006,32.8,0.5,0
2025-01-30,W006,32.3,0.0,0
2025-01-31,W006,32.3,2.2,0
2025-02-01,W006,34.2,1.7,0
2025-02-02,W006,33.1,2.2,0
2025-02-03,W006,28.7,0.9,0
2025-02-04,W006,29.4,1.0,0
2025-02-05,W006,28.1,2.7,0
2025-02-06,W006,30.7,1.1,0
2025-02-07,W006,35.7,4.5,0
2025-02-08,W006,31.5,6.2,0
2025-02-09,W006,33.5,0.9,0
2025-02-10,W006,33.2,2.4,0
2025-02-11,W006,31.3,2.5,0
2025-02-12,W006,33.7,0.4,0
2025-02-13,W006,37.0,5.4,0
2025-02-14,W006,35.4,5.2,0
2025-02-15,W006,29.9,0.3,0
2025-02-16,W006,33.3,1.2,0
2025-02-17,W006,29.2,0.4,0
2025-02-18,W006,37.2,1.1,0
2025-02-19,W006,38.2,0.2,0
2025-02-20,W006,38.2,2.8,0
2025-02-21,W006,35.5,1.9,0
2025-02-22,W006,28.7,0.9,0
2025-02-23,W006,31.9,0.7,0
2025-02-24,W006,34.0,2.0,0
2025-02-25,W006,31.6,0.0,0
2025-02-26,W006,28.8,1.6,0
2025-02-27,W006,32.9,0.9,0
2025-02-28,W006,42.4,1.5,1
2025-03-01,W006,38.4,1.4,0
2025-03-02,W006,33.2,3.7,0
2025-03-03,W006,31.4,0.1,0
2025-03-04,W006,32.5,0.1,0
2025-03-05,W006,35.9,7.9,0
2025-03-06,W006,36.6,2.2,0
2025-03-07,W006,36.6,2.3,0
2025-03-08,W006,35.8,0.5,0
2025-03-09,W006,37.0,0.0,0
2025-03-10,W006,38.6,1.8,0
2025-03-11,W006,33.2,6.8,0
2025-03-12,W006,38.0,0.3,0
2025-03-13,W006,33.1,2.4,0
2025-03-14,W006,35.7,8.2,0
2025-03-15,W006,39.9,1.4,0
2025-03-16,W006,40.2,2.5,0
2025-03-17,W006,34.3,3.3,0
2025-03-18,W006,35.0,0.3,0
2025-03-19,W006,36.0,1.7,0
2025-03-20,W006,38.7,3.3,0
2025-03-21,W006,42.4,1.2,1
2025-03-22,W006,35.3,1.8,0
2025-03-23,W006,40.2,2.4,0
2025-03-24,W006,35.1,0.5,0
2025-03-25,W006,39.5,0.5,0
2025-03-26,W006,35.1,1.8,0
2025-03-27,W006,35.1,3.9,0
2025-03-28,W006,40.3,2.5,0
2025-03-29,W006,36.7,1.0,0
2025-03-30,W006,35.9,0.1,0
2025-03-31,W006,36.5,0.8,0
2025-04-01,W006,37.3,0.5,0
2025-04-02,W006,35.8,0.1,0
2025-04-03,W006,36.3,7.5,0
2025-04-04,W006,37.1,1.7,0
2025-04-05,W006,34.4,1.5,0
2025-04-06,W006,35.6,8.8,0
2025-04-07,W006,33.7,2.5,0
2025-04-08,W006,39.4,0.4,0
2025-04-09,W006,39.8,1.8,0
2025-04-10,W006,34.2,1.0,0
2025-04-11,W006,36.1,0.6,0
2025-04-12,W006,35.0,3.6,0
2025-04-13,W006,38.5,1.5,0
2025-04-14,W006,37.9,0.9,0
2025-04-15,W006,39.0,0.8,0
2025-04-16,W006,39.2,1.9,0
2025-04-17,W006,39.9,2.5,0
2025-04-18,W006,37.9,3.0,0
2025-04-19,W006,35.2,0.6,0
2025-04-20,W006,39.7,1.0,0
2025-04-21,W006,37.5,1.7,0
2025-04-22,W006,31.0,1.2,0
2025-04-23,W006,37.0,1.5,0
2025-04-24,W006,31.4,2.2,0
2025-04-25,W006,32.9,1.6,0
2025-04-26,W006,34.6,4.7,0
2025-04-27,W006,34.3,1.2,0
2025-04-28,W006,36.2,0.6,0
2025-04-29,W006,36.5,2.0,0
2025-04-30,W006,38.3,1.9,0
2025-05-01,W006,31.7,1.2,0
2025-05-02,W006,29.9,1.9,0
2025-05-03,W006,32.5,0.7,0
2025-05-04,W006,36.0,0.2,0
2025-05-05,W006,38.9,0.1,0
2025-05-06,W006,36.1,8.3,0
2025-05-07,W006,37.0,1.1,0
2025-05-08,W006,31.9,3.5,0
2025-05-09,W006,34.3,2.2,0
2025-05-10,W006,41.2,0.7,0
2025-05-11,W006,35.1,2.2,0
2025-05-12,W006,36.8,2.6,0
2025-05-13,W006,34.6,1.0,0
2025-05-14,W006,33.4,1.4,0
2025-05-15,W006,38.2,1.7,0
2025-05-16,W006,37.0,3.9,0
2025-05-17,W006,33.0,0.1,0
2025-05-18,W006,36.5,1.1,0
2025-05-19,W006,34.2,0.3,0
2025-05-20,W006,34.9,0.6,0
2025-05-21,W006,29.5,6.8,0
2025-05-22,W006,32.5,0.4,0
2025-05-23,W006,31.0,3.3,0
2025-05-24,W006,32.5,2.5,0
2025-05-25,W006,32.3,4.6,0
2025-05-26,W006,32.1,8.6,0
2025-05-27,W006,26.8,0.8,0
2025-05-28,W006,28.3,8.0,0
2025-05-29,W006,31.1,0.1,0
2025-05-30,W006,31.1,1.1,0
2025-05-31,W006,31.9,3.3,0
2025-06-01,W006,37.4,0.1,0
2025-06-02,W006,30.4,2.2,0
2025-06-03,W006,40.6,0.9,0
2025-06-04,W006,33.3,1.2,0
2025-06-05,W006,27.0,0.4,0
2025-06-06,W006,32.9,0.2,0
2025-06-07,W006,29.7,2.0,0
2025-06-08,W006,31.5,1.5,0
2025-06-09,W006,28.8,2.5,0
2025-06-10,W006,26.2,0.3,0
2025-06-11,W006,31.7,2.6,0
2025-06-12,W006,27.7,1.6,0
2025-06-13,W006,29.5,1.4,0
2025-06-14,W006,29.7,0.4,0
2025-06-15,W006,26.8,1.8,0
2025-06-16,W006,27.6,0.5,0
2025-06-17,W006,27.1,3.0,0
2025-06-18,W006,26.8,3.7,0
2025-06-19,W006,24.7,4.0,0
2025-06-20,W006,30.4,0.9,0
2025-06-21,W006,27.1,1.0,0
2025-06-22,W006,33.8,1.2,0
2025-06-23,W006,32.4,1.1,0
2025-06-24,W006,30.1,0.2,0
2025-06-25,W006,26.5,2.2,0
2025-06-26,W006,21.1,4.0,0
2025-06-27,W006,22.3,1.3,0
2025-06-28,W006,26.2,0.7,0
2025-06-29,W006,20.6,1.3,0
2025-06-30,W006,29.1,1.3,0
2025-07-01,W006,30.0,0.9,0
2025-07-02,W006,23.6,1.8,0
2025-07-03,W006,30.7,1.2,0
2025-07-04,W006,26.5,5.4,0
2025-07-05,W006,25.9,1.4,0
2025-07-06,W006,22.2,1.2,0
2025-07-07,W006,26.8,1.9,0
2025-07-08,W006,25.3,0.1,0
2025-07-09,W006,29.7,6.2,0
2025-07-10,W006,26.0,0.5,0
2025-07-11,W006,25.0,3.0,0
2025-07-12,W006,20.7,0.3,0
2025-07-13,W006,22.8,5.5,0
2025-07-14,W006,22.6,1.0,0
2025-07-15,W006,26.7,0.2,0
2025-07-16,W006,23.4,3.5,0
2025-07-17,W006,28.0,0.1,0
2025-07-18,W006,23.4,14.8,0
2025-07-19,W006,25.8,0.2,0
2025-07-20,W006,23.3,2.1,0
2025-07-21,W006,18.6,2.2,0
2025-07-22,W006,21.7,5.7,0
2025-07-23,W006,22.8,0.9,0
2025-07-24,W006,23.7,1.6,0
2025-07-25,W006,23.0,0.5,0
2025-07-26,W006,23.7,0.5,0
2025-07-27,W006,19.6,3.9,0
2025-07-28,W006,20.7,14.2,0
2025-07-29,W006,21.1,3.3,0
2025-07-30,W006,21.5,4.2,0
2025-07-31,W006,23.8,2.0,0
2025-08-01,W006,23.4,2.6,0
2025-08-02,W006,18.8,1.7,0
2025-08-03,W006,20.6,1.3,0
2025-08-04,W006,19.0,2.0,0
2025-08-05,W006,22.4,2.4,0
2025-08-06,W006,24.2,0.2,0
2025-08-07,W006,16.8,0.8,0
2025-08-08,W006,17.0,4.5,0
2025-08-09,W006,16.0,2.0,0
2025-08-10,W006,19.8,0.8,0
2025-08-11,W006,20.0,1.5,0
2025-08-12,W006,21.3,4.1,0
2025-08-13,W006,19.4,4.7,0
2025-08-14,W006,21.8,6.1,0
2025-08-15,W006,18.6,7.7,0
2025-08-16,W006,20.0,5.0,0
2025-08-17,W006,20.5,4.7,0
2025-08-18,W006,22.5,5.9,0
2025-08-19,W006,20.1,0.9,0
2025-08-20,W006,22.9,5.8,0
2025-08-21,W006,23.1,3.5,0
2025-08-22,W006,23.3,2.1,0
2025-08-23,W006,14.0,5.3,0
2025-08-24,W006,18.8,0.4,0
2025-08-25,W006,16.7,1.4,0
2025-08-26,W006,22.3,1.2,0
2025-08-27,W006,19.8,3.2,0
2025-08-28,W006,22.4,4.6,0
2025-08-29,W006,23.7,3.2,0
2025-08-30,W006,18.9,0.2,0
2025-08-31,W006,17.1,1.1,0
2025-09-01,W006,21.8,0.2,0
2025-09-02,W006,19.0,1.7,0
2025-09-03,W006,9.1,0.2,0
2025-09-04,W006,15.2,1.7,0
2025-09-05,W006,19.2,0.0,0
2025-09-06,W006,14.5,1.7,0
2025-09-07,W006,19.3,2.1,0
2025-09-08,W006,15.3,0.4,0
2025-09-09,W006,18.7,0.8,0
2025-09-10,W006,12.8,0.1,0
2025-09-11,W006,16.4,8.0,0
2025-09-12,W006,13.4,0.6,0
2025-09-13,W006,18.8,0.8,0
2025-09-14,W006,20.7,3.8,0
2025-09-15,W006,16.6,1.5,0
2025-09-16,W006,19.7,1.5,0
2025-09-17,W006,16.8,5.5,0
2025-09-18,W006,16.9,3.5,0
2025-09-19,W006,17.2,0.3,0
2025-09-20,W006,18.7,0.8,0
2025-09-21,W006,20.1,5.2,0
2025-09-22,W006,20.6,2.2,0
2025-09-23,W006,22.0,6.3,0
2025-09-24,W006,17.4,1.3,0
2025-09-25,W006,16.9,1.0,0
2025-09-26,W006,17.1,2.4,0
2025-09-27,W006,14.8,5.5,0
2025-09-28,W006,19.8,0.5,0
2025-09-29,W006,21.2,2.5,0
2025-09-30,W006,12.8,2.1,0
2025-10-01,W006,15.7,2.6,0
2025-10-02,W006,18.8,1.5,0
2025-10-03,W006,12.3,1.7,0
2025-10-04,W006,13.2,0.7,0
2025-10-05,W006,21.3,0.7,0
2025-10-06,W006,17.4,2.8,0
2025-10-07,W006,10.2,1.6,0
2025-10-08,W006,15.4,1.4,0
2025-10-09,W006,17.4,3.1,0
2025-10-10,W006,15.2,0.4,0
2025-10-11,W006,13.3,4.1,0
2025-10-12,W006,19.5,1.3,0
2025-10-13,W006,17.0,2.3,0
2025-10-14,W006,16.2,2.7,0
2025-10-15,W006,13.1,1.8,0
2025-10-16,W006,10.8,0.4,0
2025-10-17,W006,16.2,1.0,0
2025-10-18,W006,18.2,0.8,0
2025-10-19,W006,16.0,2.8,0
2025-10-20,W006,14.6,1.4,0
2025-10-21,W006,16.4,3.6,0
2025-10-22,W006,19.6,0.1,0
2025-10-23,W006,13.5,2.6,0
2025-10-24,W006,16.0,1.5,0
2025-10-25,W006,18.5,1.6,0
2025-10-26,W006,16.5,0.2,0
2025-10-27,W006,21.1,2.4,0
2025-10-28,W006,16.8,3.0,0
2025-10-29,W006,16.1,0.2,0
2025-10-30,W006,17.1,2.4,0
2025-10-31,W006,23.7,0.5,0
2025-11-01,W006,24.8,1.8,0
2025-11-02,W006,22.3,5.1,0
2025-11-03,W006,15.2,0.3,0
2025-11-04,W006,19.4,2.7,0
2025-11-05,W006,20.4,0.3,0
2025-11-06,W006,17.8,1.2,0
2025-11-07,W006,20.5,3.3,0
2025-11-08,W006,15.9,1.0,0
2025-11-09,W006,22.7,1.3,0
2025-11-10,W006,20.5,0.2,0
2025-11-11,W006,16.3,5.8,0
2025-11-12,W006,23.4,0.4,0
2025-11-13,W006,20.5,7.0,0
2025-11-14,W006,21.1,5.3,0
2025-11-15,W006,25.4,1.2,0
2025-11-16,W006,16.4,1.8,0
2025-11-17,W006,21.2,2.2,0
2025-11-18,W006,18.6,3.9,0
2025-11-19,W006,20.1,1.2,0
2025-11-20,W006,22.0,3.5,0
2025-11-21,W006,23.4,0.3,0
2025-11-22,W006,21.6,0.2,0
2025-11-23,W006,19.5,0.7,0
2025-11-24,W006,15.8,0.6,0
2025-11-25,W006,18.0,2.3,0
2025-11-26,W006,19.3,1.0,0
2025-11-27,W006,21.0,1.1,0
2025-11-28,W006,17.0,0.9,0
2025-11-29,W006,17.3,0.0,0
2025-11-30,W006,23.0,1.2,0
2025-12-01,W006,24.7,1.0,0
2025-12-02,W006,24.8,1.7,0
2025-12-03,W006,22.8,1.5,0
2025-12-04,W006,27.3,0.8,0
2025-12-05,W006,23.7,2.4,0
2025-12-06,W006,17.4,0.3,0
2025-12-07,W006,28.3,2.9,0
2025-12-08,W006,21.7,1.7,0
2025-12-09,W006,21.3,10.4,0
2025-12-10,W006,25.7,0.5,0
2025-12-11,W006,24.6,0.6,0
2025-12-12,W006,20.5,8.0,0
2025-12-13,W006,27.6,1.3,0
2025-12-14,W006,28.6,0.9,0
2025-12-15,W006,22.8,8.7,0
2025-12-16,W006,25.7,0.5,0
2025-12-17,W006,22.1,2.1,0
2025-12-18,W006,27.8,1.0,0
2025-12-19,W006,23.0,0.2,0
2025-12-20,W006,24.8,0.4,0
2025-12-21,W006,23.8,3.2,0
2025-12-22,W006,28.0,1.0,0
2025-12-23,W006,22.9,0.1,0
2025-12-24,W006,35.0,0.2,0
2025-12-25,W006,29.1,3.8,0
2025-12-26,W006,24.8,0.9,0
2025-12-27,W006,29.4,3.3,0
2025-12-28,W006,29.1,0.5,0
2025-12-29,W006,27.0,0.4,0
2025-12-30,W006,28.0,1.2,0
2025-12-31,W006,26.1,1.0,0
